-- phpMyAdmin SQL Dump
-- version 4.9.5
-- https://www.phpmyadmin.net/
--
-- Host: localhost:3306
-- Waktu pembuatan: 15 Jan 2021 pada 21.20
-- Versi server: 5.7.31-log-cll-lve
-- Versi PHP: 7.3.6

SET SQL_MODE = "NO_AUTO_VALUE_ON_ZERO";
SET AUTOCOMMIT = 0;
START TRANSACTION;
SET time_zone = "+00:00";


/*!40101 SET @OLD_CHARACTER_SET_CLIENT=@@CHARACTER_SET_CLIENT */;
/*!40101 SET @OLD_CHARACTER_SET_RESULTS=@@CHARACTER_SET_RESULTS */;
/*!40101 SET @OLD_COLLATION_CONNECTION=@@COLLATION_CONNECTION */;
/*!40101 SET NAMES utf8mb4 */;

--
-- Database: `internal_nutrilo`
--

-- --------------------------------------------------------

--
-- Struktur dari tabel `account_bank`
--

CREATE TABLE `account_bank` (
  `id` int(11) NOT NULL,
  `name` varchar(30) NOT NULL,
  `bank_name` varchar(30) NOT NULL,
  `number` varchar(50) NOT NULL,
  `created_time` timestamp NOT NULL DEFAULT CURRENT_TIMESTAMP
) ENGINE=InnoDB DEFAULT CHARSET=latin1;

--
-- Dumping data untuk tabel `account_bank`
--

INSERT INTO `account_bank` (`id`, `name`, `bank_name`, `number`, `created_time`) VALUES
(1, 'Hanif Salafi', 'OVO', '082369433456', '2020-10-30 06:07:54'),
(2, 'Gio Justisia Batubara', 'BNI', '0443758197', '2020-10-30 06:07:54'),
(3, 'Ihfan Fajar Satria', 'Mandiri', '1050012000935', '2020-10-30 06:08:09');

-- --------------------------------------------------------

--
-- Struktur dari tabel `address`
--

CREATE TABLE `address` (
  `id` int(11) NOT NULL,
  `address` longtext NOT NULL,
  `delivery_date` varchar(35) NOT NULL,
  `delivery_time` varchar(35) NOT NULL,
  `delivery_notes` varchar(255) NOT NULL,
  `transaction_id` int(11) NOT NULL,
  `user_id` int(11) NOT NULL,
  `created_time` timestamp NOT NULL DEFAULT CURRENT_TIMESTAMP ON UPDATE CURRENT_TIMESTAMP
) ENGINE=InnoDB DEFAULT CHARSET=latin1 ROW_FORMAT=COMPACT;

-- --------------------------------------------------------

--
-- Struktur dari tabel `catering_buyer`
--

CREATE TABLE `catering_buyer` (
  `id` int(11) NOT NULL,
  `name` varchar(100) NOT NULL,
  `phone` varchar(20) NOT NULL,
  `address` longtext NOT NULL,
  `latlong` varchar(50) DEFAULT NULL,
  `order_batch_id` int(11) NOT NULL,
  `order_package_id` int(10) NOT NULL,
  `quantity` int(10) DEFAULT NULL,
  `nutritional_needs` longtext,
  `payment_to` int(11) NOT NULL,
  `payment_amount` varchar(15) NOT NULL,
  `payment_date` varchar(30) DEFAULT NULL,
  `batch_start_id` int(11) DEFAULT NULL,
  `day_start` int(11) DEFAULT NULL,
  `batch_end_id` int(11) DEFAULT NULL,
  `day_end` int(11) DEFAULT NULL,
  `notes` longtext,
  `driver_notes` longtext,
  `is_active` tinyint(1) NOT NULL DEFAULT '1',
  `created_time` timestamp NULL DEFAULT CURRENT_TIMESTAMP
) ENGINE=InnoDB DEFAULT CHARSET=latin1;

--
-- Dumping data untuk tabel `catering_buyer`
--

INSERT INTO `catering_buyer` (`id`, `name`, `phone`, `address`, `latlong`, `order_batch_id`, `order_package_id`, `quantity`, `nutritional_needs`, `payment_to`, `payment_amount`, `payment_date`, `batch_start_id`, `day_start`, `batch_end_id`, `day_end`, `notes`, `driver_notes`, `is_active`, `created_time`) VALUES
(4, 'Hanif', '980673956312', 'jl. Eka surya gg. Sidodadi', '3.509716, 98.668250', 1, 2, 1, 'lest salt', 2, '220000', NULL, 1, 1, 2, 5, '-', '-', 1, '2020-12-07 05:24:23'),
(6, 'gio justisia', '0823123456', 'jalan darat', '3.5393702,98.654413', 1, 3, 2, 'tidak ada', 1, '1000000', NULL, 1, 1, 2, 5, '-', '-', 1, '2020-12-07 05:24:23'),
(7, 'topik', '8735612', 'darat', '3.5254106,98.5958557', 1, 1, 1, 'asdas', 1, '239000', NULL, 1, 1, 1, 5, '12313', '-', 1, '2020-12-07 05:24:23'),
(8, 'Johan', '0823232', 'Jl. Raden Saleh Dalam No. 10', '3.589529, 98.677090', 1, 2, 1, '-', 1, '222000', NULL, 1, 1, 1, 5, '-', '-', 1, '2020-12-07 05:24:23'),
(9, 'Cheria', '0823232328047', 'BCA KCP ASIA', '3.584493, 98.691076', 1, 1, 1, '-', 1, '220000', NULL, 1, 1, 1, 5, '-', '-', 1, '2020-12-07 05:24:23'),
(10, 'Silvi', '87396854234', 'BCA JW', '3.596260, 98.676106', 1, 1, 1, '-', 1, '222000', NULL, 1, 1, 1, 5, '-', '-', 1, '2020-12-07 05:24:23'),
(11, 'Vivi', '0872323232', 'Mutiara Palace', '3.610331, 98.711799', 1, 1, 1, '-', 1, '220000', NULL, 1, 1, 1, 5, '-', '-', 1, '2020-12-07 05:24:23'),
(12, 'Puspita', '08232327953', 'Jl Seroja Raya No 144', '3.528434, 98.602867', 1, 1, 1, '-', 1, '220000', NULL, 1, 1, 1, 5, '-', '-', 1, '2020-12-07 05:24:23'),
(13, 'Ella', '082323713', 'VIlla Gading Mas 2', '3.533680, 98.697001', 1, 1, 1, '-', 1, '220000', NULL, 1, 1, 1, 5, '-', '-', 1, '2020-12-07 05:24:23'),
(14, 'Sinar irwansyah', '081377361145', 'Jl. Karya sehati no. 24', '3.530639, 98.671111', 2, 2, 1, 'Diabetes + asam urat. Karbo < 100gr, protein < 60gr. HARAM JEROAN. Kurangi kacang2an dan turunannya (tauge tempe dll)', 1, '195000', NULL, 2, 3, 3, 2, '', '-', 1, '2020-12-07 05:24:23'),
(15, 'Adriany Hasibuan 1', '082368682675', 'Jl.Bunga Ester No.64d Psr VI P.Bulan (rumahnya pas di depan gereja katolik St.Fransiskus)', '3.544960, 98.651088', 2, 3, 1, '-', 2, '1845000', NULL, 1, 5, 6, 4, 'Ada MAAGH sebelum jam 6 Dinner', '-', 1, '2020-12-07 05:24:23'),
(16, 'Levana', '087869722124', 'Jl. Emas no. 18/30, sei rengas II', '3.5847916, 98.6976904', 2, 1, 1, '-', 1, '22000', NULL, 2, 1, 2, 5, '-', '-', 1, '2020-12-07 05:24:23'),
(17, 'Debby Anggraini', '08126000357', 'Jl. Karya Jaya No. 146', '3.529349,98.676531', 2, 3, 1, 'Hipertensi + HAMIL. Less salt, less magic, less kecap yang asin. WARNING! Kalo perlu yg lain ngikut yg ini daripada yg ini ngikut yg lain!', 1, '395000', NULL, 2, 1, 2, 5, '-', '-', 1, '2020-12-07 05:24:23'),
(19, 'Cheria Lunch', '081262943669', '(LUNCH) BCA ASIA SIMPANG LAMPUNG (samping bank UOB) jl. Asia no 184D titip satpam', '3.584527,98.691058', 2, 6, 1, 'NO BEEF', 2, '1450000', NULL, 2, 1, 5, 5, 'LUNCH titip satpam. Harus sampe sebelum 11.45 !!', '-', 1, '2020-12-07 05:24:23'),
(20, 'Cheria Dinner', '081262943669', '(Dinner) Jl. Puri Gg. K Alimun no 28/59B (masuk gang, mentok belok kiri)', '3.578560,98.688845', 2, 6, 1, 'NO BEEF', 3, '0', NULL, 2, 1, 5, 5, '-', '-', 1, '2020-12-07 05:24:23'),
(21, 'Pipin Lubis', '081375876869', 'Alamat Pengiriman:jl flamboyan raya,kompleks taman asoka asri blok E no 21', '3.5487250, 98.6173930', 2, 3, 1, 'Diabetes insulin. Kecap + gula max 2 sendok makan.', 2, '395000', NULL, 2, 1, 2, 5, '-', '-', 1, '2020-12-07 05:24:23'),
(23, 'Vivita jansen', '082170287017', 'Komplek mutiara palace blok DD-33A', '3.610491,98.711592', 2, 2, 2, '-', 3, '0', NULL, 2, 1, 3, 5, '-', '-', 1, '2020-12-07 05:24:23'),
(24, 'Ariki', '08116567718', 'asia mega mas blok H no.1', '3.585245,98.703028', 2, 3, 1, '-', 2, '395000', NULL, 2, 2, 3, 1, '-', '-', 1, '2020-12-07 05:24:23'),
(25, 'Ella ', '085270376755', 'Komplek villa gading mas 2 blok DD.17', '3.533581,98.697020', 2, 3, 1, 'Hipertensi = less Salt, less magic, less kecap yg ', 2, '0', NULL, 2, 1, 2, 1, 'Tanya kelanjutan Senin malam', '-', 1, '2020-12-07 05:24:23'),
(26, 'Angelia', '08116547912', 'Jl. Tembakau Deli No 2N (Masuk di sbelah jalan Graha Merah Putih)', '3.592226,98.674562', 2, 4, 1, '-', 2, '0', NULL, 1, 1, 5, 2, '-', '-', 1, '2020-12-07 05:24:23'),
(27, 'Aurora', '081376660608', 'jln harmonika baru no.110 pasar 1 padang bulan medan selayang 20135 ( depan J&M coffee). Menu: lunch + dinner weekely.', '3.555143,98.649645', 2, 3, 1, '-', 2, '0', NULL, 1, 1, 1, 1, 'Tanya kelanjutan selasa', '-', 1, '2020-12-07 05:24:23'),
(28, 'Johan', '082366598888', 'Jl. Raden Saleh Dalam No. 10', '3.589318,98.677325', 2, 6, 1, '-', 1, '1450000', NULL, 2, 1, 5, 5, '-', '-', 1, '2020-12-07 05:24:23'),
(29, 'Cathy', '08116311184', 'jl pasar 1 gg polonia no.88 (rumah putih ujung)', '3.558715,98.629152', 2, 3, 1, '-', 2, '395000', NULL, 2, 1, 2, 5, '-', '-', 1, '2020-12-07 05:24:23'),
(30, 'Clarissia', '08126038654', 'BCA Diponegoro', '3.584618,98.672817', 2, 1, 1, 'No Beef', 1, '200000', NULL, 2, 1, 2, 5, '-', '-', 1, '2020-12-07 05:24:23'),
(31, 'dr. Novia', '08118955385', 'Oyo medan city homestay / turki family spa jln dr mansyur no 81.', '3.567458,98.647036', 2, 2, 1, '-', 2, '0', NULL, 2, 1, 3, 1, 'Rabu pause. HARUS SAMPE KE TANGANNYA SEBELUM 17.30', '-', 1, '2020-12-07 05:24:23'),
(32, 'Silvina', '081263147071', 'BCA JW MARIOT', '3.596293,98.675918', 2, 1, 1, '-', 1, '220000', NULL, 2, 1, 2, 5, '-', '-', 1, '2020-12-07 05:24:23'),
(33, 'Amerinda', '085261684301', 'Jl. Kenanga sari No. 21 Pasar 6 Tj. Sari3', '3.561760,98.639896', 2, 1, 1, '-', 1, '195000', NULL, 2, 4, 3, 3, '-', '-', 1, '2020-12-07 05:24:23'),
(35, 'Ismah Amrina ', '081263751979', 'Jl besar Tembung masuk Jl balai umum No 5 Tembung', '3.594485,98.747070', 2, 3, 1, '-', 1, '176000', NULL, 2, 4, 2, 5, '-', '-', 1, '2020-12-07 05:24:23'),
(37, 'Minar sianipar', '085361456906', 'jl. Putri hijau no. 4 ( Kanwil kementerian hukum dan ham)', '3.594459,98.676219', 3, 4, 1, '-', 2, '795000', NULL, 3, 1, 6, 5, '-', '-', 1, '2020-12-07 05:24:23'),
(38, 'Adriany Hasibuan 2', '082368682675', 'Jl.Bunga Ester No.64d Psr VI P.Bulan (rumahnya pas di depan gereja katolik St.Fransiskus)', '3.545025,98.651143', 3, 3, 1, '', 2, '3950000', NULL, 3, 1, 3, 5, 'Ada MAAGH sebelum jam 6 Dinner', '-', 1, '2020-12-07 05:24:23'),
(39, 'Amerinda', '085261684301', 'Jl. Kenangq sari No. 21 Pasae 6 Tj. Sari ', '3.561753,98.639911', 3, 1, 1, '', 1, '0', NULL, 2, 4, 3, 3, '', '-', 0, '2020-12-07 05:24:23'),
(40, 'Silvina', '081263147074', 'BCA B&G tower (JW Mariot)', '3.596149,98.675886', 3, 1, 1, '', 1, '220000', NULL, 3, 1, 3, 5, '', '-', 1, '2020-12-07 05:24:23'),
(41, 'dr. Novia', '08118955385', 'Oyo medan city homestay / turki family spa jln dr mansyur no 81.', '3.567458,98.647036', 3, 2, 1, '', 3, '00', NULL, 2, 1, 3, 1, 'harus SAMPE TANGAN sebelum 17.30', '-', 0, '2020-12-07 05:24:23'),
(43, 'Johan', '082366598888', 'Jl. Raden Saleh Dalam No. 10', '3.589318,98.677325', 3, 3, 1, '', 1, '0', NULL, 2, 1, 5, 5, '', '-', 1, '2020-12-07 05:24:23'),
(44, 'Angelia', '08116547912', 'Jl. Tembakau Deli No 2N (Masuk di sbelah jalan Graha Merah Putih)', '3.592226,98.674562', 3, 1, 1, '', 2, '0', NULL, 2, 1, 5, 2, '', '-', 1, '2020-12-07 05:24:23'),
(45, 'Ariki', '08116567718', 'Asia mega mas blok H no.1', '3.585245,98.703028', 3, 3, 1, '', 1, '0', NULL, 2, 4, 3, 1, '', '-', 0, '2020-12-07 05:24:23'),
(46, 'Vivita jansen', '082170287017', 'Komplek mutiara palace blok DD-33A', '3.610491,98.711592', 3, 2, 2, '', 3, '0', NULL, 1, 1, 3, 5, '', '-', 1, '2020-12-07 05:24:23'),
(47, 'Cheria Dinner', '081262943669', '(Dinner) Jl. Puri Gg. K Alimun no 28/59B (masuk gang, mentok belok kiri)', '3.578560,98.688845', 3, 3, 1, 'NO BEEF', 1, '0', NULL, 2, 1, 5, 5, '', '-', 1, '2020-12-07 05:24:23'),
(48, 'Cheria Lunch', '081262943669', '(LUNCH) BCA ASIA SIMPANG LAMPUNG (samping bank UOB) jl. Asia no 184D titip satpam', '3.584527,98.691058', 3, 3, 1, 'NO BEEF', 2, '0', NULL, 2, 1, 5, 5, 'LUNCH titip satpam. Harus sampe sebelum 11.45 !!', '-', 1, '2020-12-07 05:24:23'),
(49, 'Debby anggraini', '08126000357', 'Jl. Karya Jaya No. 146', '3.529349,98.676531', 3, 3, 1, 'Hipertensi + HAMIL. Less salt, less magic, less kecap yang asin. WARNING! Kalo perlu yg lain ngikut yg ini daripada yg ini ngikut yg lain!', 1, '395000', NULL, 3, 1, 3, 5, '', '-', 1, '2020-12-07 05:24:23'),
(50, 'Adriany Hasibuan 1', '082368682675', 'Jl.Bunga Ester No.64d Psr VI P.Bulan (rumahnya pas di depan gereja katolik St.Fransiskus)', '3.544960, 98.651088', 3, 3, 1, '', 2, '0', NULL, 3, 4, 6, 5, 'Ada MAAGH sebelum jam 6 Dinner', '-', 1, '2020-12-07 05:24:23'),
(51, 'Sinar irwansyah', '081377361145', 'Jl. Karya sehati no. 24', '3.530639, 98.671111', 3, 2, 1, 'Diabetes + asam urat. Karbo < 100gr, protein < 60gr. HARAM JEROAN. Kurangi kacang2an dan turunannya (tauge tempe dll)', 1, '0', NULL, 2, 3, 3, 2, '', '-', 0, '2020-12-07 05:24:23'),
(52, 'Aldila hilma', '085261951500', 'Jl.M. Idris no 47', '3.596292,98.659113', 3, 3, 1, '', 1, '395000', NULL, 3, 1, 3, 5, 'Dinner sebelum jam 6. Intermitten fasting', '-', 1, '2020-12-07 05:24:23'),
(59, 'dr. Novia', '08118955385', 'Oyo medan city homestay / turki family spa jln dr mansyur no 81.', '3.567458,98.647036', 3, 5, 1, '-', 1, '795000', NULL, 3, 2, 7, 4, 'Skip tanggal 13,17,26 november. Harus SAMPE TANGAN sebelum 17.30.', '-', 1, '2020-12-07 05:24:23'),
(64, 'Elisa', '081370639555', 'Jl pukat banting 5 no 11b', '3.594644,98.712990', 3, 1, 1, '', 1, '195000', NULL, 3, 4, 4, 3, '', '', 1, '2020-12-07 05:24:23'),
(65, 'Elisa', '081370639555', 'Jalan pukat banting 5 no 11b', '3.594644,98.712990', 4, 1, 1, '', 1, '0', NULL, 3, 4, 4, 3, '', '', 0, '2020-12-07 05:24:23'),
(66, 'dr. Novia', '08118955385', 'Oyo medan city homestay / turki family spa jln dr mansyur no 81.', '3.567458,98.647036', 4, 5, 1, '-', 1, '0', NULL, 3, 2, 7, 4, 'Skip tanggal 13,17,26 november.', '-Harus SAMPE TANGAN sebelum 17.30.', 1, '2020-12-07 05:24:23'),
(67, 'dr. Novia', '08118955385', 'Oyo medan city homestay / turki family spa jln dr mansyur no 81.', '3.567458,98.647036', 5, 5, 1, '-', 1, '0', NULL, 3, 2, 7, 4, 'Skip tanggal 13,17,26 november.', '-Harus SAMPE TANGAN sebelum 17.30.', 1, '2020-12-07 05:24:23'),
(68, 'dr. Novia', '08118955385', 'Oyo medan city homestay / turki family spa jln dr mansyur no 81.', '3.567458,98.647036', 6, 5, 1, '-', 1, '0', '', 3, 2, 7, 4, 'Skip tanggal 13,17,26 november.', '-Harus SAMPE TANGAN sebelum 17.30.', 1, '2020-12-07 05:24:23'),
(69, 'dr. Novia', '08118955385', 'Oyo medan city homestay / turki family spa jln dr mansyur no 81.', '3.567458,98.647036', 7, 5, 1, 'SAYUR NYA MINTA DIBANYAKIN', 1, '0', '', 3, 2, 7, 4, 'Skip tanggal 13,17,26 november.Skip 8,16,24 desember', '-Harus SAMPE TANGAN sebelum 17.30.', 1, '2020-12-07 05:24:23'),
(70, 'Adriany Hasibuan 1', '082368682675', 'Jl.Bunga Ester No.64d Psr VI P.Bulan (rumahnya pas di depan gereja katolik St.Fransiskus)', '3.544960, 98.651088', 4, 3, 1, '', 2, '0', NULL, 3, 4, 6, 5, 'Ada MAAGH sebelum jam 6 Dinner', '-sebelum jam 6 Dinner', 1, '2020-12-07 05:24:23'),
(71, 'Adriany Hasibuan 1', '082368682675', 'Jl.Bunga Ester No.64d Psr VI P.Bulan (rumahnya pas di depan gereja katolik St.Fransiskus)', '3.544960, 98.651088', 5, 3, 1, '', 2, '0', NULL, 3, 4, 6, 5, 'Ada MAAGH sebelum jam 6 Dinner', '-sebelum jam 6 Dinner', 1, '2020-12-07 05:24:23'),
(72, 'Adriany Hasibuan 1', '082368682675', 'Jl.Bunga Ester No.64d Psr VI P.Bulan (rumahnya pas di depan gereja katolik St.Fransiskus)', '3.544960, 98.651088', 6, 6, 1, '', 2, '0', '', 3, 4, 6, 5, 'Ada MAAGH sebelum jam 6 Dinner', '-sebelum jam 6 Dinner', 1, '2020-12-07 05:24:23'),
(73, 'Cheria Lunch', '081262943669', '(LUNCH) BCA ASIA SIMPANG LAMPUNG (samping bank UOB) jl. Asia no 184D titip satpam', '3.584527,98.691058', 4, 3, 1, 'NO BEEF', 2, '0', NULL, 2, 1, 5, 5, '', '-LUNCH titip satpam. Harus sampe sebelum 11.45 !!', 1, '2020-12-07 05:24:23'),
(74, 'Cheria Lunch', '081262943669', '(LUNCH) BCA ASIA SIMPANG LAMPUNG (samping bank UOB) jl. Asia no 184D titip satpam', '3.584527,98.691058', 5, 3, 1, 'NO BEEF', 2, '0', NULL, 2, 1, 5, 5, '', '-LUNCH titip satpam. Harus sampe sebelum 11.45 !!', 1, '2020-12-07 05:24:23'),
(75, 'Cheria Dinner', '081262943669', '(Dinner) Jl. Puri Gg. K Alimun no 28/59B (masuk gang, mentok belok kiri)', '3.578560,98.688845', 4, 3, 1, 'NO BEEF', 1, '0', NULL, 2, 1, 5, 5, 'rabu&kamis lunch&diner di antar barengan sama johan ke jl raden saleh dalam', '-', 1, '2020-12-07 05:24:23'),
(76, 'Cheria Dinner', '081262943669', '(Dinner) Jl. Puri Gg. K Alimun no 28/59B (masuk gang, mentok belok kiri)', '3.578560,98.688845', 5, 3, 1, 'NO BEEF', 1, '0', NULL, 2, 1, 5, 5, '', '-', 1, '2020-12-07 05:24:23'),
(77, 'Angelia', '08116547912', 'Jl. Tembakau Deli No 2N (Masuk di sbelah jalan Graha Merah Putih)', '3.592226,98.674562', 4, 1, 1, '', 2, '0', NULL, 2, 1, 5, 2, '', '-', 1, '2020-12-07 05:24:23'),
(78, 'Angelia', '08116547912', 'Jl. Tembakau Deli No 2N (Masuk di sbelah jalan Graha Merah Putih)', '3.592226,98.674562', 5, 1, 1, '', 2, '0', NULL, 2, 1, 5, 2, '', '-', 0, '2020-12-07 05:24:23'),
(79, 'Minar sianipar', '085361456906', 'jl. Putri hijau no. 4 ( Kanwil kementerian hukum dan ham)', '3.594459,98.676219', 4, 4, 1, '-', 2, '0', '', 3, 1, 6, 5, '-', '-', 1, '2020-12-07 05:24:23'),
(80, 'Minar sianipar', '085361456906', 'jl. Putri hijau no. 4 ( Kanwil kementerian hukum dan ham)', '3.594459,98.676219', 5, 4, 1, '-', 2, '0', NULL, 3, 1, 6, 5, '-', '-', 1, '2020-12-07 05:24:23'),
(81, 'Minar sianipar', '085361456906', 'jl. Putri hijau no. 4 ( Kanwil kementerian hukum dan ham)', '3.594459,98.676219', 6, 4, 1, '-', 2, '0', '', 3, 1, 6, 5, '-', '-', 1, '2020-12-07 05:24:23'),
(82, 'Adriany Hasibuan 2', '082368682675', 'Jl.Bunga Ester No.64d Psr VI P.Bulan (rumahnya pas di depan gereja katolik St.Fransiskus)', '3.545025,98.651143', 4, 3, 1, '', 2, '3950000', NULL, 4, 1, 4, 5, 'Ada MAAGH sebelum jam 6 Dinner', '-', 1, '2020-12-07 05:24:23'),
(83, 'Fenny tjandra 1', '082167629636', 'JL flamboyan kompek cemara asrino.45 masuk dari bank OCBC', '3.633560,98.696976', 4, 1, 1, '', 1, '0', NULL, 4, 1, 5, 1, '', 'Di samping Wie Wie Louhan', 1, '2020-12-07 05:24:23'),
(84, 'Fendro Chandra', '088226699602', 'Bank bca cabang diponegoro jl diponegoro', '3.584043,98.673261', 4, 1, 1, '', 1, '0', NULL, 4, 1, 4, 5, '', '', 1, '2020-12-07 05:24:23'),
(85, 'Stefanie', '085922873090', 'Jl.dagan no.5B/6A Belakang plaza medan fair', '3.593269,98.666074', 4, 1, 1, '', 1, '0', NULL, 4, 2, 4, 5, '', '', 1, '2020-12-07 05:24:23'),
(86, 'Silvina', '081263147074', 'BCA B&G tower (JW Mariot)', '3.596149,98.675886', 4, 1, 1, '', 1, '220000', NULL, 4, 1, 4, 5, '', '-', 1, '2020-12-07 05:24:23'),
(87, 'Amerinda', '085261684301', 'Jl. Kenangq sari No. 21 Pasae 6 Tj. Sari ', '3.561753,98.639911', 4, 1, 1, '', 1, '220000', NULL, 4, 1, 4, 5, '', '-', 1, '2020-12-07 05:24:23'),
(88, 'atina', '085270645541', 'Jl.pembangunan usu no.12', '3.5666580,98.6522182', 4, 1, 1, '', 2, '195000', NULL, 4, 1, 4, 5, '', '', 1, '2020-12-07 05:24:23'),
(89, 'Haliza', '085922835009', 'Jl suka baru no.18,padang bulan selayang 1', '3.5686427,98.6507564', 4, 1, 1, '', 2, '195000', NULL, 4, 1, 4, 5, '', 'Rumah kos tentrem telefon atau chat orang nya setelah dititipkan ke satpam', 1, '2020-12-07 05:24:23'),
(90, 'Fauziah', '08116002126', 'Jl pembangunan no 12', '3.5666580,98.6522182', 4, 1, 1, '', 2, '195000', NULL, 4, 1, 4, 5, '', '', 1, '2020-12-07 05:24:23'),
(91, 'Ratu', '082164218775', 'Jl bakti indah III no.217 komplek tata alam asri', '3.607983,98.620612', 4, 1, 2, '', 1, '0', NULL, 4, 1, 4, 5, '', '', 1, '2020-12-07 05:24:23'),
(92, 'Puput utami', '08116319915', 'Jl sidodadi komplek johor Regency Blok B no,1', '3.508880,98.665949', 4, 1, 1, '', 1, '0', NULL, 4, 1, 4, 5, 'No ikan air tawar', '', 1, '2020-12-07 05:24:23'),
(93, 'Debby anggraini', '08126000357', 'Jl. Karya Jaya No. 146', '3.529349,98.676531', 4, 3, 2, 'Hipertensi + HAMIL. Less salt, less magic, less kecap yang asin. WARNING! Kalo perlu yg lain ngikut yg ini daripada yg ini ngikut yg lain!    No udang', 1, '790000', NULL, 4, 1, 4, 5, '', '-', 1, '2020-12-07 05:24:23'),
(94, 'Juliaty Ginting', '081361447314', 'jl pasar baru no 43 padang bulan', '3.552058,98.654967', 4, 3, 1, 'No Ayam, No Nasi merah', 1, '395000', NULL, 4, 1, 4, 5, 'Skip rabu - jumat keluar kota. Ganti di batch 32', '', 0, '2020-12-07 05:24:23'),
(95, 'Aldila hilma', '085261951500', 'Jl.M. Idris no 47', '3.596292,98.659113', 4, 3, 1, '', 2, '395000', NULL, 4, 1, 4, 5, 'Dinner sebelum jam 6. Intermitten fasting', 'Mohon diterima penbayaran cash ke pengantar', 1, '2020-12-07 05:24:23'),
(96, 'Johan', '0823000022222', 'Jl. Raden Saleh Dalam No. 10', '3.589318,98.677325', 4, 3, 1, '', 1, '0', NULL, 2, 1, 5, 5, '', '-', 1, '2020-12-07 05:24:23'),
(97, 'Johan', '082366598888', '', '3.589318,98.677325', 5, 3, 1, '', 1, '0', '', 2, 1, 5, 5, '', '-', 1, '2020-12-07 05:24:23'),
(98, 'Fionna Blenda', '08118032109', 'kompleks malibu indah blok H-36.', '3.550728,98.684386', 4, 1, 1, '', 1, '0', NULL, 4, 2, 4, 6, '', '', 1, '2020-12-07 05:24:23'),
(99, 'Christy', '08116130478', 'Jl sampali baru komplek sampali baru No.9J', '3.593723,98.698358', 4, 1, 1, '', 2, '195000', NULL, 4, 4, 6, 3, 'selang seling dari tanggan 19nov,24nov,26nov,1des,sampai 3des', '', 1, '2020-12-07 05:24:23'),
(100, 'Christy', '08116130478', 'Jl sampali baru komplek sampali baru No.9J', '3.593723,98.698358', 5, 1, 1, 'Vegetarian', 2, '0', NULL, 4, 4, 6, 3, 'selang seling dari tanggan 19nov,24nov,26nov,1des,sampai 3des', '', 1, '2020-12-07 05:24:23'),
(101, 'Christy', '08116130478', 'Jl sampali baru komplek sampali baru No.9J', '3.593723,98.698358', 6, 1, 1, '', 2, '0', '', 4, 4, 6, 3, 'selang seling dari tanggan 19nov,24nov,26nov,1des,sampai 3des', '', 1, '2020-12-07 05:24:23'),
(102, 'Juliaty Ginting', '081361447314', 'jl pasar baru no 43 padang bulan', '3.552058,98.654967', 5, 3, 1, 'No Ayam, No Nasi merah', 1, '0', NULL, 5, 1, 5, 3, 'Skip rabu - jumat keluar kota. Ganti di batch 32 hari senin - rabu', '', 0, '2020-12-07 05:24:23'),
(103, 'Alvero', '081333363189', 'Jl persatuan,komplek surya regency 1 Blok c No.8', '3.612504,98.652852', 4, 3, 1, '', 2, '396000', NULL, 4, 4, 5, 3, '', 'Cantolin aja makanannya di pintu besi dalam.BUKAN PAGAR. Setelah itu  fotokan lalu chat beliau.GA BISA DITELEFON', 1, '2020-12-07 05:24:23'),
(104, 'Alvero', '081333363189', 'Jl persatuan,komplek surya regency 1 Blok c No.8', '3.612504,98.652852', 5, 3, 1, '', 2, '0', NULL, 4, 4, 5, 3, '', 'Cantolin aja makanannya di pintu besi.BUKAN PAGAR. Setelah itu  fotokan lalu chat beliau.GA BISA DITELEFON', 0, '2020-12-07 05:24:23'),
(107, 'Silvia', '081362420122', 'Jl persamaan Gg rahmat No.77 simpang limun', '3.551046,98.696498', 5, 1, 1, 'HIGH PROTEIN (> 70gr). Beef, ikan, ayam minimal 150gr, udang minimal 200 gr. KARBO DISIKITIN < 50gr ! NO NASI MERAH/PUTIH', 1, '390000', '', 5, 1, 6, 5, '', '', 1, '2020-12-07 05:24:23'),
(108, 'Silvia', '081362420122', 'Jl. persamaan. Gg. rahmat. No.77. simpang. limun', '3.551046,98.696498', 6, 1, 1, 'HIGH. PROTEIN. (>. 70gr).. Beef,. ikan,. ayam. minimal. 150gr,. udang. minimal. 200. gr.. Nasi,pasta,spaghetti,kentang,dan. karbo. lain. DIBAWAH. 65gr', 1, '0', '', 5, 1, 6, 5, '', '', 1, '2020-12-07 05:24:23'),
(110, 'Nitya', '08116438586', 'Jne Gatsu (sebelah GG harapan seberang Tomang elok)', '3.590999,98.641123', 5, 1, 1, '', 2, '195000', NULL, 5, 1, 5, 5, '', '', 1, '2020-12-07 05:24:23'),
(111, 'Ginda laura ', '08116483008', 'Jl Bunga Ester No.93C Medan Selayang Pasar 6 Padang bulan', '3.544701,98.652720', 5, 1, 1, '', 1, '19500', NULL, 5, 1, 5, 5, '', '', 1, '2020-12-07 05:24:23'),
(112, 'Clarissia', '08126038654', 'BCA Diponegoro', '3.584618,98.672817', 5, 1, 1, 'No Beef', 1, '200000', NULL, 5, 1, 5, 5, '-', '-', 1, '2020-12-07 05:24:23'),
(113, 'Ismah Amrina ', '081263751979', 'Jl besar Tembung masuk Jl balai umum No 5 Tembung', '3.594485,98.747070', 5, 3, 1, '-', 1, '80000', NULL, 5, 1, 5, 1, '-', '-', 0, '2020-12-07 05:24:23'),
(114, 'Demmy putri', '081264600407', 'ZAP klinik Jl. Iskandar muda no 81 Medan (Sebelah BRI AGRO).', '3.581344,98.661068', 5, 1, 1, '', 1, '195000', NULL, 5, 1, 5, 5, '', '', 1, '2020-12-07 05:24:23'),
(115, 'Silvina', '08163147074', 'BCA B&G tower (JW Mariot)', '3.596149,98.675886', 5, 1, 1, '', 1, '220000', NULL, 5, 1, 5, 5, '', '', 1, '2020-12-07 05:24:23'),
(116, 'Fajar', '082294755949', 'Jl Karya jaya gg eka pribadi', '3.518387,98.676233', 5, 2, 1, 'Kolesterol dan asam urat tinggi. Jangan berminyak x, daging ayam, ikan, jamur TIDAK LEBIH 80 gram, kurangi biji2an, kacang2an, kol, dan bayam. HARAM Jeroan', 2, '195000', NULL, 5, 1, 5, 5, '', '', 1, '2020-12-07 05:24:23'),
(117, 'Fenny tjandra 1', '082167629636', 'Jl Flamboyan komplek cemara asri No.45 masuk dari bank OCBC', '3.633560,98.696976', 5, 1, 1, '', 1, '0', NULL, 4, 1, 5, 1, '', 'disamping Wie Wie louhan', 0, '2020-12-07 05:24:23'),
(118, 'Amerinda', '085261684301', 'Jl. Kenangq sari No. 21 Pasae 6 Tj. Sari ', '3.561753,98.639911', 5, 1, 1, '', 1, '220000', NULL, 5, 1, 5, 5, '', '-', 1, '2020-12-07 05:24:23'),
(119, 'Debby anggraini', '08126000357', 'Jl. Karya Jaya No. 146', '3.529349,98.676531', 5, 3, 2, 'Hipertensi + HAMIL. Less salt, less magic, less kecap yang asin. WARNING! Kalo perlu yg lain ngikut yg ini daripada yg ini ngikut yg lain!    No udang', 1, '0', NULL, 5, 1, 5, 5, 'LUNCH 1 DINNER 2', '-', 1, '2020-12-07 05:24:23'),
(120, 'Fifi', '087825567898', 'Jl.Kereta Api Baru No.10B ; Kesawan ; Medan Barat', '3.589103,98.680338', 5, 3, 1, '', 1, '395000', '', 5, 1, 5, 5, '', 'Pengiriman lewat pintu belakang, masuk dari gang di samping rumah Jl.Perniagaan Baru no. 20C', 1, '2020-12-07 05:24:23'),
(121, 'Dilla', '081376296007', 'JL. Mojopahit ujung No. 69 A (Depan Yona Cafe). Pagar htam yg ada ring basket. Medan 20153', '3.575552,98.665248', 5, 2, 1, 'HIGH PROTEIN (> 70gr). Beef, ikan, ayam minimal 150gr, udang minimal 200 gr. KARBO DISIKITIN < 50gr !', 2, '395000', '', 5, 1, 6, 5, 'PAKAI MENU LUNCH', '(Depan Yona Cafe) Pagar htam yg ada ring basket ', 1, '2020-12-07 05:24:23'),
(122, 'Dilla', '081376296007', 'JL.. Mojopahit. ujung. No.. 69. A. (Depan. Yona. Cafe).. Pagar. htam. yg. ada. ring. basket.. Medan. 20153', '3.575552,98.665248', 6, 2, 1, 'HIGH. PROTEIN. (>. 70gr).. Beef,. ikan,. ayam. minimal. 150gr,. udang. minimal. 200. gr.. Nasi,pasta,spaghetti,kentang,dan. karbo. lain. DIBAWAH. 65gr', 2, '0', '', 5, 1, 6, 5, 'PAKAI. MENU. LUNCH', '(Depan. Yona. Cafe). Pagar. htam. yg. ada. ring. basket. ', 1, '2020-12-07 05:24:23'),
(123, 'Adriany Hasibuan 2', '082368682675', 'jl Bunga ester No.46d psr VI .bulan (rumahnya pas didepan greja katolik St.Fransiskus)', '3.545025,98.651143', 5, 3, 1, '', 2, '395000', '', 5, 1, 5, 5, 'ada MAAGH sebelum jam 6', '', 1, '2020-12-07 05:24:23'),
(127, 'Gita Aisyah', '081265350015', 'Komplek tasbi 2 blok 1 No.43', '3.567955,98.625770', 5, 1, 1, '', 3, '0', '', 5, 3, 5, 5, '', '', 1, '2020-12-07 05:24:23'),
(128, 'Nesya Ardella', '08113677431', 'Perumahan Medan Resort City (Mercy) Rotterdam blok K06 kec.Deli Tua', '3.512107,98.675058', 5, 3, 1, '', 2, '685000', '', 5, 4, 6, 3, 'LUNCH 1 DINNER 2', '', 1, '2020-12-07 05:24:23'),
(129, 'Nesya Ardella', '08113677431', 'Perumahan Medan Resort City (Mercy) Rotterdam blok K06 kec.Deli Tua', '3.512107,98.675058', 6, 3, 1, '', 2, '0', '', 5, 4, 6, 3, 'LUNCH 1 DINNER 2', '', 1, '2020-12-07 05:24:23'),
(130, 'Willi', '082167888811', 'Jl s parman no 217, cambridge apartemen tower picasso lantai 21 (dari zainul arifin, pas sebelum tanjakan turun starbucks cambridge ada gerbang besi, drop off ke security sana saja).', '3.584218,98.667676', 6, 2, 1, 'NO BEEF', 1, '195000', '', 6, 1, 6, 5, '', '( dari zainul arifin, pas sebelum tanjakan turun starbucks cambridge ada gerbang besi, drop off ke security sana saja )', 1, '2020-12-07 05:24:23'),
(131, 'Amelia', '08126522057', 'Tirta investama jl kapten soemarsono No 74', '3.615893,98.641688', 6, 1, 1, 'Nasi,pasta,spaghetti,kentang,dan karbo lain DIBAWAH 65gr', 1, '395000', '', 6, 1, 7, 5, '', '', 1, '2020-12-07 05:24:23'),
(132, 'Amelia', '08126522057', 'Tirta investama jl kapten soemarsono No 74', '3.615893,98.641688', 7, 2, 1, '', 1, '0', '', 6, 1, 7, 5, '', '', 1, '2020-12-07 05:24:23'),
(133, 'Sharee ', '085805618529', 'Jl Bintang No.1B/17(sederet RM samudra)', '3.594740,98.686869', 6, 3, 1, 'NO BEEF', 1, '395000', '', 6, 1, 6, 5, 'Reques aglio olio', '', 1, '2020-12-07 05:24:23'),
(134, 'Winna kartika', '087869090150', 'Jl. Menteng VII gg. Kesatria no. 20 Medan', '3.566334,98.725043', 6, 1, 1, 'Nasi,pasta,spaghetti,kentang,dan karbo lain DIBAWAH 65gr', 2, '195000', '', 6, 1, 6, 5, '', '', 1, '2020-12-07 05:24:23'),
(135, 'Didi ', '082370402979', 'ACC ADAM MALIK, Jalan adam malik no.28 (sebelah prudential dan yamaha)', '3.597241,98.66928', 6, 1, 1, '', 2, '195000', '', 6, 1, 6, 5, '', '', 1, '2020-12-07 05:24:23'),
(136, 'Agung rachmawati', '081291818777', 'Jl beringin 4 No.173 gaperta masuk dari samping doorsmear arwana', '3.606051,98.627375', 6, 3, 1, 'Tidak bisa IKAN LAUT kecuali dorry. Semua ikan tawar bisa', 2, '395000', '', 6, 1, 6, 5, '', '', 1, '2020-12-07 05:24:23'),
(137, 'Melsa pratiwi', '082260912490', 'Garuda indonesia jl mongonsidi No.34A depan hermes', '3.571363,98.666801', 6, 1, 1, 'GAK makan nasi merah dan putih. ALERGI PEPAYA, NENAS, BUNCIS', 1, '195000', '', 6, 1, 6, 5, '', '', 1, '2020-12-07 05:24:23'),
(138, 'Tanty anggraeni s', '081377060515', 'Polda sumut pintu 3', '3.530834,98.737646', 6, 1, 1, 'Nasi,pasta,spaghetti,kentang,dan karbo lain DIBAWAH 65gr', 2, '195000', '', 6, 1, 6, 5, '', '', 1, '2020-12-07 05:24:23'),
(139, 'Johan', '082366598888', 'Jl raden saleh dalam No.10', '3.589318,98.677325', 6, 6, 1, '', 1, '145000', '', 6, 1, 10, 1, '', '-', 1, '2020-12-07 05:24:23'),
(140, 'Johan', '082366598888', 'Jl raden saleh dalam No.10', '3.589318,98.677325', 7, 3, 1, '', 1, '0', '', 6, 1, 7, 5, '', '-', 1, '2020-12-07 05:24:23'),
(141, 'Cheria Lunch', '081262943669', '(LUNCH) BCA ASIA SIMPANG LAMPUNG (samping bank UOB) jl. Asia no 184D titip satpam', '3.584527,98.691058', 6, 4, 1, 'NO BEEF', 2, '0', '', 6, 1, 9, 5, '', '-LUNCH titip satpam. Harus sampe sebelum 11.45 !!', 1, '2020-12-07 05:24:23'),
(142, 'Cheria Lunch', '081262943669', '(LUNCH) BCA ASIA SIMPANG LAMPUNG (samping bank UOB) jl. Asia no 184D titip satpam', '3.584527,98.691058', 7, 4, 1, 'NO BEEF', 2, '0', '', 6, 1, 9, 5, '', '-LUNCH titip satpam. Harus sampe sebelum 11.45 !!', 1, '2020-12-07 05:24:23'),
(143, 'Cheria Dinner', '081262943669', '(Dinner) Jl. Puri Gg. K Alimun no 28/59B (masuk gang, mentok belok kiri)', '3.578560,98.688845', 6, 5, 1, 'NO BEEF', 1, '145000', '', 6, 1, 9, 5, '', '-', 1, '2020-12-07 05:24:23'),
(144, 'Clarissia', '08126038654', 'BCA Diponegoro', '3.584618,98.672817', 6, 1, 1, 'No Beef', 1, '200000', '', 6, 1, 6, 5, '-', '-', 1, '2020-12-07 05:24:23'),
(145, 'Silvina', '08163147074', 'BCA B&G tower (JW Mariot)', '3.596149,98.675886', 6, 1, 1, '', 1, '220000', '', 6, 1, 6, 5, '', '', 1, '2020-12-07 05:24:23'),
(146, 'Kartika Yusuf', '082366317224', 'Aquilla Residence 9i-j, Jl. Garuda No.28, Sei Sikambing B', '3.588473,98.639954', 6, 1, 1, '', 3, '0', '', 6, 1, 6, 5, '', '', 1, '2020-12-07 05:24:23'),
(147, 'Cathy', '08116311184', 'jl pasar 1 gg polonia no.88 (rumah putih ujung)', '3.558715,98.629152', 6, 1, 1, '-', 2, '195000', '', 6, 1, 6, 5, '-', '-', 1, '2020-12-07 05:24:23'),
(148, 'Debby anggraini', '08126000357', 'Jl. Karya Jaya No. 146', '3.529349,98.676531', 6, 3, 2, 'Hipertensi + HAMIL. Less salt, less magic, less kecap yang asin. WARNING! Kalo perlu yg lain ngikut yg ini daripada yg ini ngikut yg lain!    No udang', 1, '720000', '', 6, 1, 6, 5, '', '-', 1, '2020-12-07 05:24:23'),
(149, 'Ola sembiring', '082273508719', 'Jl bunga asoka komplek asoka raya residance blok d57. Ringroad medan', '3.564046,98.622653', 6, 1, 1, 'ALERGI AYAM!! Nasi,pasta,spaghetti,kentang,dan karbo lain DIBAWAH 65gr', 2, '195000', '', 6, 3, 7, 2, '', '', 1, '2020-12-07 05:24:23'),
(150, 'Ola sembiring', '082273508719', 'Jl bunga asoka komplek asoka raya residance blok d57. Ringroad medan', '3.564046,98.622653', 7, 1, 1, 'ALERGI AYAM & UDANG. Nasi,pasta,spaghetti,kentang,dan karbo lain DIBAWAH 65gr', 2, '0', '', 6, 3, 7, 2, '', '', 1, '2020-12-07 05:24:23'),
(154, 'Mardhiyah Harahap', '081261925277', 'Jl.. Asrama,. RS. Hermina. Medan,. Sei. Sikambing. atau. Jl.. Asrama,. Komplek. Bumi. Asrk. No. A16', '3.595367,98.627378', 6, 6, 1, 'Nasi,pasta,spaghetti,kentang,dan. karbo. lain. DIBAWAH. 65gr', 2, '1450000', '02-12-2020', 6, 3, 9, 2, '', '', 1, '2020-12-07 05:24:23'),
(155, 'Mardhiyah Harahap', '081261925277', 'Jl. Asrama, RS Hermina Medan, Sei Sikambing atau Jl. Asrama, Komplek Bumi Asrk No A16', '3.595367,98.627378', 7, 6, 1, 'Nasi,pasta,spaghetti,kentang,dan karbo lain DIBAWAH 65gr', 2, '0', '', 6, 3, 9, 2, '', '', 1, '2020-12-07 05:24:23'),
(158, 'Hitri', '082167630320', 'Jl.. Asrama,. RS. Hermina. Medan', '3.595367,98.627378', 6, 1, 1, '', 2, '195000', '02-12-2020', 6, 3, 6, 2, '', '', 1, '2020-12-07 05:24:23'),
(159, 'Devi Haslan', '082304195747', 'Jl. r.a. kartini. no. 26. /. Tamoe. coffee. and. resto', '3,5800774, 98,6741466', 6, 3, 1, '', 1, '90000', '02-12-2020', 6, 4, 6, 4, '', '', 1, '2020-12-07 05:24:23'),
(160, 'Devi Haslan', '082304195747', 'Jl. r.a kartini. no. 26 / Tamoe coffee and resto', '3.5800774, 98.6741466', 7, 1, 1, 'Alergi ikan', 1, '220000', '04-12-2020', 7, 1, 7, 5, 'HARI RABU SKIP DIGANTI KE DINNER KAMIS', '', 1, '2020-12-07 05:24:23'),
(161, 'Dilla', '081376296007', 'Jl. Mojopahit ujung, No 69A (Depan Yona Cafe). Pagar hitam yg ada ring basket. Medan. 20153', '3.575552,98.665248', 7, 5, 1, 'HIGH PROTEIN (> 70gr). Beef, ikan, ayam minimal 150gr, udang minimal 200gr. Nasi,pasta,spaghetti,kentang,dan karbo lain DIBAWAH 65gr.', 2, '795000', '04-12-2020', 7, 1, 10, 5, 'PAKAI MENU LUNCH', '(Depan Yona Cafe) Pagar htam yg ada ring basket.', 1, '2020-12-07 05:24:23'),
(162, 'Dilla', '081376296007', 'JL. Mojopahit ujung No. 69A', '3.575552,98.665248', 8, 5, 1, 'HIGH PROTEIN. Beef, ikan, ayam minimal 80 - 100gr, udang atay cumi minimal 100 gr. Nasi, pasta, spaghetti, kentang, dan karbo lain DIBAWAH 60gr. Tambahlan putih telur 2 butir', 2, '0', '', 7, 1, 10, 1, 'PAKAI MENU LUNCH Siap tanggal 28 ganti hari rabu', '(Depan Yona Cafe) Pagar htam yg ada ring basket', 1, '2020-12-07 05:24:23'),
(163, 'Dilla', '081376296007', 'JL... Mojopahit.. ujung.. No... 69.. A.. (Depan.. Yona.. Cafe)... Pagar.. htam.. yg.. ada.. ring.. basket... Medan.. 20153', '3.575552,98.665248', 9, 5, 1, 'HIGH PROTEIN & DIET', 2, '0', '', 7, 1, 10, 5, 'PAKAI.. MENU.. LUNCH skip tgl 9,24,25,26,27,31,1,2,3 desember', '(Depan.. Yona.. Cafe).. Pagar.. htam.. yg.. ada.. ring.. basket.. ', 1, '2020-12-07 05:24:23'),
(164, 'Willi', '082167888811', 'Jl s parman no 217, cambridge apartemen tower picasso lantai 21', '3.584218,98.667676', 7, 2, 1, 'NO BEEF. KETO DIET (NO karbo, buah, nasi, pasta, roti, kentang, spaghetti, dll) ganti slot pake sayur sayuran telor atau side dish lain.', 1, '440000', '05-12-2020', 7, 1, 8, 5, 'Batch 35 Less Salt', '( dari zainul arifin, pas sebelum tanjakan turun starbucks cambridge ada gerbang besi, drop off ke security sana saja )', 1, '2020-12-07 05:24:23'),
(165, 'Willi', '082167888811', 'Jl s parman no 217, cambridge apartemen tower picasso lantai 21 (dari zainul arifin, pas sebelum tanjakan turun starbucks cambridge ada gerbang besi, drop off ke security sana saja).', '3.584218,98.667676', 8, 2, 1, 'NO BEEF. Less salt, less magic, less kecap yang asin, less mayo, less mentega. Kalo bisa HAMBAR aja', 1, '0', '', 7, 1, 9, 1, 'Siap tanggal 28 ganti hari rabu', '( dari zainul arifin, pas sebelum tanjakan turun starbucks cambridge ada gerbang besi, drop off ke security sana saja )', 1, '2020-12-07 05:24:23'),
(166, 'Elyana', '081973435336', 'Platinum garden katamso sebelah sekolah wr supratman Blok A17', '3.545625,98.687222', 7, 1, 1, 'NO NASI MERAH', 1, '195000', '05-12-2020', 7, 1, 7, 5, '', '', 1, '2020-12-07 05:24:23'),
(167, 'Ika ', '085358941117', 'Jl Panglima Denai Menteng 7 Komplek The Grand Menteng Indah Cluster The Green No.8 b Medan', '3.5538551, 98.7235720', 7, 1, 1, 'TANPA NASI', 2, '245000', '06-12-2020', 7, 1, 7, 5, 'Bayar ongkir', '-', 1, '2020-12-07 05:24:23'),
(168, 'Tanty anggraeni s', '081377060515', 'Polda sumut pintu 3', '3.530834,98.737646', 7, 1, 1, 'Nasi,pasta,spaghetti,kentang,dan karbo lain DIBAWAH 65gr', 2, '0', '', 7, 1, 7, 1, 'Ganti 1 hari yg telat', '', 1, '2020-12-07 05:24:23'),
(169, 'Melsa pratiwi', '082260912490', 'Garuda indonesia jl mongonsidi No.34A depan hermes', '3.571363,98.666801', 7, 4, 1, 'GAK makan nasi merah dan putih. ALERGI PEPAYA, NENAS, BUNCIS', 2, '795000', '06-12-2020', 7, 1, 9, 5, '', '', 1, '2020-12-07 05:24:23'),
(170, 'Melsa pratiwi', '082260912490', 'Garuda indonesia jl mongonsidi No.34A depan hermes', '3.571363,98.666801', 8, 4, 1, 'NO NASI. ALERGI PEPAYA, NENAS, BUNCIS', 2, '0', '', 7, 1, 10, 1, 'Siap di tanngal 28 mengganti hari rabu skip tnggl  18 des', '', 1, '2020-12-07 05:24:23'),
(171, 'Melsa pratiwi', '082260912490', 'Garuda indonesia jl mongonsidi No.34A depan hermes', '3.571363,98.666801', 9, 4, 1, 'NO NASI & ALERGI PEPAYA, NENAS, BUNCIS', 2, '0', '', 7, 1, 10, 5, 'Skip tgl 9,21,24,25,26,27,31,1,2,3 desember', '', 1, '2020-12-07 05:24:23'),
(172, 'Shintha', '08116298000', 'Kantor Garuda Indonesia Jl. Mongonsidi No. 34 A.', '3.571451,98.666901', 7, 1, 1, 'No nasi', 2, '195000', '06-12-2020', 7, 1, 7, 5, '', '', 1, '2020-12-07 05:24:23'),
(173, 'Eva', '085361045222', 'Jl. Rahmadsyah 416-C Medan (praktek dr.muzahar, sebelah gg sekolah)', '3.5794745, 98.6953237', 7, 1, 1, 'Hipertensi. Less salt, less magic, less kecap yang asin.', 1, '220000', '06-12-2020', 7, 1, 7, 5, '', '', 1, '2020-12-07 05:24:23'),
(174, 'Winna kartika', '087869090150', 'Jl. Menteng VII gg. Kesatria no. 20 Medan', '3.566334,98.725043', 7, 1, 1, 'Nasi,pasta,spaghetti,kentang,dan karbo lain DIBAWAH 65gr. NO PEDAS', 1, '176000', '06-12-2020', 7, 1, 7, 5, '', '', 1, '2020-12-07 05:24:23'),
(175, 'Silvina', '08163147074', 'BCA B&G tower (JW Mariot)', '3.596149,98.675886', 7, 1, 1, '', 1, '220000', '06-12-2020', 7, 1, 7, 5, '', '', 1, '2020-12-07 05:24:23'),
(176, 'Sofie', '081362124060', 'Jl amaliun gg johar no 16', '3.575142,98.694893', 7, 1, 1, 'Nasi,pasta,spaghetti,kentang,dan karbo lain DIBAWAH 65gr', 1, '175000', '', 7, 1, 7, 5, '', 'blok mawar no 36-37 smraja (rumah putih)', 1, '2020-12-07 05:24:23'),
(177, 'Dr vira', '081377402344', 'Jl garu 2 villa harjosari indah tahap 2 blok mawar no 37 smraja kec medan amplas kel.', '3.545058,98.706860', 7, 1, 1, '', 3, '0', '', 7, 1, 7, 1, '', '', 1, '2020-12-07 05:24:23'),
(178, 'Aurora', '081376660608', 'jln harmonika baru no.110 pasar 1 padang bulan medan selayang 20135 ( depan J&M coffee). Menu: lunch + dinner weekely.', '3.555143,98.649645', 7, 3, 1, '-', 2, '395000', '', 7, 1, 7, 5, '', '-', 1, '2020-12-07 05:24:23'),
(179, 'Ernawati ', '081262142271', 'JL. PUTRI HIJAU NO.10 PINTU KELUAR JW MARRIOTT ( HALTE BUS PERINTIS KEMERDEKAAN )', '3.596612,98.675840', 7, 1, 1, 'Jangan pedas. Kurangi lada dan chilli flakes', 1, '175000', '', 7, 1, 7, 5, 'Pengiriman senin-selasa kekantor rabu skip kamis-jumat kerumah', '', 1, '2020-12-07 05:24:23'),
(180, 'Ira', '081370520550', 'Jl. abadi zilenia residence b8 .', '3.573246,98.629408', 7, 3, 1, '', 2, '335000', '02-12-2020', 7, 1, 9, 5, '-', '-', 1, '2020-12-07 05:24:23'),
(182, 'Ira', '081370520550', 'Jl. abadi zilenia residence b8 .', '3.573246,98.629408', 9, 4, 1, '', 3, '0', '', 7, 1, 10, 5, 'Skip tgl 9,24,25,26,27,31,1,2,3 desember', '-', 0, '2020-12-07 05:24:23'),
(183, 'Cut rini', '081375826083', 'Jl M. idris no 45B.', '3.596204,98.658964', 7, 1, 1, '', 1, '195000', '07-12-2020', 7, 1, 7, 5, '', '', 1, '2020-12-07 05:24:23'),
(184, 'Fitri', '08116124442', 'Jl M. idris No.45B', '3.596204,98.658964', 7, 2, 1, '', 1, '195000', '07-12-2020', 7, 1, 7, 5, '', '', 1, '2020-12-07 05:24:23'),
(185, 'Aldila hilma', '085261951500', 'Jl.M. Idris no 47', '3.596292,98.659113', 7, 3, 1, '', 1, '330000', '07-12-2020', 7, 1, 7, 5, 'Dinner sebelum jam 6. Intermitten fasting', '', 1, '2020-12-07 05:24:23'),
(186, 'Juliaty Ginting', '081361447314', 'jl pasar baru no 43 padang bulan', '3.552058,98.654967', 7, 3, 1, 'No Ayam, No Nasi merah, ASAM URAT (daging ayam, ikan, jamur TIDAK LEBIH 70 gram, kurangi biji2an, kacang2an, kol, dan bayam. HARAM Jeroan)', 3, '0', '', 7, 1, 7, 5, '', '', 1, '2020-12-07 05:24:23'),
(187, 'Clarissia', '08126038654', 'BCA Diponegoro', '3.584618,98.672817', 7, 1, 1, 'No Beef', 1, '200000', '07-12-2020', 7, 1, 7, 5, '-', '-', 1, '2020-12-07 05:24:23'),
(188, 'Cheria Dinner', '081262943669', '(Dinner) Jl. Puri Gg. K Alimun no 28/59B (masuk gang, mentok belok kiri)', '3.578560,98.688845', 7, 5, 1, 'NO BEEF', 1, '0', '', 6, 1, 9, 5, '', '-', 1, '2020-12-07 05:24:23'),
(189, 'Cheria Dinner', '081262943669', '(Dinner) Jl. Puri Gg. K Alimun no 28/59B (masuk gang, mentok belok kiri)', '3.578560,98.688845', 8, 5, 1, 'NO BEEF', 1, '0', '', 6, 1, 9, 1, '', '-', 1, '2020-12-07 05:24:23'),
(190, 'Cheria Dinner', '081262943669', '(Dinner) Jl. Puri Gg. K Alimun no 28/59B (masuk gang, mentok belok kiri)', '3.578560,98.688845', 9, 5, 1, 'NO BEEF', 1, '0', '', 6, 1, 9, 5, 'Skip tgl 9,24,25,26,27,31,1,2,3 desember', '-', 1, '2020-12-07 05:24:23'),
(191, 'Fifi', '087825567898', 'Jl.Kereta Api Baru No.10B ; Kesawan ; Medan Barat', '3.589103,98.680338', 7, 1, 1, '', 1, '395000', '', 7, 1, 8, 4, '', 'Pengiriman lewat pintu belakang, masuk dari gang di samping rumah Jl.Perniagaan Baru no. 20C', 1, '2020-12-07 05:24:23'),
(192, 'Debby anggraini', '08126000357', 'Jl. Karya Jaya No. 146', '3.529349,98.676531', 7, 3, 1, 'Hipertensi + HAMIL. Less salt, less magic, less kecap yang asin. WARNING! Kalo perlu yg lain ngikut yg ini daripada yg ini ngikut yg lain!    No udang', 1, '395000', '', 7, 1, 7, 5, '', '-', 1, '2020-12-07 05:24:23'),
(193, 'Nesya Ardella', '08113677431', 'Perumahan Medan Resort City (Mercy) Rotterdam blok K06 kec.Deli Tua', '3.512107,98.675058', 7, 3, 1, '', 2, '495000', '', 7, 1, 7, 5, '', '', 1, '2020-12-07 05:24:23'),
(194, 'Hasudungan', '085261684301', 'Jl. Kenangq sari No. 21 Pasae 6 Tj. Sari ', '3.561753,98.639911', 7, 1, 1, 'No udang,hipertensi', 1, '195000', '07-12-2020', 7, 2, 8, 1, '', '-', 1, '2020-12-07 06:59:23'),
(195, 'Hasudungan', '085261684301', 'Jl. Kenanga sari No. 21 Pasae 6 Tj. Sari', '3.561753,98.639911', 8, 1, 1, 'ALERGI UDANG. Hipertensi Less salt, less magic, less kecap yang asin, less mayo, less mentega. Kalo bisa HAMBAR aja', 1, '0', '', 7, 2, 8, 1, '', '-', 1, '2020-12-07 06:59:23'),
(196, 'Amerinda', '085261684301', 'Jl. Kenangq sari No. 21 Pasae 6 Tj. Sari ', '3.561753,98.639911', 7, 1, 1, '', 1, '220000', '07-12-2020', 7, 2, 8, 1, '', '-', 1, '2020-12-07 14:00:47'),
(197, 'Amerinda', '085261684301', 'Jl. Kenangq sari No. 21 Pasae 6 Tj. Sari ', '3.561753,98.639911', 8, 1, 1, '', 1, '0', '', 7, 2, 8, 1, '', '-', 1, '2020-12-07 14:00:47'),
(198, 'Nesya Ardella', '08113677431', 'Perumahan Medan Resort City (Mercy) Rotterdam blok K06 kec.Deli Tua', '3.512107,98.675058', 8, 3, 1, '', 3, '0', '', 7, 1, 9, 1, 'Mengganti hari rabu diganti di tgl 21', '', 1, '2020-12-10 05:18:38'),
(199, 'Debby anggraini', '08126000357', 'Jl. Karya Jaya No. 146', '3.529349,98.676531', 8, 3, 1, 'ALERGI UDANG. Hipertensi + HAMIL. Less salt, less magic, less kecap yang asin, Less mayo, less mentega. Kalo bisa HAMBAR aja', 1, '0', '', 7, 1, 8, 1, 'Mengganti hari rabu', '-', 1, '2020-12-10 05:19:30'),
(200, 'Fifi', '087825567898', 'Jl.Kereta Api Baru No.10B ; Kesawan ; Medan Barat', '3.589103,98.680338', 8, 1, 1, '', 1, '0', '', 7, 1, 8, 4, 'Tgl 11 skip diganti di tgl 18 jumat', 'Pengiriman lewat pintu belakang, masuk dari gang di samping rumah Jl.Perniagaan Baru no. 20C', 1, '2020-12-10 05:30:45'),
(201, 'Clarissia', '08126038654', 'BCA Diponegoro', '3.584618,98.672817', 8, 1, 1, 'No Beef', 1, '0', '', 7, 1, 8, 1, 'Ganti hari rabu', '-', 0, '2020-12-10 05:55:28'),
(202, 'Cheria Lunch', '081262943669', '(LUNCH) BCA ASIA SIMPANG LAMPUNG (samping bank UOB) jl. Asia no 184D titip satpam', '3.584527,98.691058', 8, 4, 1, 'NO BEEF', 2, '0', '', 6, 1, 10, 1, 'Selesai tgl 28 ganti hari rabu', '-LUNCH titip satpam. Harus sampe sebelum 11.45 !!', 1, '2020-12-10 05:57:17'),
(204, 'Juliaty Ginting', '081361447314', 'jl pasar baru no 43 padang bulan', '3.552058,98.654967', 8, 3, 1, 'No Ayam, No Nasi merah, ASAM URAT (daging ayam, ikan, jamur TIDAK LEBIH 70 gram, kurangi biji2an, kacang2an, kol, dan bayam. HARAM Jeroan)', 3, '0', '', 7, 1, 8, 1, 'Mengganti hari rabu', '', 0, '2020-12-10 05:58:46'),
(205, 'Aldila hilma', '085261951500', 'Jl.M. Idris no 47', '3.596292,98.659113', 8, 3, 1, '', 1, '0', '', 7, 1, 8, 2, 'Dinner sebelum jam 6. Intermitten fasting, jumat skip,selesai hari selasa', '', 1, '2020-12-10 05:59:54'),
(206, 'Cut rini', '081375826083', 'Jl M. idris no 45B.', '3.596204,98.658964', 8, 1, 1, '', 1, '0', '', 7, 1, 8, 1, 'Mengganti hari rabu', '', 0, '2020-12-10 06:00:44'),
(207, 'Ira', '081370520550', 'Jl. abadi zilenia residence b8 .', '3.573246,98.629408', 8, 1, 1, '', 3, '0', '', 7, 1, 8, 1, 'Mengganti hari rabu', '-', 0, '2020-12-10 06:01:52'),
(208, 'Ernawati ', '081262142271', 'JL. PUTRI HIJAU NO.10 PINTU KELUAR JW MARRIOTT ( HALTE BUS PERINTIS KEMERDEKAAN )', '3.596612,98.675840', 8, 1, 1, 'Jangan pedas. Kurangi lada dan chilli flakes', 3, '0', '', 7, 1, 8, 1, 'Ganti hari rabu', '', 0, '2020-12-10 06:04:22'),
(209, 'Aurora', '081376660608', 'jln harmonika baru no.110 pasar 1 padang bulan medan selayang 20135 ( depan J&M coffee). Menu: lunch + dinner weekely.', '3.555143,98.649645', 8, 3, 1, '-', 2, '0', '', 7, 1, 8, 1, 'Mengganti hari rabu', '-', 0, '2020-12-10 06:05:29'),
(210, 'Dr vira', '081377402344', 'Jl garu 2 villa harjosari indah tahap 2 blok mawar no 37 smraja kec medan amplas kel.', '3.545058,98.706860', 8, 1, 1, '', 3, '0', '', 7, 1, 8, 1, 'Ganti hari rabu', '', 0, '2020-12-10 06:07:16'),
(211, 'Sofie', '081362124060', 'Jl amaliun gg johar no 16', '3.575142,98.694893', 8, 1, 1, 'Nasi,pasta,spaghetti,kentang,dan karbo lain DIBAWAH 65gr', 1, '0', '', 7, 1, 8, 1, 'Ganti hari rabu', 'blok mawar no 36-37 smraja (rumah putih)', 0, '2020-12-10 06:10:19'),
(212, 'Silvina', '08163147074', 'BCA B&G tower (JW Mariot)', '3.596149,98.675886', 8, 1, 1, '', 1, '220000', '13-12-2020', 8, 1, 9, 1, 'Selesai tgl 21 ganti hari rabu', '', 1, '2020-12-10 06:10:51'),
(213, 'Winna kartika', '087869090150', 'Jl. Menteng VII gg. Kesatria no. 20 Medan', '3.566334,98.725043', 8, 1, 1, 'Nasi,pasta,spaghetti,kentang,dan karbo lain DIBAWAH 65gr. NO PEDAS', 1, '0', '', 7, 1, 8, 1, 'Ganti hari rabu', '', 0, '2020-12-10 06:11:27'),
(214, 'Eva', '085361045222', 'Jl. Rahmadsyah 416-C Medan (praktek dr.muzahar, sebelah gg sekolah)', '3.5794745, 98.6953237', 8, 3, 1, 'Hipertensi. Less salt, less magic, less kecap yang asin, less mayo, less mentega. Kalo bisa HAMBAR aja', 1, '0', '', 8, 1, 9, 1, 'Ganti hari rabu', '', 0, '2020-12-10 06:12:03'),
(215, 'Shintha', '08116298000', 'Kantor Garuda Indonesia Jl. Mongonsidi No. 34 A.', '3.571451,98.666901', 8, 1, 1, 'No nasi', 2, '0', '', 7, 1, 8, 1, 'Ganti hari rabu', '', 0, '2020-12-10 06:12:38'),
(216, 'Ika ', '085358941117', 'Jl Panglima Denai Menteng 7 Komplek The Grand Menteng Indah Cluster The Green No.8 b Medan', '3.5538551, 98.7235720', 8, 1, 1, 'NO NASI', 2, '0', '', 7, 1, 8, 1, 'Bayar ongkir ganti hari rabu', '-', 0, '2020-12-10 06:18:25'),
(217, 'Mardhiyah Harahap', '081261925277', 'Jl. Asrama, RS Hermina Medan, Sei Sikambing atau Jl. Asrama, Komplek Bumi Asrk No A16', '3.595367,98.627378', 8, 6, 1, 'Nasi,pasta,spaghetti,kentang,dan karbo lain DIBAWAH 65gr', 2, '0', '', 6, 3, 9, 3, 'Siap tanggal 23 mengganti hari rabu', '', 1, '2020-12-10 06:20:33'),
(218, 'Mardhiyah Harahap', '081261925277', 'Jl. Asrama, RS Hermina Medan, Sei Sikambing atau Jl. Asrama, Komplek Bumi Asrk No A16', '3.595367,98.627378', 9, 6, 1, 'DIET', 2, '0', '', 6, 3, 9, 3, 'Skip tgl 9 desember', '', 1, '2020-12-10 06:20:33'),
(219, 'Amelia', '08126522057', 'Tirta investama jl kapten soemarsono No 74', '3.615893,98.641688', 8, 2, 1, '', 1, '0', '', 6, 1, 8, 1, 'Ganti hari rabu', '', 0, '2020-12-10 06:35:48'),
(220, 'Elyana', '081973435336', 'Platinum garden katamso sebelah sekolah wr supratman Blok A17', '3.545625,98.687222', 8, 1, 1, 'NO NASI MERAH', 1, '0', '', 7, 1, 8, 1, 'Ganti hari rabu', '', 0, '2020-12-10 06:54:22'),
(223, 'Johan', '082366598888', 'Jl raden saleh dalam No.10', '3.589318,98.677325', 7, 3, 1, '', 1, '0', '', 6, 1, 9, 1, 'Selesai di tgl 28 ganti hari rabu', '-', 1, '2020-12-10 07:19:13'),
(227, 'Johan', '082366598888', 'Jl raden saleh dalam No.10', '3.589318,98.677325', 8, 3, 1, '', 1, '0', '', 6, 1, 10, 1, 'Selesai di tgl 28 ganti hari rabu', '-', 1, '2020-12-10 08:06:22'),
(228, 'Johan', '082366598888', 'Jl raden saleh dalam No.10', '3.589318,98.677325', 9, 3, 1, '', 1, '0', '', 6, 1, 9, 5, 'Skip tgl 9,24,25,26,27,31,1,2,3 desember', '-', 1, '2020-12-10 08:06:22'),
(230, 'Ola sembiring', '082273508719', 'Jl bunga asoka komplek asoka raya residance blok d57. Ringroad medan', '3.564046,98.622653', 7, 1, 1, 'ALERGI AYAM & UDANG. Nasi,pasta,spaghetti,kentang,dan karbo lain DIBAWAH 65gr', 2, '195000', '10-12-2020', 7, 5, 8, 4, '', '', 1, '2020-12-10 09:38:43'),
(231, 'Ola sembiring', '082273508719', 'Jl bunga asoka komplek asoka raya residance blok d57. Ringroad medan', '3.564046,98.622653', 8, 1, 1, 'ALERGI AYAM & UDANG. Nasi,pasta,spaghetti,kentang,dan karbo lain DIBAWAH 65gr', 2, '0', '', 7, 5, 8, 4, '', '', 1, '2020-12-10 09:38:43'),
(233, 'Dr.ratna', '082272625881', 'Jl pondok surya blok 1 no 13', '3.6113861, 98.6586129', 8, 1, 1, '', 3, '0', '', 8, 1, 8, 5, 'Endorse', '', 1, '2020-12-10 10:58:41'),
(234, 'Nabila', '081269638109', 'Jl bahagia No 50 sukaraja juanda', '3.571451,98.683794', 8, 1, 1, 'Maagh. No pedas, no asam, no minyak berlebih', 2, '195000', '', 8, 1, 8, 5, '', '', 1, '2020-12-10 11:21:49'),
(236, 'Willi', '082167888811', 'Jl s parman no 217, cambridge apartemen tower picasso lantai 21 (dari zainul arifin, pas sebelum tanjakan turun starbucks cambridge ada gerbang besi, drop off ke security sana saja).', '3.584218,98.667676', 9, 2, 1, 'NO BEEF & LESS SALT', 1, '0', '', 7, 1, 9, 1, 'Skip tgl 9 desember', '( dari zainul arifin, pas sebelum tanjakan turun starbucks cambridge ada gerbang besi, drop off ke security sana saja )', 0, '2020-12-10 11:33:39'),
(238, 'Fitri', '08116124442', 'Jl M. idris No.45B', '3.596204,98.658964', 8, 2, 1, '', 1, '0', '', 7, 1, 8, 1, 'Ganti hari rabu', '', 0, '2020-12-10 11:37:49'),
(242, 'dr. Novia', '08118955385', 'Oyo medan city homestay / turki family spa jln dr mansyur no 81.', '3.567458,98.647036', 7, 5, 1, 'SAYUR NYA MINTA DIBANYAKIN', 1, '795000', '12-12-2020', 7, 5, 10, 4, 'Skip16,24 desember', '-Harus SAMPE TANGAN sebelum 17.30.', 1, '2020-12-10 13:20:29'),
(243, 'dr. Novia', '08118955385', 'Oyo medan city homestay / turki family spa jln dr mansyur no 81.', '3.567458,98.647036', 8, 5, 1, 'SAYUR NYA MINTA DIBANYAKIN', 1, '0', '', 7, 5, 10, 4, 'Skip16,24,30 desember', '-Harus SAMPE TANGAN sebelum 17.30.', 1, '2020-12-10 13:20:29'),
(244, 'dr. Novia', '08118955385', 'Oyo medan city homestay / turki family spa jln dr mansyur no 81.', '3.567458,98.647036', 9, 5, 1, 'SAYUR NYA MINTA DIBANYAKIN', 1, '0', '', 7, 5, 11, 4, 'Skip16,24,25,26,27,30,31,1,2,3', '-Harus SAMPE TANGAN sebelum 17.30.', 1, '2020-12-10 13:20:29'),
(246, 'Devi Haslan', '082304195747', 'Jl. r.a kartini. no. 26 / Tamoe coffee and resto', '3.5800774, 98.6741466', 8, 1, 1, 'Alergi ikan', 1, '220000', '', 8, 1, 8, 5, '', '', 1, '2020-12-12 12:50:44'),
(247, 'Nesya Ardella', '08113677431', 'Perumahan Medan Resort City (Mercy) Rotterdam blok K06 kec.Deli Tua', '3.512107,98.675058', 9, 3, 1, '', 3, '0', '', 8, 1, 9, 1, 'Skip tgl 14d des', '', 0, '2020-12-13 02:48:11'),
(248, 'Amelia', '08126522057', 'Tirta investama jl kapten soemarsono No 74', '3.615893,98.641688', 8, 3, 1, '', 1, '395000', '', 8, 2, 9, 1, 'Dinner di kirim ke jalan kenanga sari No 17b', '', 1, '2020-12-13 12:56:01'),
(249, 'Amelia', '08126522057', 'Tirta investama jl kapten soemarsono No 74', '3.615893,98.641688', 9, 2, 1, '', 1, '0', '', 8, 2, 9, 1, 'Dinner di kirim ke jalan kenanga sari No 17b  skip 15 desember di ganti ditngl 4 januari', '', 1, '2020-12-13 12:56:01'),
(250, 'Riry batubara', '08116331290', 'Jl.suka damai ujung no.15, kel. sei agul, medan barat. (deket supermarket irian jalan karya)', '3.609607,98.666602', 8, 3, 2, 'Hipertensi dan jantung. Less salt, less magic, less kecap yang asin, less mayo, less mentega. Kalo bisa HAMBAR aja', 2, '180000', '13-12-2020', 8, 1, 8, 1, 'Cuma satu hari', 'Diantar sebelum jam 11.30', 1, '2020-12-13 13:13:36'),
(253, 'Hanifah ', '082165026264', 'Jl.Dr sumarsono No 16', '3.569542,98.657452', 8, 1, 1, '', 2, '195000', '13-12-2020', 8, 1, 8, 5, '', '', 1, '2020-12-13 13:16:08'),
(254, 'Eva', '085361045222', 'Jl. Rahmadsyah 416-C Medan (praktek dr.muzahar, sebelah gg sekolah)', '3.5794745, 98.6953237', 8, 3, 1, 'Hipertensi. Less salt, less magic, less kecap yang asin, less mayo, less mentega. Kalo bisa HAMBAR aja', 1, '395000', '13-12-2020', 8, 1, 8, 5, '', '', 1, '2020-12-13 14:07:02'),
(255, 'Muhammad Alles', '081233814292', 'Jl.suka bakti No 20', '3.545629,98.694317', 8, 1, 1, '', 2, '195000', '', 8, 1, 9, 2, 'Kamis jumat skip siap tanggal 22', '', 1, '2020-12-13 15:52:53'),
(256, 'Muhammad Alles', '081233814292', 'Jl.suka bakti No 20', '3.545629,98.694317', 9, 1, 1, '', 1, '0', '', 8, 1, 9, 2, 'Kamis jumat skip siap tanggal 22', '', 0, '2020-12-13 15:52:53'),
(257, 'Debby anggraini', '08126000357', 'Jl. Karya Jaya No. 146', '3.529349,98.676531', 8, 3, 2, 'ALERGI UDANG. Hipertensi + HAMIL. Less salt, less magic, less kecap yang asin, Less mayo, less mentega. Kalo bisa HAMBAR aja', 1, '711000', '15-12-2020', 8, 2, 8, 5, '', '-', 1, '2020-12-14 07:43:40'),
(258, 'Tanty anggraeni s', '081377060515', 'Polda sumut pintu 3', '3.530834,98.737646', 8, 1, 1, 'Nasi,pasta,spaghetti,kentang,dan karbo lain DIBAWAH 65gr', 2, '220000', '14-12-2020', 8, 1, 8, 5, '', '', 1, '2020-12-14 09:36:43');
INSERT INTO `catering_buyer` (`id`, `name`, `phone`, `address`, `latlong`, `order_batch_id`, `order_package_id`, `quantity`, `nutritional_needs`, `payment_to`, `payment_amount`, `payment_date`, `batch_start_id`, `day_start`, `batch_end_id`, `day_end`, `notes`, `driver_notes`, `is_active`, `created_time`) VALUES
(259, 'Elyana', '081973435336', 'Platinum garden katamso sebelah sekolah wr supratman Blok A17', '3.545625,98.687222', 8, 1, 1, 'NO NASI MERAH', 1, '220000', '14-12-2020', 8, 2, 9, 1, '', '', 1, '2020-12-14 13:56:23'),
(260, 'Elyana', '081973435336', 'Platinum garden katamso sebelah sekolah wr supratman Blok A17', '3.545625,98.687222', 9, 1, 1, 'NO NASI MERAH', 1, '0', '', 8, 2, 9, 1, '', '', 0, '2020-12-14 13:56:23'),
(261, 'Atika nst', '081370554407', 'Jl.sei bahorok gg mesjid No 20', '3.578541,98.654547', 8, 1, 1, 'Diet', 2, '195000', '', 8, 3, 9, 2, '', '', 1, '2020-12-14 15:34:38'),
(262, 'Lisda siregar', '082304694312', 'Jl.pabrik tenun No 92', '3.598892,98.656305', 8, 1, 1, 'Alergi ikan dan diet', 1, '195000', '15-12-2020', 8, 3, 9, 2, '', '', 1, '2020-12-15 07:59:32'),
(264, 'Fifi 2', '08196087171', 'PT.Asia sakti wah8d foods jl.pertahanan I No 7', '3,5383408, 98,7200040', 8, 1, 2, '', 1, '100000', '15-12-2020', 8, 5, 8, 5, '', '', 1, '2020-12-15 09:27:16'),
(265, 'Indah', '08116144477', 'Jln ampera 2 komp bank indonesia no 29 kel sei sikambing C mdn helvetia', '3.595008,98.630441', 8, 3, 1, '', 2, '395000', '15-12-2020', 8, 3, 9, 2, '', '', 1, '2020-12-15 13:14:03'),
(266, 'Indah', '08116144477', 'Jln ampera 2 komp bank indonesia no 29 kel sei sikambing C mdn helvetia', '3.595008,98.630441', 9, 3, 1, '', 2, '0', '', 8, 3, 9, 2, '', '', 0, '2020-12-15 13:14:03'),
(267, 'Rini mirza', '082280757879', 'Jl karya wisata komplek villa kencana no 34 b medan johor', '3.516988,98.658039', 9, 3, 1, 'HIPERTENSI TANPA OBAT', 2, '195000', '15-12-2020', 9, 1, 9, 3, 'Senin&rabu(lunch+dinner) selasa (lunch)', '', 1, '2020-12-15 15:34:20'),
(268, 'Jesica elisabet', '081260323211', 'Jl sei arakundo No 32', '3.587518,98.650646', 8, 3, 1, '', 2, '395000', '16-12-2020', 8, 4, 9, 3, '', '', 1, '2020-12-16 03:37:45'),
(269, 'Jesica elisabet', '081260323211', 'Jl sei arakundo No 32', '3.587518,98.650646', 9, 3, 1, '', 2, '0', '', 8, 4, 9, 3, '', '', 1, '2020-12-16 03:37:45'),
(270, 'Unun siregar', '08126034390', 'Gedung PT Bank Sumut. Lantai 6 Div Ops CLAK. Jl Imam Bonjol No 18 Medan', '3.583235,98.675070', 8, 1, 3, 'Alergi seafood dan diet', 1, '585000', '16-12-2020', 8, 4, 9, 3, '', '', 1, '2020-12-16 08:25:10'),
(271, 'Unun siregar', '08126034390', 'Gedung PT Bank Sumut. Lantai 6 Div Ops CLAK. Jl Imam Bonjol No 18 Medan', '3.583235,98.675070', 9, 1, 3, 'ALERGI SEAFOOD & DIET', 1, '0', '', 8, 4, 10, 2, 'Extend senen dan selasa', '', 1, '2020-12-16 08:25:10'),
(272, 'Anisa sartika', '082274938017', 'Jl Dr sumarsono No 4 (dibelakang RS USU)', '3.569560,98.658666', 8, 1, 1, '', 2, '156000', '16-12-2020', 8, 5, 9, 3, 'Hanya 4 hari', '', 1, '2020-12-16 10:57:22'),
(273, 'Anisa sartika', '082274938017', 'Jl Dr sumarsono No 4 (dibelakang RS USU)', '3.569560,98.658666', 9, 1, 1, '', 2, '0', '', 8, 5, 9, 3, 'Hanya 4 hari selasa dinner rabu lunch', '', 1, '2020-12-16 10:57:22'),
(274, 'Fajar 2', '6285270822552', 'Jl M.Idris No 45 B', '3.596204,98.658964', 8, 1, 1, '', 2, '0', '', 8, 4, 9, 3, '', '', 1, '2020-12-17 00:41:52'),
(275, 'Fajar 2', '6285270822552', 'Jl M.Idris No 5 B', '3.594258,98.658122', 9, 1, 1, '', 1, '195000', '04-01-2021', 8, 4, 9, 3, '', '', 1, '2020-12-17 00:41:52'),
(276, 'Fitri', '08116124442', 'Jl M. idris No.45B', '3.596204,98.658964', 8, 2, 1, '', 1, '0', '', 8, 4, 9, 3, '', '', 1, '2020-12-17 00:52:04'),
(277, 'Fitri', '08116124442', 'Jl M. idris No.45B', '3.596204,98.658964', 9, 2, 1, '', 1, '195000', '04-01-2021', 8, 4, 9, 3, '', '', 1, '2020-12-17 00:52:04'),
(278, 'Cut rini', '081375826083', 'Klinik Artdenta II . jln gagak hitam ringroad sebelah dokter hewan', '3.577964,98.626742', 8, 2, 1, '', 1, '0', '', 8, 4, 9, 3, '', '', 1, '2020-12-17 00:53:29'),
(279, 'Cut rini', '081375826083', 'Klinik Artdenta II . jln gagak hitam ringroad sebelah dokter hewan', '3.577979,98.626744', 9, 2, 1, '', 2, '195000', '02-01-2021', 8, 4, 9, 3, '', '', 1, '2020-12-17 00:53:29'),
(280, 'Fatma', '08116142115', 'Jl Catur No 17,Kelurahan pasar merah', '3,569393,98.694710', 9, 1, 1, 'DIET', 2, '195000', '17-12-2020', 9, 1, 9, 5, '', '', 1, '2020-12-17 14:30:23'),
(281, 'Syahrani', '082354321221', 'Jl.laksana no 5 imma kostsamping travel bombai dpan PDAM', '3.579271,98.691137', 8, 1, 1, '', 2, '195000', '17-12-2020', 8, 5, 9, 4, '', '', 1, '2020-12-17 15:23:24'),
(282, 'Syahrani', '082354321221', 'Jl.laksana no 5 imma kostsamping travel bombai dpan PDAM', '3.579271,98.691137', 9, 1, 1, '', 2, '0', '', 8, 5, 9, 4, '', '', 1, '2020-12-17 15:23:24'),
(283, 'Suma', '085361681729', 'Pantai timur jln. Karya no. 55 A kodam kampung lalang, Kel. cinta damai', '3.601013,98.613359', 9, 1, 1, '', 2, '220000', '19-12-2020', 9, 1, 9, 5, '', '', 1, '2020-12-19 04:27:24'),
(284, 'Nabila', '081269638109', 'Jl bahagia No 50 sukaraja juanda', '3.571451,98.683794', 9, 3, 1, 'MAAGH', 2, '395000', '19-12-2020', 9, 1, 9, 5, '', '', 1, '2020-12-19 04:28:35'),
(285, 'Jan fery sembiring', '085285681324', 'Hotel oyo angrek', '3.533112,98.622670', 9, 3, 1, 'ASAM URAT & ALERGI SEAFOOD', 2, '395000', '19-12-2020', 9, 1, 9, 5, '', '', 1, '2020-12-19 11:01:39'),
(286, 'Alfi siregar', '081269323422', 'Jl. Tridharma No. 148 USU', '3.557195,98.652489', 9, 1, 1, 'DIET', 2, '220000', '20-12-2020', 9, 1, 10, 3, 'Paket promo lunch', '', 1, '2020-12-20 05:23:31'),
(287, 'Alfi siregar', '081269323422', 'Jl. Tridharma No. 148 USU', '3.557195,98.652489', 10, 1, 1, 'Diet', 2, '0', '', 9, 1, 10, 3, 'Paket promo lunch', '', 1, '2020-12-20 05:23:31'),
(288, 'Frans lunch', '08126504803', 'Jl.S. Parman No. 261B/67 (Kantor Darmawan) .', '3.578310,98.666747', 9, 1, 1, '', 1, '395000', '20-12-2020', 9, 1, 10, 3, 'Paket promo lunch+dinner', '', 1, '2020-12-20 06:25:03'),
(289, 'Frans lunch', '08126504803', 'Jl.S. Parman No. 261B/67 (Kantor Darmawan) .', '3.578310,98.666747', 10, 3, 1, '', 1, '0', '', 9, 1, 10, 3, 'Paket promo lunch+dinner', '', 1, '2020-12-20 06:25:03'),
(290, 'Frans dinner', '08126504803', 'Jl Pancur Batu No. 18-F, daerag madong lubis, Sei Kera', '3.596541,98.691593', 9, 2, 1, '', 1, '0', '', 9, 1, 10, 3, 'Paket promo lunch+dinner', '', 1, '2020-12-20 06:32:15'),
(291, 'Frans dinner', '08126504803', 'Jl Pancur Batu No. 18-F, daerag madong lubis, Sei Kera', '3.596541,98.691593', 10, 2, 1, '', 1, '0', '', 9, 1, 10, 3, 'Paket promo lunch+dinner', '', 1, '2020-12-20 06:32:15'),
(292, 'Silvina', '08163147074', 'BCA B&G tower (JW Mariot)', '3.596149,98.675886', 9, 1, 1, '', 1, '220000', '', 9, 1, 10, 3, 'Paket promo lunch', '', 1, '2020-12-20 12:42:24'),
(293, 'Silvina', '081263147071', 'BCA B&G tower (JW Mariot)', '3.596149,98.675886', 10, 1, 1, '', 1, '0', '', 9, 1, 10, 3, 'Paket promo lunch', '', 1, '2020-12-20 12:42:24'),
(294, 'Devi Haslan', '082304195747', 'Jl. r.a kartini. no. 26 / Tamoe coffee and resto', '3.5800774, 98.6741466', 9, 1, 1, 'ALERGI IKAN', 1, '220000', '20-12-2020', 9, 1, 10, 3, 'Paket promo lunch tgl 23 skip', '', 1, '2020-12-20 12:43:02'),
(295, 'Devi Haslan', '082304195747', 'Jl. r.a kartini. no. 26 / Tamoe coffee and resto', '3.5800774, 98.6741466', 10, 1, 1, 'Alergi ikan', 1, '0', '', 9, 1, 11, 1, 'Paket promo lunch skip 18 des tgl 30 diganti ke dinner', '', 1, '2020-12-20 12:43:02'),
(296, 'Cheria Lunch', '081262943669', '(LUNCH) BCA ASIA SIMPANG LAMPUNG (samping bank UOB) jl. Asia no 184D titip satpam', '3.584527,98.691058', 9, 4, 1, 'NO BEEF', 2, '0', '', 6, 1, 9, 5, 'Skip tanggal 9,24,25,26,27,31,1,2,3desember', '-LUNCH titip satpam. Harus sampe sebelum 11.45 !!', 1, '2020-12-20 12:55:09'),
(298, 'Kiki meirina', '081269954501', 'Bank syariah mandiri KC Medan kampung baru jalan Brigjend Katamso No 717 AB.', '3.551787,98.688690', 9, 1, 1, '', 1, '220000', '20-12-2020', 9, 1, 10, 3, 'Paket promo lunch', '', 1, '2020-12-20 14:30:43'),
(299, 'Kiki meirina', '081269954501', 'Bank syariah mandiri KC Medan kampung baru jalan Brigjend Katamso No 717 AB.', '3.551787,98.688690', 10, 1, 1, '', 1, '0', '', 9, 1, 10, 3, 'Paket promo lunch', '', 1, '2020-12-20 14:30:43'),
(301, 'Sary munandar', '081368948863', 'Zania kos . Jln budi luhur .', '3.596136,98.632260', 10, 1, 1, '-', 2, '195000', '20-12-2020', 10, 1, 11, 2, 'Setiap H-1 dikirimi alamat', '', 1, '2020-12-20 16:47:10'),
(302, 'Sary munandar', '081368948863', 'Zania kost jln budi luhur', '3.596136,98.632260', 11, 1, 1, '-', 2, '0', '', 10, 1, 11, 2, 'Setiap H-1 dikirimi alamat', '', 0, '2020-12-20 16:47:10'),
(303, 'Nuril fitri', '082370046901', 'jl karya wisata komplek grand johor permai no A 11.', '3.517643,98.662122', 9, 3, 1, '', 1, '195000', '21-12-2020', 9, 1, 9, 3, 'Senin(dinner) selasa&rabu (lunch+dinner)', '', 1, '2020-12-21 03:19:26'),
(304, 'Atika nst', '081370554407', 'Jl.sei bahorok gg mesjid No 20', '3.578541,98.654547', 9, 1, 1, 'Diet', 1, '0', '', 8, 3, 9, 2, '', '', 0, '2020-12-21 05:43:15'),
(305, 'Dilla', '081376296007', 'JL... Mojopahit.. ujung.. No... 69.. A.. (Depan.. Yona.. Cafe)... Pagar.. htam.. yg.. ada.. ring.. basket... Medan.. 20153', '3.575552,98.665248', 10, 5, 1, 'Buah diganti Protein. HIGH PROTEIN & DIET', 2, '0', '', 7, 1, 11, 2, 'PAKAI.. MENU.. LUNCH skip tgl 9,24,25 desember tgl 30 ikt lunch+dinner', '(Depan.. Yona.. Cafe).. Pagar.. htam.. yg.. ada.. ring.. basket.. ', 1, '2020-12-22 07:32:41'),
(306, 'Dilla', '081376296007', 'JL... Mojopahit.. ujung.. No... 69.. A.. (Depan.. Yona.. Cafe)... Pagar.. htam.. yg.. ada.. ring.. basket... Medan.. 20153', '3.575552,98.665248', 11, 5, 1, 'HIGH PROTEIN & DIET BUAH DI GANTI PROTEIN', 2, '0', '', 7, 1, 11, 5, 'PAKAI.. MENU.. LUNCH skip tgl 9,24,25,31 desember 1 januari', '(Depan.. Yona.. Cafe).. Pagar.. htam.. yg.. ada.. ring.. basket.. ', 1, '2020-12-22 07:32:41'),
(307, 'Melsa pratiwi', '082260912490', 'Garuda indonesia jl mongonsidi No.34A depan hermes', '3.571363,98.666801', 10, 4, 1, 'NO NASI & ALERGI PEPAYA, NENAS, BUNCIS, NO PUMPKIN', 2, '0', '', 7, 1, 11, 4, 'Skip tgl 9,18,21,24,25,desember', '', 1, '2020-12-22 07:34:51'),
(308, 'Melsa pratiwi', '082260912490', 'Garuda indonesia jl mongonsidi No.34A depan hermes', '3.571363,98.666801', 11, 4, 1, 'NO NASI & ALERGI PEPAYA, NENAS, BUNCIS', 2, '0', '', 7, 1, 12, 2, 'Skip tgl 9,18,21,24,25,31desember 1 januari', '', 1, '2020-12-22 07:34:51'),
(309, 'Cheria Lunch', '081262943669', '(LUNCH) BCA ASIA SIMPANG LAMPUNG (samping bank UOB) jl. Asia no 184D titip satpam', '3.584527,98.691058', 10, 4, 1, 'NO BEEF', 2, '0', '', 6, 1, 10, 3, 'Skip tanggal 9,24,25,desember', '-LUNCH titip satpam. Harus sampe sebelum 11.45 !!', 1, '2020-12-22 07:42:17'),
(310, 'Cheria Dinner', '081262943669', '(Dinner) Jl. Puri Gg. K Alimun no 28/59B (masuk gang, mentok belok kiri)', '3.578560,98.688845', 10, 5, 1, 'NO BEEF', 1, '0', '', 6, 1, 10, 3, 'Skip tgl 9,24,25,desember', '-', 1, '2020-12-22 07:44:23'),
(311, 'Johan', '082366598888', 'Jl raden saleh dalam No.10', '3.589318,98.677325', 10, 3, 1, '', 1, '0', '', 6, 1, 10, 3, 'Skip tgl 9,24,25, desember', '-', 1, '2020-12-22 07:45:14'),
(312, 'dr. Novia', '08118955385', 'Oyo medan city homestay / turki family spa jln dr mansyur no 81.', '3.567458,98.647036', 10, 5, 1, 'SAYUR NYA MINTA DIBANYAKIN', 1, '0', '', 7, 5, 11, 4, 'Skip16,24,25,30,31,1,2,3  belum di tambah hari nya', '-Harus SAMPE TANGAN sebelum 17.30.', 1, '2020-12-22 07:48:05'),
(313, 'dr. Novia', '08118955385', 'Oyo medan city homestay / turki family spa jln dr mansyur no 81.', '3.567458,98.647036', 11, 5, 1, 'SAYUR NYA MINTA DIBANYAKIN', 1, '0', '', 7, 5, 12, 2, 'Skip16,24,25,30,31,1,6', '-Harus SAMPE TANGAN sebelum 17.30.', 1, '2020-12-22 07:48:05'),
(314, 'Fatma', '08116142115', 'Jl Catur No 17,Kelurahan pasar merah', '3,569393,98.694710', 10, 1, 1, 'DIET', 2, '0', '', 9, 1, 10, 2, 'Skip 24,25 desember', '', 0, '2020-12-22 07:49:29'),
(315, 'Syahrani', '082354321221', 'Jl.laksana no 5 imma kostsamping travel bombai dpan PDAM', '3.579271,98.691137', 10, 5, 1, '', 1, '795000', '28-12-2020', 10, 2, 13, 1, 'Skip tgl 31 des,1,januari belum ditambah hari', '', 1, '2020-12-22 07:51:11'),
(316, 'Suma', '085361681729', 'Pantai timur jln. Karya no. 55 A kodam kampung lalang, Kel. cinta damai', '3.601013,98.613359', 10, 1, 1, '', 2, '0', '', 9, 1, 10, 2, 'Skip 24,25 desember', '', 0, '2020-12-22 07:52:09'),
(317, 'Nabila', '081269638109', 'Jl bahagia No 50 sukaraja juanda', '3.571451,98.683794', 10, 3, 1, 'MAAGH', 2, '0', '', 9, 1, 10, 2, 'Skip tgl 24,25 desember', '', 0, '2020-12-22 07:53:13'),
(318, 'Jan fery sembiring', '085285681324', 'Hotel oyo angrek', '3.533112,98.622670', 10, 3, 1, 'ASAM URAT & ALERGI SEAFOOD', 2, '0', '', 9, 1, 10, 2, 'Skip tgl 24,25 desember', '', 0, '2020-12-22 07:53:55'),
(319, 'Unun siregar', '08126034390', 'Gedung PT Bank Sumut. Lantai 6 Div Ops CLAK. Jl Imam Bonjol No 18 Medan', '3.583235,98.675070', 10, 1, 3, 'ALERGI SEAFOOD & DIET', 1, '0', '', 8, 4, 10, 2, 'Extend senen dan selasa', '', 0, '2020-12-22 07:54:58'),
(321, 'Linda siregar', '082304694312', 'Jl.pabrik tenun No 92', '3.598892,98.656305', 9, 1, 1, 'ALERGI IKAN DAN DIET', 1, '0', '', 8, 3, 9, 2, '', '', 0, '2020-12-22 13:01:03'),
(322, 'Sri M Wahyuningtias', '082274547529', 'Jl stm sukajaya no 6  kel sukamaju.', '3.545559,98.690890', 10, 3, 1, 'Hipertensi + Diabetes', 1, '150000', '25-12-2020', 10, 1, 10, 3, 'Hanya 3 hari', '', 1, '2020-12-25 13:37:39'),
(323, 'Lina taslim', '081932000844', 'Jl. Cemara ujung 2a-2b medan', '3.628929,98.707356', 10, 3, 1, 'Diet', 1, '150000', '26-12-2020', 10, 1, 10, 3, 'Cmn 3 hari tambahan dinner selasa rabu tf 100k ke hanif', 'toko bangunan sumber rezeki depan spbu haji anif cemara asri.', 1, '2020-12-26 05:19:58'),
(324, 'Mardhiyah Harahap', '081261925277', 'Jl. Asrama, RS Hermina Medan, Sei Sikambing atau Jl. Asrama, Komplek Bumi Asrk No A16', '3.595367,98.627378', 10, 1, 1, 'DIET', 2, '0', '', 6, 3, 10, 1, 'Extend 1 hari', '', 0, '2020-12-27 15:25:41'),
(325, 'Vivi misdia', '08116060026', 'jl arifin no 1B Sitirejo II.', '3.552477,98.691760', 10, 1, 1, '', 1, '150000', '28-12-2020', 10, 1, 10, 3, '3 hari', '', 1, '2020-12-27 17:31:37'),
(326, 'Aldila hilma', '085261951500', 'Jl.M. Idris no 47', '3.596292,98.659113', 10, 3, 1, '', 1, '0', '', 10, 1, 11, 2, 'Start diiner tgl 28 lunch 29 selesai dinner tgl 5 lunch tgl 6', 'Dinner sebelum jam 6', 1, '2020-12-28 04:25:21'),
(327, 'Aldila hilma', '085261951500', 'Jl.M. Idris no 47', '3.596292,98.659113', 11, 3, 1, '', 1, '0', '', 10, 1, 11, 2, 'Start diiner tgl 28 lunch 29 selesai dinner tgl 5 lunch tgl 6', 'Dinner sebelum jam 6', 0, '2020-12-28 04:25:21'),
(328, 'Sri M Wahyuningtias', '082274547529', 'Jl stm sukajaya no 6  kel sukamaju.', '3.545559,98.690890', 11, 3, 1, 'Hipertensi + Diabetes', 1, '0', '', 11, 1, 11, 1, 'tambahan 1 hari saja ', '', 0, '2020-12-29 09:58:08'),
(329, 'Astri', '081263055747', 'Jl.karya wisata No 135', '3,5245607, 98,6630614', 11, 3, 1, '', 1, '0', '', 11, 1, 11, 5, '', 'Toko ASTRI', 1, '2020-12-30 03:27:59'),
(331, 'Devi Haslan', '082304195747', 'Jl. r.a kartini. no. 26 / Tamoe coffee and resto', '3.5800774, 98.6741466', 11, 3, 1, 'Alergi ikan', 1, '220000', '03-01-2021', 11, 1, 11, 5, 'Senin&selasa dinner kamis lunch+dinner jumat lunch', '', 1, '2021-01-03 15:37:25'),
(332, 'Amelia', '08126522057', 'Tirta investama jl kapten soemarsono No 74', '3.615893,98.641688', 11, 3, 1, '', 1, '0', '', 11, 1, 11, 1, 'Dinner di kirim ke jalan kenanga sari No 17b  cmn 1 hari', '', 0, '2021-01-03 15:38:21'),
(333, 'Silvina', '081263147071', 'BCA B&G tower (JW Mariot)', '3.596149,98.675886', 11, 4, 1, '', 1, '795000', '03-01-2021', 11, 1, 14, 5, '', '', 1, '2021-01-03 15:40:15'),
(334, 'Silvina', '081263147071', 'BCA B&G tower (JW Mariot)', '3.596149,98.675886', 12, 4, 1, '', 1, '795000', '03-01-2021', 11, 1, 13, 5, '', '', 1, '2021-01-03 15:40:15'),
(335, 'Silvina', '081263147071', 'BCA B&G tower (JW Mariot)', '3.596149,98.675886', 13, 4, 1, '', 1, '795000', '03-01-2021', 11, 1, 13, 5, '', '', 1, '2021-01-03 15:40:15'),
(336, 'Rini mirza', '082280757879', 'Jl karya wisata komplek villa kencana no 34 b medan johor', '3.516988,98.658039', 11, 2, 1, 'HIPERTENSI TANPA OBAT', 2, '220000', '03-01-2021', 11, 1, 12, 5, '2 minggu tgl 7,8 skip', '', 1, '2021-01-03 15:42:09'),
(337, 'Rini mirza', '082280757879', 'Jl karya wisata komplek villa kencana no 34 b medan johor', '3.516988,98.658039', 12, 2, 1, 'HIPERTENSI TANPA OBAT request pedas', 2, '0', '03-01-2021', 11, 1, 12, 2, '', '', 0, '2021-01-03 15:42:09'),
(338, 'Syahrani', '082354321221', 'Jl.laksana no 5 imma kostsamping travel bombai dpan PDAM', '3.579271,98.691137', 11, 5, 1, '', 1, '0', '', 10, 2, 13, 3, 'Skip tgl 31 des,1,januari', '', 1, '2021-01-03 16:11:00'),
(339, 'Syahrani', '082354321221', 'Jl.laksana no 5 imma kostsamping travel bombai dpan PDAM', '3.579271,98.691137', 12, 5, 1, '', 1, '0', '', 10, 2, 14, 3, 'Skip tgl 31 des,1,januari', '', 1, '2021-01-03 16:11:00'),
(340, 'Syahrani', '082354321221', 'Jl.laksana no 5 imma kostsamping travel bombai dpan PDAM', '3.579271,98.691137', 13, 5, 1, '', 1, '0', '', 10, 2, 13, 1, 'Skip tgl 31 des,1,januari belum ditambah hari', '', 1, '2021-01-03 16:11:00'),
(341, 'Debby anggraini', '08126000357', 'Jl. Karya Jaya No. 146', '3.529349,98.676531', 11, 3, 2, 'ALERGI UDANG. Hipertensi + HAMIL. Less salt, less magic, less kecap yang asin, Less mayo, less mentega. Kalo bisa HAMBAR aja', 1, '711000', '', 11, 1, 11, 5, 'Tambahan 1 lunch+dinner dari selasa sampe jumat', '-', 1, '2021-01-04 00:50:09'),
(342, 'Elyana', '081973435336', 'Platinum garden katamso sebelah sekolah wr supratman Blok A17', '3.545625,98.687222', 11, 1, 1, 'NO NASI MERAH', 1, '220000', '04-01-2021', 11, 2, 12, 1, '', '', 1, '2021-01-04 13:45:57'),
(343, 'Elyana', '081973435336', 'Platinum garden katamso sebelah sekolah wr supratman Blok A17', '3.545625,98.687222', 12, 1, 1, 'NO NASI MERAH', 1, '220000', '04-01-2021', 11, 2, 12, 1, '', '', 0, '2021-01-04 13:45:57'),
(344, 'Nesya Ardella', '08113677431', '', '0', 11, 3, 1, '', 2, '220000', '05-01-2021', 11, 2, 11, 4, 'Tambahan 1 hari tgl 7 januari dan alamat dikirim sebelum jam 9', '', 1, '2021-01-04 13:55:47'),
(345, 'Titin agustina', '082363422184', 'Lab.klinik prodia. Jl.S Parman no 223FG', '3.583152,98.667407', 11, 1, 2, '', 2, '390000', '05-01-2021', 11, 2, 12, 1, '', '', 1, '2021-01-05 00:57:11'),
(346, 'Titin agustina', '082363422184', 'Lab.klinik prodia. Jl.S Parman no 223FG', '3.583152,98.667407', 12, 1, 2, '', 2, '0', '', 11, 2, 12, 1, '', '', 0, '2021-01-05 00:57:11'),
(347, 'Cut yunita', '081361713409', 'wahid hasyim no 14( dinas ketenagakerjaan)', '3.5758622,98.6575172', 11, 3, 1, 'Diet', 1, '395000', '06-12-2002', 11, 3, 12, 2, 'Rabu dan kamis lunch di wahid hasyim no 14( dinas ketenagakerjaan).Jumat lunch n diner n rabu. Kamis  diner di komp tasbj 1 blok RR no 22', '', 1, '2021-01-05 08:45:40'),
(348, 'Cut yunita', '081361713409', 'wahid hasyim no 14( dinas ketenagakerjaan)', '3.5758622, 98.6575172', 12, 3, 1, 'Diet', 1, '0', '', 11, 3, 12, 2, 'Rabu dan kamis lunch di wahid hasyim no 14( dinas ketenagakerjaan). Jumat lunch n diner n rabu. Kamis  diner di komp tasbj 1 blok RR no 22', '', 0, '2021-01-05 08:45:40'),
(349, 'Lina taslim', '081932000844', 'Jl Sunkiss no 8f perum. Cemara asir', '3,6347744, 98,7050225', 11, 1, 1, 'Diet', 1, '45000', '05-01-2021', 11, 3, 11, 3, 'Cuma 1 hari', '', 1, '2021-01-05 13:49:17'),
(350, 'Dr tasya', '0', 'jalan karya wisata komplek ruko j city blok D50-51 (Glanz Clinic)', '3,5355081, 98,6625782', 11, 1, 1, '', 3, '0', '', 11, 4, 12, 3, 'Endorse', '', 1, '2021-01-06 06:26:16'),
(351, 'Dr tasya', '0', 'jalan karya wisata komplek ruko j city blok D50-51 (Glanz Clinic)', '3.5355081, 98.6625782', 12, 1, 1, '', 3, '0', '', 11, 4, 12, 3, 'Endorse', '', 1, '2021-01-06 06:26:16'),
(352, 'Sri M Wahyuningtias', '082274547529', 'Jl stm sukajaya no 6  kel sukamaju.', '3.545559,98.690890', 12, 6, 1, 'Diabetes', 2, '1450000', '08-01-2021', 12, 1, 15, 5, '', '', 1, '2021-01-08 09:25:38'),
(353, 'Sri M Wahyuningtias', '082274547529', 'Jl stm sukajaya no 6  kel sukamaju.', '3.545559,98.690890', 13, 6, 1, 'Hipertensi', 2, '1450000', '08-01-2021', 12, 1, 15, 5, '', '', 1, '2021-01-08 09:25:38'),
(354, 'Sri M Wahyuningtias', '082274547529', 'Jl stm sukajaya no 6  kel sukamaju.', '3.545559,98.690890', 14, 6, 1, 'Hipertensi', 2, '1450000', '08-01-2021', 12, 1, 15, 5, '', '', 1, '2021-01-08 09:25:38'),
(355, 'Sri M Wahyuningtias', '082274547529', 'Jl stm sukajaya no 6  kel sukamaju.', '3.545559,98.690890', 15, 6, 1, 'Hipertensi', 2, '1450000', '08-01-2021', 12, 1, 15, 5, '', '', 1, '2021-01-08 09:25:38'),
(356, 'Purwanti permata sari', '082273575742', 'Jl karya wisata, komp jcity (jcrown) blok a no.19-21', '3.5345654, 98.6603218', 12, 1, 1, '', 1, '195000', '08-01-2021', 12, 1, 12, 5, '', '', 1, '2021-01-08 10:25:32'),
(357, 'dr. Novia', '08118955385', 'Oyo medan city homestay / turki family spa jln dr mansyur no 81.', '3.567458,98.647036', 12, 5, 1, 'SAYUR NYA MINTA DIBANYAKIN', 1, '0', '', 7, 5, 12, 2, 'Skip16,24,25,30,31,1,6', '-Harus SAMPE TANGAN sebelum 17.30.', 1, '2021-01-10 03:34:21'),
(358, 'Grace', '082167578899', 'Jl supeno 8A', '3.5728727, 98.6729399', 12, 2, 1, 'No beef', 2, '195000', '10-01-2021', 12, 1, 12, 5, '', '', 1, '2021-01-10 14:25:25'),
(359, 'Devi Haslan', '082304195747', 'Jl. r.a kartini. no. 26 / Tamoe coffee and resto', '3.5800774, 98.6741466', 12, 3, 1, 'Alergi ikan', 1, '220000', '10-01-2021', 12, 1, 12, 5, 'Senin&selasa dinner kamis lunch+dinner jumat lunch', '', 1, '2021-01-10 14:27:19'),
(360, 'Clarissia', '08126038654', 'BCA Diponegoro', '3.584618,98.672817', 12, 1, 1, 'No Beef', 1, '0', '', 12, 1, 12, 5, '', '-', 1, '2021-01-10 14:28:12'),
(361, 'Elly siska', '0', 'BCA Diponegoro', '3.584618,98.672817', 12, 1, 1, 'No beef', 1, '0', '', 12, 1, 12, 5, '', '', 1, '2021-01-10 14:32:20'),
(362, 'Debby anggraini', '08126000357', 'Jl. Karya Jaya No. 146', '3.529349,98.676531', 12, 3, 1, 'ALERGI UDANG DAN SALMON. Hipertensi + HAMIL. Less salt, less magic, less kecap yang asin, Less mayo, less mentega. Kalo bisa HAMBAR aja', 1, '395000', '', 12, 1, 12, 5, '', '-', 1, '2021-01-10 16:14:20'),
(363, 'Melsa pratiwi', '082260912490', 'Garuda indonesia jl mongonsidi No.34A depan hermes', '3.571363,98.666801', 12, 4, 1, 'NO NASI & ALERGI PEPAYA, NENAS, BUNCIS', 2, '0', '', 7, 1, 12, 3, 'Skip tgl 9,18,21,24,25,31desember 1,12 januari', '', 1, '2021-01-10 16:24:49'),
(364, 'Dilla', '081376296007', 'JL... Mojopahit.. ujung.. No... 69.. A.. (Depan.. Yona.. Cafe)... Pagar.. htam.. yg.. ada.. ring.. basket... Medan.. 20153', '3.575552,98.665248', 12, 5, 1, 'HIGH PROTEIN & DIET BUAH DI GANTI PROTEIN', 2, '795000', '', 12, 1, 15, 5, 'PAKAI.. MENU.. LUNCH', '(Depan.. Yona.. Cafe).. Pagar.. htam.. yg.. ada.. ring.. basket.. ', 1, '2021-01-11 06:02:37'),
(365, 'Dilla', '081376296007', 'JL... Mojopahit.. ujung.. No... 69.. A.. (Depan.. Yona.. Cafe)... Pagar.. htam.. yg.. ada.. ring.. basket... Medan.. 20153', '3.575552,98.665248', 13, 5, 1, 'HIGH PROTEIN & DIET BUAH DI GANTI PROTEIN', 2, '0', '', 12, 1, 15, 5, 'PAKAI.. MENU.. LUNCH skip tgl 9,24,25,31 desember 1 januari', '(Depan.. Yona.. Cafe).. Pagar.. htam.. yg.. ada.. ring.. basket.. ', 1, '2021-01-11 06:02:37'),
(366, 'Dilla', '081376296007', 'JL... Mojopahit.. ujung.. No... 69.. A.. (Depan.. Yona.. Cafe)... Pagar.. htam.. yg.. ada.. ring.. basket... Medan.. 20153', '3.575552,98.665248', 14, 5, 1, 'HIGH PROTEIN & DIET BUAH DI GANTI PROTEIN', 2, '0', '', 12, 1, 15, 5, 'PAKAI.. MENU.. LUNCH skip tgl 9,24,25,31 desember 1 januari', '(Depan.. Yona.. Cafe).. Pagar.. htam.. yg.. ada.. ring.. basket.. ', 1, '2021-01-11 06:02:37'),
(367, 'Dilla', '081376296007', 'JL... Mojopahit.. ujung.. No... 69.. A.. (Depan.. Yona.. Cafe)... Pagar.. htam.. yg.. ada.. ring.. basket... Medan.. 20153', '3.575552,98.665248', 15, 5, 1, 'HIGH PROTEIN & DIET BUAH DI GANTI PROTEIN', 2, '0', '', 12, 1, 15, 5, 'PAKAI.. MENU.. LUNCH skip tgl 9,24,25,31 desember 1 januari', '(Depan.. Yona.. Cafe).. Pagar.. htam.. yg.. ada.. ring.. basket.. ', 1, '2021-01-11 06:02:37'),
(369, 'Nesya Ardella', '08113677431', 'Perumahan Medan Resort City (Mercy) Rotterdam blok K06 kec.Deli Tua', '3.512107,98.675058', 12, 2, 1, 'No pedas', 2, '55000', '', 12, 1, 12, 1, '', '', 0, '2021-01-11 10:21:38'),
(370, 'Nomi Mutiaridha', '082167677814', 'Jl Sei Kapuas no 11 Medan', '3.5838797, 98.6504406', 12, 3, 1, '', 1, '0', '', 12, 3, 13, 2, '', '', 1, '2021-01-12 11:07:40'),
(371, 'Nomi Mutiaridha', '082167677814', 'Jl Sei Kapuas no 11 Medan', '3,5838797, 98,6504406', 13, 3, 1, '', 1, '0', '', 12, 3, 13, 2, '', '', 1, '2021-01-12 11:07:40'),
(372, 'Rini mirza', '082280757879', 'Jl karya wisata komplek villa kencana no 34 b medan johor', '3.516988,98.658039', 12, 2, 1, 'HIPERTENSI TANPA OBAT request pedas', 2, '175000', '', 11, 3, 12, 2, '', '', 1, '2021-01-12 11:13:58'),
(373, 'dr. Novia', '08118955385', 'Oyo medan city homestay / turki family spa jln dr mansyur no 81.', '3.567458,98.647036', 12, 5, 1, 'SAYUR NYA MINTA DIBANYAKIN', 1, '0', '', 12, 3, 16, 2, 'Skip15,19,28 januari', '-Harus SAMPE TANGAN sebelum 17.30.', 1, '2021-01-13 03:50:21'),
(374, 'dr. Novia', '08118955385', 'Oyo medan city homestay / turki family spa jln dr mansyur no 81.', '3.567458,98.647036', 13, 5, 1, 'SAYUR NYA MINTA DIBANYAKIN', 1, '0', '', 12, 3, 16, 2, 'Skip15,19,28 januari', '-Harus SAMPE TANGAN sebelum 17.30.', 1, '2021-01-13 03:50:21'),
(375, 'dr. Novia', '08118955385', 'Oyo medan city homestay / turki family spa jln dr mansyur no 81.', '3.567458,98.647036', 14, 5, 1, 'SAYUR NYA MINTA DIBANYAKIN', 1, '0', '', 12, 3, 16, 2, 'Skip15,19,28 januari', '-Harus SAMPE TANGAN sebelum 17.30.', 1, '2021-01-13 03:50:21'),
(376, 'dr. Novia', '08118955385', 'Oyo medan city homestay / turki family spa jln dr mansyur no 81.', '3.567458,98.647036', 15, 5, 1, 'SAYUR NYA MINTA DIBANYAKIN', 1, '0', '', 12, 3, 16, 2, 'Skip15,19,28 januari', '-Harus SAMPE TANGAN sebelum 17.30.', 1, '2021-01-13 03:50:21'),
(377, 'dr. Novia', '08118955385', 'Oyo medan city homestay / turki family spa jln dr mansyur no 81.', '3.567458,98.647036', 16, 5, 1, 'SAYUR NYA MINTA DIBANYAKIN', 1, '0', '', 12, 3, 16, 2, 'Skip15,19,28 januari', '-Harus SAMPE TANGAN sebelum 17.30.', 1, '2021-01-13 03:50:21'),
(378, 'Cut yunita', '081361713409', 'Komplek tasbi 1 blok RR no 22', '3.5690292,98.6303820', 12, 2, 1, '', 1, '0', '', 12, 4, 13, 3, '', '', 0, '2021-01-13 10:51:35'),
(379, 'Cut yunita', '081361713409', 'Komplek tasbi 1 blok RR no 22', '3.5690292,98.6303820', 13, 2, 1, '', 1, '0', '', 12, 4, 13, 3, '', '', 1, '2021-01-13 10:51:35'),
(380, 'Yuyun ', '081361713409', 'Tasbi RR no 22', '3.5690292,98.6303820', 12, 2, 1, '', 1, '195000', '14-01-2021', 12, 4, 13, 3, '', '', 1, '2021-01-14 03:25:14'),
(381, 'Yuyun ', '081361713409', 'Tasbi RR no 22', '3.5690292,98.6303820', 13, 2, 1, '', 1, '195000', '14-01-2021', 12, 4, 13, 3, '', '', 1, '2021-01-14 03:25:14'),
(382, 'Kiki 2', '081397675533', 'Jl kapten sumarsono no 86 (global autocar doorsmeer) Helvetia medan.', '3,6157993, 98,6446879', 13, 2, 1, 'DIET', 1, '0', '', 13, 1, 13, 5, '', '', 1, '2021-01-14 08:42:57');

-- --------------------------------------------------------

--
-- Struktur dari tabel `catering_order_batch`
--

CREATE TABLE `catering_order_batch` (
  `id` int(11) NOT NULL,
  `name` varchar(20) NOT NULL,
  `batch_number` int(11) DEFAULT NULL,
  `duration` varchar(35) DEFAULT NULL,
  `is_active` tinyint(1) NOT NULL DEFAULT '1',
  `created_time` timestamp NOT NULL DEFAULT CURRENT_TIMESTAMP
) ENGINE=InnoDB DEFAULT CHARSET=latin1;

--
-- Dumping data untuk tabel `catering_order_batch`
--

INSERT INTO `catering_order_batch` (`id`, `name`, `batch_number`, `duration`, `is_active`, `created_time`) VALUES
(1, 'Batch 28', 28, '26-30 Oktober', 1, '2020-10-27 08:50:53'),
(2, 'Batch 29', 29, '2-6 November', 1, '2020-10-27 13:10:34'),
(3, 'Batch 30', 30, '9 - 13 November 2020', 1, '2020-10-30 23:53:36'),
(4, 'Batch 31', 31, '16 - 20 November 2020', 1, '2020-10-30 23:54:12'),
(5, 'Batch 32', 32, '23 - 27 November 2020', 1, '2020-10-31 12:48:56'),
(6, 'Batch 33', 33, '30 Nov - 4 Des 2020', 1, '2020-11-04 15:55:41'),
(7, 'Batch 34', 34, '7 - 12 Desember', 1, '2020-11-09 21:57:37'),
(8, 'Batch 35', 35, '14 - 18 Desember 2020', 1, '2020-11-29 17:18:43'),
(9, 'Batch 36', 36, '21 - 25 Desember 2020', 1, '2020-11-29 17:19:12'),
(10, 'Batch 37', 37, '28 Des 2020 - 1 Jan 2021', 1, '2020-12-06 17:14:05'),
(11, 'Batch 38', 38, '4 - 8 Januari 2021', 1, '2020-12-13 22:26:00'),
(12, 'Batch 39', 39, '11 - 15 Januari 2020', 1, '2020-12-13 22:30:07'),
(13, 'Batch 40', 40, '18 - 22 Januari 2020', 1, '2020-12-13 22:44:05'),
(14, 'Batch 41', 41, '25-29 Januari 2021', 1, '2021-01-08 03:48:24'),
(15, 'Batch 42', 42, '1-5 januari 2021', 1, '2021-01-08 04:06:31'),
(16, 'Batch 43', 43, '8-12 feb 2021', 1, '2021-01-11 06:01:46');

-- --------------------------------------------------------

--
-- Struktur dari tabel `catering_order_detail`
--

CREATE TABLE `catering_order_detail` (
  `id` int(11) NOT NULL,
  `catering_order_batch_id` int(11) NOT NULL,
  `day_id` int(11) NOT NULL,
  `time_order` int(11) NOT NULL,
  `buyer_id` int(11) NOT NULL,
  `address` longtext,
  `latlong` varchar(30) DEFAULT NULL,
  `notes` longtext,
  `driver_notes` longtext,
  `is_out_of_range` tinyint(1) DEFAULT '0',
  `is_active` tinyint(1) NOT NULL DEFAULT '1',
  `created_time` timestamp NOT NULL DEFAULT CURRENT_TIMESTAMP
) ENGINE=InnoDB DEFAULT CHARSET=latin1;

--
-- Dumping data untuk tabel `catering_order_detail`
--

INSERT INTO `catering_order_detail` (`id`, `catering_order_batch_id`, `day_id`, `time_order`, `buyer_id`, `address`, `latlong`, `notes`, `driver_notes`, `is_out_of_range`, `is_active`, `created_time`) VALUES
(37, 1, 1, 1, 8, 'Jl. Raden Saleh Dalam No. 10', '3.589529, 98.677090', '-', '-', 0, 1, '2020-10-28 17:01:42'),
(38, 1, 1, 1, 9, 'BCA KCP ASIA', '3.584493, 98.691076', '-', '-', 0, 1, '2020-10-28 17:01:49'),
(39, 1, 1, 1, 10, 'BCA JW', '3.596260, 98.676106', '-', '-', 0, 1, '2020-10-28 17:01:55'),
(46, 2, 1, 1, 15, 'Jl.Bunga Ester No.64d Psr VI P.Bulan (rumahnya pas di depan gereja katolik St.Fransiskus)', '3.544960, 98.651088', '-', '-', 0, 1, '2020-10-30 02:54:24'),
(47, 2, 1, 2, 15, 'Jl.Bunga Ester No.64d Psr VI P.Bulan (rumahnya pas di depan gereja katolik St.Fransiskus)', '3.544960, 98.651088', '-', '-', 0, 1, '2020-10-30 02:55:13'),
(48, 2, 2, 1, 15, 'Jl.Bunga Ester No.64d Psr VI P.Bulan (rumahnya pas di depan gereja katolik St.Fransiskus)', '3.544960, 98.651088', '-', '-', 0, 1, '2020-10-30 02:55:27'),
(53, 2, 4, 1, 15, 'Jl.Bunga Ester No.64d Psr VI P.Bulan (rumahnya pas di depan gereja katolik St.Fransiskus)', '3.544960, 98.651088', '-', '-', 0, 1, '2020-10-30 02:57:28'),
(54, 2, 4, 2, 15, 'Jl.Bunga Ester No.64d Psr VI P.Bulan (rumahnya pas di depan gereja katolik St.Fransiskus)', '3.544960, 98.651088', '-', '-', 0, 1, '2020-10-30 02:57:42'),
(56, 2, 3, 2, 14, 'Jl. Karya sehati no. 24', '3.530639, 98.671111', 'Diabetes dan asam urat. Nasi max 100 gr, daging2an max 60 gr', '-', 0, 1, '2020-10-30 03:01:39'),
(57, 2, 4, 2, 14, 'Jl. Karya sehati no. 24', '3.530639, 98.671111', 'Diabetes dan asam urat. Nasi max 100 gr, daging2an max 60 gr', '-', 0, 1, '2020-10-30 03:02:00'),
(59, 2, 1, 1, 16, 'Jl. Emas no. 18/30, sei rengas II', '3.5847916, 98.6976904', '-', '-', 0, 1, '2020-10-30 03:04:09'),
(60, 2, 1, 1, 17, 'Jl. Karya Jaya No. 146', '3.5301298, 98.6776335', 'LESS SALT, LESS MAGIC', '-', 0, 1, '2020-10-30 03:05:16'),
(61, 2, 1, 2, 17, 'Jl. Karya Jaya No. 146', '3.5301298, 98.6776335', 'Less salt, less magic', '-', 0, 1, '2020-10-30 03:05:49'),
(62, 2, 1, 1, 19, '(LUNCH) BCA ASIA SIMPANG LAMPUNG (samping bank UOB) jl. Asia no 184D titip satpam', '3.584527,98.691058', 'LUNCH titip satpam. Dinner ke jl. Puri.', '-', 0, 1, '2020-10-30 03:06:11'),
(63, 2, 1, 2, 20, '(Dinner) Jl. Puri Gg. K Alimun no 28/59B (masuk gang, mentok belok kiri)', '3.578560,98.688845', '-', '-', 0, 1, '2020-10-30 03:06:27'),
(64, 2, 1, 1, 21, 'Alamat Pengiriman:jl flamboyan raya,kompleks taman asoka asri blok E no 21', '3.5487250, 98.6173930', 'Diabetes jangan banyak kecap dan gula. Max 3 sendok', '-', 0, 1, '2020-10-30 03:07:43'),
(65, 2, 1, 2, 21, 'Alamat Pengiriman:jl flamboyan raya,kompleks taman asoka asri blok E no 21', '3.5487250, 98.6173930', 'Diabetes jangan banyak gula + kecap. Maksimal 3 sendok utk total gula dan kecap', '-', 0, 1, '2020-10-30 03:08:21'),
(66, 2, 1, 2, 23, 'Komplek mutiara palace blok DD-33A', '3.610491,98.711592', '-', '-', 0, 1, '2020-10-30 03:08:53'),
(67, 2, 1, 1, 24, 'asia mega mas blok H no.1', '3.585245,98.703028', 'Lanjut hari selasa tanya lagi', '-', 0, 1, '2020-10-30 03:09:30'),
(68, 2, 1, 2, 24, 'asia mega mas blok H no.1', '3.585245,98.703028', 'Lanjut hari selasa tanya lagi', '-', 0, 1, '2020-10-30 03:09:42'),
(69, 2, 1, 1, 25, 'Komplek villa gading mas 2 blok DD.17', '3.533581,98.697020', 'LESS SALT, LESS MACIG, totalnya 1/2 sendok teh', '-', 0, 1, '2020-10-30 03:11:05'),
(70, 2, 1, 2, 25, 'Komplek villa gading mas 2 blok DD.17', '3.533581,98.697020', 'LESS SALT, LESS MACIG, totalnya 1/2 sendok teh', '-', 0, 1, '2020-10-30 03:11:34'),
(71, 2, 1, 1, 26, 'Jl. Tembakau Deli No 2N (Masuk di sbelah jalan Graha Merah Putih)', '3.592226,98.674562', '-', '-', 0, 1, '2020-10-30 03:11:54'),
(72, 2, 1, 1, 27, 'jln harmonika baru no.110 pasar 1 padang bulan medan selayang 20135 ( depan J&M coffee). Menu: lunch + dinner weekely.', '3.555143,98.649645', 'Tanya kelanjutan selasa', '-', 0, 1, '2020-10-30 03:12:17'),
(73, 2, 1, 2, 27, 'jln harmonika baru no.110 pasar 1 padang bulan medan selayang 20135 ( depan J&M coffee). Menu: lunch + dinner weekely.', '3.555143,98.649645', 'Tanya kelanjutan selasa', '-', 0, 1, '2020-10-30 03:12:27'),
(74, 2, 1, 1, 28, 'Jl. Raden Saleh Dalam No. 10', '3.589318,98.677325', 'LESS SALT, LESS MACIG, totalnya 1/2 sendok teh', '-', 0, 1, '2020-10-30 03:12:49'),
(76, 2, 1, 1, 29, 'jl pasar 1 gg polonia no.88 (rumah putih ujung)', '3.558715,98.629152', '-', '-', 0, 1, '2020-10-30 03:13:26'),
(77, 2, 1, 2, 29, 'jl pasar 1 gg polonia no.88 (rumah putih ujung)', '3.558715,98.629152', '-', '-', 0, 1, '2020-10-30 03:13:42'),
(78, 2, 1, 1, 30, 'BCA Diponegoro', '3.584618,98.672817', 'No Beef', '-', 0, 1, '2020-10-30 03:13:59'),
(79, 2, 1, 2, 31, 'Oyo medan city homestay / turki family spa jln dr mansyur no 81', '3.567458,98.647036', 'Rabu pause. HARUS SAMPE KE TANGANNYA SEBELUM 17.30', '-', 0, 1, '2020-10-30 03:14:35'),
(80, 2, 2, 1, 32, 'BCA JW MARIOT', '3.596293,98.675918', '-', '-', 0, 1, '2020-10-31 01:36:51'),
(81, 2, 2, 2, 31, 'Oyo medan city homestay / turki family spa jln dr mansyur no 81', '3.567458,98.647036', 'Rabu pause. HARUS SAMPE KE TANGANNYA SEBELUM 17.30', '-', 0, 1, '2020-10-31 01:44:22'),
(82, 2, 2, 1, 30, 'BCA Diponegoro', '3.584618,98.672817', '-', '-', 0, 1, '2020-10-31 01:45:13'),
(83, 2, 2, 1, 29, 'jl pasar 1 gg polonia no.88 (rumah putih ujung)', '3.558715,98.629152', '-', '-', 0, 1, '2020-10-31 01:46:00'),
(84, 2, 2, 2, 29, 'jl pasar 1 gg polonia no.88 (rumah putih ujung)', '3.558715,98.629152', '-', '-', 0, 1, '2020-10-31 01:46:19'),
(85, 2, 2, 1, 28, 'Jl. Raden Saleh Dalam No. 10', '3.589318,98.677325', '-', '-', 0, 1, '2020-10-31 01:47:00'),
(86, 2, 2, 2, 28, 'Jl. Raden Saleh Dalam No. 10', '3.589318,98.677325', '-', '-', 0, 1, '2020-10-31 01:47:23'),
(87, 2, 2, 1, 26, 'Jl. Tembakau Deli No 2N (Masuk di sbelah jalan Graha Merah Putih)', '3.592226,98.674562', '-', '-', 0, 1, '2020-10-31 01:51:23'),
(88, 2, 2, 2, 23, 'Komplek mutiara palace blok DD-33A', '3.610491,98.711592', '-', '-', 0, 1, '2020-10-31 01:53:26'),
(89, 2, 2, 1, 21, 'Alamat Pengiriman:jl flamboyan raya,kompleks taman asoka asri blok E no 21', '3.5487250, 98.6173930', '-', '-', 0, 1, '2020-10-31 01:55:46'),
(90, 2, 2, 2, 21, 'Alamat Pengiriman:jl flamboyan raya,kompleks taman asoka asri blok E no 21', '3.5487250, 98.6173930', '-', '-', 0, 1, '2020-10-31 01:56:04'),
(91, 2, 2, 2, 20, '(Dinner) Jl. Puri Gg. K Alimun no 28/59B (masuk gang, mentok belok kiri)', '3.578560,98.688845', '-', '-', 0, 1, '2020-10-31 01:56:30'),
(92, 2, 2, 1, 19, '(LUNCH) BCA ASIA SIMPANG LAMPUNG (samping bank UOB) jl. Asia no 184D titip satpam', '3.584527,98.691058', 'LUNCH titip satpam. Dinner ke jl. Puri.', '-', 0, 1, '2020-10-31 01:56:47'),
(93, 2, 2, 1, 17, 'Jl. Karya Jaya No. 146', '3.5301298, 98.6776335', '-', '-', 0, 1, '2020-10-31 01:57:23'),
(94, 2, 2, 2, 17, 'Jl. Karya Jaya No. 146', '3.5301298, 98.6776335', '-', '-', 0, 1, '2020-10-31 01:57:38'),
(95, 2, 2, 1, 16, 'Jl. Emas no. 18/30, sei rengas II', '3.5847916, 98.6976904', '-', '-', 0, 1, '2020-10-31 01:58:28'),
(97, 2, 2, 2, 15, 'Jl.Bunga Ester No.64d Psr VI P.Bulan (rumahnya pas di depan gereja katolik St.Fransiskus)', '3.544960, 98.651088', '-', '-', 0, 1, '2020-10-31 01:59:12'),
(98, 2, 2, 1, 24, 'asia mega mas blok H no.1', '3.585245,98.703028', '-', '-', 0, 1, '2020-10-31 04:07:03'),
(99, 2, 2, 2, 24, 'asia mega mas blok H no.1', '3.585245,98.703028', '-', '-', 0, 1, '2020-10-31 04:07:26'),
(100, 2, 1, 2, 28, 'Jl. Raden Saleh Dalam No. 10', '3.589318,98.677325', '-', '-', 0, 1, '2020-10-31 04:10:25'),
(101, 2, 3, 1, 32, 'BCA JW MARIOT', '3.596293,98.675918', '-', '-', 0, 1, '2020-11-01 13:33:01'),
(102, 2, 3, 1, 30, 'BCA Diponegoro', '3.584618,98.672817', '-', '-', 0, 1, '2020-11-01 13:33:44'),
(103, 2, 3, 1, 29, 'jl pasar 1 gg polonia no.88 (rumah putih ujung)', '3.558715,98.629152', '-', '-', 0, 1, '2020-11-01 13:34:00'),
(104, 2, 3, 2, 29, 'jl pasar 1 gg polonia no.88 (rumah putih ujung)', '3.558715,98.629152', '-', '-', 0, 1, '2020-11-01 13:34:23'),
(105, 2, 3, 1, 28, 'Jl. Raden Saleh Dalam No. 10', '3.589318,98.677325', '-', '-', 0, 1, '2020-11-01 13:34:40'),
(106, 2, 3, 2, 28, 'Jl. Raden Saleh Dalam No. 10', '3.589318,98.677325', '-', '-', 0, 1, '2020-11-01 13:34:53'),
(107, 2, 3, 1, 26, 'Ke jln irian barat no A1', '3.587039,98.682708', '-', '-', 0, 1, '2020-11-01 13:35:36'),
(108, 2, 3, 1, 24, 'asia mega mas blok H no.1', '3.585245,98.703028', '-', '-', 0, 1, '2020-11-01 13:36:01'),
(109, 2, 3, 2, 24, 'asia mega mas blok H no.1', '3.585245,98.703028', '-', '-', 0, 1, '2020-11-01 13:36:14'),
(110, 2, 3, 2, 23, 'Komplek mutiara palace blok DD-33A', '3.610491,98.711592', '-', '-', 0, 1, '2020-11-01 13:36:37'),
(111, 2, 3, 1, 21, 'Alamat Pengiriman:jl flamboyan raya,kompleks taman asoka asri blok E no 21', '3.5487250, 98.6173930', '-', '-', 0, 1, '2020-11-01 13:37:42'),
(112, 2, 3, 2, 21, 'Alamat Pengiriman:jl flamboyan raya,kompleks taman asoka asri blok E no 21', '3.5487250, 98.6173930', '-', '-', 0, 1, '2020-11-01 13:37:52'),
(113, 2, 3, 2, 20, '(Dinner) Jl. Puri Gg. K Alimun no 28/59B (masuk gang, mentok belok kiri)', '3.578560,98.688845', '-', '-', 0, 1, '2020-11-01 13:38:21'),
(114, 2, 3, 1, 19, '(LUNCH) BCA ASIA SIMPANG LAMPUNG (samping bank UOB) jl. Asia no 184D titip satpam', '3.584527,98.691058', 'LUNCH titip satpam. Harus sampe sebelum 11.45 !!', '-', 0, 1, '2020-11-01 13:38:42'),
(115, 2, 3, 1, 17, 'Jl. Karya Jaya No. 146', '3.5301298, 98.6776335', '-', '-', 0, 1, '2020-11-01 13:39:30'),
(116, 2, 3, 2, 17, 'Jl. Karya Jaya No. 146', '3.5301298, 98.6776335', '-', '-', 0, 1, '2020-11-01 13:39:42'),
(117, 2, 3, 1, 16, 'Jl. Emas no. 18/30, sei rengas II', '3.5847916, 98.6976904', '-', '-', 0, 1, '2020-11-01 13:39:57'),
(118, 2, 3, 1, 15, 'Jl.Bunga Ester No.64d Psr VI P.Bulan (rumahnya pas di depan gereja katolik St.Fransiskus)', '3.544960, 98.651088', 'Ada MAAGH harus sampe sebelum jam 6', '-', 0, 1, '2020-11-01 13:40:56'),
(119, 2, 3, 2, 15, 'Jl.Bunga Ester No.64d Psr VI P.Bulan (rumahnya pas di depan gereja katolik St.Fransiskus)', '3.544960, 98.651088', 'Ada MAAGH sebelum jam 6', '-', 0, 1, '2020-11-01 13:41:19'),
(120, 2, 4, 1, 33, 'Jl. Kenanga sari No. 21 Pasar 6 Tj. Sari3', '3.561760,98.639896', '-', '-', 0, 1, '2020-11-02 08:07:49'),
(121, 2, 4, 1, 32, 'BCA JW MARIOT', '3.596293,98.675918', '-', '-', 0, 1, '2020-11-02 08:09:26'),
(123, 2, 4, 2, 31, 'Oyo medan city homestay / turki family spa jln dr mansyur no 81', '3.567458,98.647036', 'Rabu pause. HARUS SAMPE KE TANGANNYA SEBELUM 17.30', '-', 0, 1, '2020-11-02 08:10:59'),
(124, 2, 4, 1, 30, 'BCA Diponegoro', '3.584618,98.672817', '-', '-', 0, 1, '2020-11-02 08:11:34'),
(125, 2, 4, 1, 29, 'jl pasar 1 gg polonia no.88 (rumah putih ujung)', '3.558715,98.629152', '-', '-', 0, 1, '2020-11-02 08:12:22'),
(126, 2, 4, 2, 29, 'jl pasar 1 gg polonia no.88 (rumah putih ujung)', '3.558715,98.629152', '-', '-', 0, 1, '2020-11-02 08:12:42'),
(127, 2, 4, 1, 28, 'Jl. Raden Saleh Dalam No. 10', '3.589318,98.677325', '-', '-', 0, 1, '2020-11-02 08:14:08'),
(128, 2, 4, 2, 28, 'Jl. Raden Saleh Dalam No. 10', '3.589318,98.677325', '-', '-', 0, 1, '2020-11-02 08:14:24'),
(129, 2, 4, 1, 26, 'Jl. Tembakau Deli No 2N (Masuk di sbelah jalan Graha Merah Putih)', '3.592226,98.674562', '-', '-', 0, 1, '2020-11-02 08:15:22'),
(130, 2, 4, 1, 24, 'asia mega mas blok H no.1', '3.585245,98.703028', '-', '-', 0, 1, '2020-11-02 08:16:56'),
(131, 2, 4, 2, 24, 'asia mega mas blok H no.1', '3.585245,98.703028', '-', '-', 0, 1, '2020-11-02 08:17:26'),
(132, 2, 4, 2, 23, 'Komplek mutiara palace blok DD-33A', '3.610491,98.711592', '-', '-', 0, 1, '2020-11-02 08:18:01'),
(133, 2, 4, 1, 21, 'Alamat Pengiriman:jl flamboyan raya,kompleks taman asoka asri blok E no 21', '3.5487250, 98.6173930', '-', '-', 0, 1, '2020-11-02 08:18:49'),
(134, 2, 4, 2, 21, 'Alamat Pengiriman:jl flamboyan raya,kompleks taman asoka asri blok E no 21', '3.5487250, 98.6173930', '-', '-', 0, 1, '2020-11-02 08:19:25'),
(135, 2, 4, 2, 20, '(Dinner) Jl. Puri Gg. K Alimun no 28/59B (masuk gang, mentok belok kiri)', '3.578560,98.688845', '-', '-', 0, 1, '2020-11-02 08:20:16'),
(136, 2, 4, 1, 19, '(LUNCH) BCA ASIA SIMPANG LAMPUNG (samping bank UOB) jl. Asia no 184D titip satpam', '3.584527,98.691058', 'LUNCH titip satpam. Harus sampe sebelum 11.45 !!', '-', 0, 1, '2020-11-02 08:20:32'),
(137, 2, 4, 1, 17, 'Jl. Karya Jaya No. 146', '3.529349,98.676531', '-', '-', 0, 1, '2020-11-02 08:20:53'),
(138, 2, 4, 2, 17, 'Jl. Karya Jaya No. 146', '3.529349,98.676531', '-', '-', 0, 1, '2020-11-02 08:21:11'),
(139, 2, 4, 1, 16, 'Jl. Emas no. 18/30, sei rengas II', '3.5847916, 98.6976904', '-', '-', 0, 1, '2020-11-02 08:21:30'),
(140, 2, 4, 1, 14, 'Jl. Karya sehati no. 24', '3.530639, 98.671111', 'Start rabu batch 29', '-', 0, 1, '2020-11-02 08:22:22'),
(141, 2, 4, 1, 34, 'Total Fitcamp, Jl sei blutu No 101 Medan', '3.576048,98.645136', '-', '-', 0, 1, '2020-11-02 11:35:45'),
(142, 2, 4, 2, 35, 'Jl besar Tembung masuk Jl balai umum No 5 Tembung', '3.594485,98.747070', '-', '-', 0, 1, '2020-11-02 11:36:00'),
(144, 2, 4, 2, 14, 'Jl. Karya sehati no. 24', '3.530639, 98.671111', 'Start rabu batch 29', '-', 0, 1, '2020-11-03 04:20:54'),
(145, 2, 5, 1, 35, 'Jl besar Tembung masuk Jl balai umum No 5 Tembung', '3.594485,98.747070', '-', '-', 0, 1, '2020-11-03 23:51:42'),
(146, 2, 5, 2, 35, 'Jl besar Tembung masuk Jl balai umum No 5 Tembung', '3.594485,98.747070', '-', '-', 0, 1, '2020-11-03 23:52:18'),
(147, 2, 5, 1, 33, 'Jl. Kenanga sari No. 21 Pasar 6 Tj. Sari3', '3.561760,98.639896', '-', '-', 0, 1, '2020-11-03 23:53:18'),
(148, 2, 5, 1, 32, 'BCA JW MARIOT', '3.596293,98.675918', '-', '-', 0, 1, '2020-11-03 23:53:42'),
(149, 2, 5, 2, 31, 'Oyo medan city homestay / turki family spa jln dr mansyur no 81', '3.567458,98.647036', 'Rabu pause. HARUS SAMPE KE TANGANNYA SEBELUM 17.30', '-', 0, 1, '2020-11-03 23:54:17'),
(150, 2, 5, 1, 30, 'BCA Diponegoro', '3.584618,98.672817', '-', '-', 0, 1, '2020-11-03 23:54:51'),
(151, 2, 5, 1, 29, 'jl pasar 1 gg polonia no.88 (rumah putih ujung)', '3.558715,98.629152', '-', '-', 0, 1, '2020-11-03 23:55:15'),
(152, 2, 5, 2, 29, 'jl pasar 1 gg polonia no.88 (rumah putih ujung)', '3.558715,98.629152', '-', '-', 0, 1, '2020-11-03 23:55:31'),
(153, 2, 5, 1, 28, 'Jl. Raden Saleh Dalam No. 10', '3.589318,98.677325', '-', '-', 0, 1, '2020-11-03 23:55:46'),
(154, 2, 5, 2, 28, 'Jl. Raden Saleh Dalam No. 10', '3.589318,98.677325', '-', '-', 0, 1, '2020-11-03 23:55:57'),
(155, 2, 5, 1, 26, 'Jl. Tembakau Deli No 2N (Masuk di sbelah jalan Graha Merah Putih)', '3.592226,98.674562', '-', '-', 0, 1, '2020-11-03 23:56:18'),
(156, 2, 5, 1, 24, 'asia mega mas blok H no.1', '3.585245,98.703028', '-', '-', 0, 1, '2020-11-03 23:56:40'),
(157, 2, 5, 2, 24, 'asia mega mas blok H no.1', '3.585245,98.703028', '-', '-', 0, 1, '2020-11-03 23:56:56'),
(158, 2, 5, 2, 23, 'Komplek mutiara palace blok DD-33A', '3.610491,98.711592', '-', '-', 0, 1, '2020-11-03 23:57:15'),
(159, 2, 5, 1, 21, 'Alamat Pengiriman:jl flamboyan raya,kompleks taman asoka asri blok E no 21', '3.5487250, 98.6173930', '-', '-', 0, 1, '2020-11-03 23:57:33'),
(160, 2, 5, 2, 21, 'Alamat Pengiriman:jl flamboyan raya,kompleks taman asoka asri blok E no 21', '3.5487250, 98.6173930', '-', '-', 0, 1, '2020-11-03 23:57:48'),
(161, 2, 5, 1, 19, '(LUNCH) BCA ASIA SIMPANG LAMPUNG (samping bank UOB) jl. Asia no 184D titip satpam', '3.584527,98.691058', 'LUNCH titip satpam. Harus sampe sebelum 11.45 !!', '-', 0, 1, '2020-11-03 23:58:05'),
(162, 2, 5, 2, 20, '(Dinner) Jl. Puri Gg. K Alimun no 28/59B (masuk gang, mentok belok kiri)', '3.578560,98.688845', '-', '-', 0, 1, '2020-11-03 23:58:20'),
(163, 2, 5, 1, 17, 'Jl. Karya Jaya No. 146', '3.529349,98.676531', '-', '-', 0, 1, '2020-11-03 23:58:38'),
(164, 2, 5, 2, 17, 'Jl. Karya Jaya No. 146', '3.529349,98.676531', '-', '-', 0, 1, '2020-11-03 23:58:50'),
(165, 2, 5, 1, 16, 'Jl. Emas no. 18/30, sei rengas II', '3.5847916, 98.6976904', '-', '-', 0, 1, '2020-11-03 23:59:05'),
(166, 2, 5, 1, 15, 'Jl.Bunga Ester No.64d Psr VI P.Bulan (rumahnya pas di depan gereja katolik St.Fransiskus)', '3.544960, 98.651088', 'Ada MAAGH sebelum jam 6 Dinner', '-', 0, 1, '2020-11-03 23:59:35'),
(167, 2, 5, 2, 15, 'Jl.Bunga Ester No.64d Psr VI P.Bulan (rumahnya pas di depan gereja katolik St.Fransiskus)', '3.544960, 98.651088', 'Ada MAAGH sebelum jam 6 Dinner', '-', 0, 1, '2020-11-03 23:59:50'),
(168, 2, 5, 2, 14, 'Jl. Karya sehati no. 24', '3.530639, 98.671111', '', '-', 0, 1, '2020-11-04 00:00:12'),
(170, 3, 1, 2, 52, 'Jl.M. Idris no 47', '3.596292,98.659113', 'Dinner sebelum jam 6. Intermitten fasting', '-', 0, 1, '2020-11-07 19:45:43'),
(171, 3, 1, 2, 51, 'Jl. Karya sehati no. 24. ', '3.530639, 98.671111', '', '-', 0, 1, '2020-11-07 19:45:59'),
(172, 3, 1, 1, 50, 'Jl.Bunga Ester No.64d Psr VI P.Bulan (rumahnya pas di depan gereja katolik St.Fransiskus). ', '3.544960, 98.651088', 'Ada MAAGH sebelum jam 6 Dinner', '-', 0, 1, '2020-11-07 19:46:13'),
(173, 3, 1, 2, 50, 'Jl.Bunga Ester No.64d Psr VI P.Bulan (rumahnya pas di depan gereja katolik St.Fransiskus). ', '3.544960, 98.651088', 'Ada MAAGH sebelum jam 6 Dinner', '-', 0, 1, '2020-11-07 19:46:22'),
(174, 3, 1, 1, 49, 'Jl. Karya Jaya No. 146. Latitude & Longitude	. ', '3.529349,98.676531', '', '-', 0, 1, '2020-11-07 19:46:32'),
(175, 3, 1, 2, 49, 'Jl. Karya Jaya No. 146. Latitude & Longitude	. ', '3.529349,98.676531', '', '-', 0, 1, '2020-11-07 19:46:42'),
(176, 3, 1, 1, 48, '(LUNCH) BCA ASIA SIMPANG LAMPUNG (samping bank UOB) jl. Asia no 184D titip satpam. Latitude & Longitude	. ', '3.584527,98.691058', 'LUNCH titip satpam. Harus sampe sebelum 11.45 !!. ', '-', 0, 1, '2020-11-07 19:46:56'),
(177, 3, 1, 2, 47, '(Dinner) Jl. Puri Gg. K Alimun no 28/59B (masuk gang, mentok belok kiri). ', '3.578560,98.688845', '', '-', 0, 1, '2020-11-07 19:47:08'),
(178, 3, 1, 2, 46, 'Komplek mutiara palace blok DD-33A. Latitude & Longitude	. ', '3.610491,98.711592', '', '-', 0, 1, '2020-11-07 19:47:28'),
(179, 3, 1, 1, 45, 'Asia mega mas blok H no.1', '3.585245,98.703028', '', '-', 0, 1, '2020-11-07 19:47:42'),
(180, 3, 1, 2, 45, 'Asia mega mas blok H no.1', '3.585245,98.703028', '', '-', 0, 1, '2020-11-07 19:47:51'),
(181, 3, 1, 1, 44, 'Jl. Tembakau Deli No 2N (Masuk di sbelah jalan Graha Merah Putih)	. ', '3.592226,98.674562', '', '-', 0, 1, '2020-11-07 19:47:59'),
(182, 3, 1, 1, 43, 'Jl. Raden Saleh Dalam No. 10. ', '3.589318,98.677325', '', '-', 0, 1, '2020-11-07 19:48:06'),
(183, 3, 1, 2, 43, 'Jl. Raden Saleh Dalam No. 10. ', '3.589318,98.677325', '', '-', 0, 1, '2020-11-07 19:48:21'),
(184, 3, 1, 2, 41, 'Oyo medan city homestay / turki family spa jln dr mansyur no 81.', '3.567458,98.647036', 'harus SAMPE TANGAN sebelum 17.30', '-', 0, 1, '2020-11-07 19:48:44'),
(185, 3, 1, 1, 40, 'BCA B&G tower (JW Mariot)', '3.596149,98.675886', '', '-', 0, 1, '2020-11-07 19:48:58'),
(186, 3, 1, 1, 39, 'Jl. Kenangq sari No. 21 Pasae 6 Tj. Sari ', '3.561753,98.639911', '', '-', 0, 1, '2020-11-07 19:49:08'),
(187, 3, 1, 1, 38, 'Jl.Bunga Ester No.64d Psr VI P.Bulan (rumahnya pas di depan gereja katolik St.Fransiskus)', '3.545025,98.651143', 'Ada MAAGH sebelum jam 6 Dinner', '-', 0, 1, '2020-11-07 19:49:18'),
(188, 3, 1, 2, 38, 'Jl.Bunga Ester No.64d Psr VI P.Bulan (rumahnya pas di depan gereja katolik St.Fransiskus)', '3.545025,98.651143', 'Ada MAAGH sebelum jam 6 Dinner', '-', 0, 1, '2020-11-07 19:49:29'),
(189, 3, 1, 1, 37, 'jl. Putri hijau no. 4 ( Kanwil kementerian hukum dan ham)', '3.594459,98.676219', '-', '-', 0, 1, '2020-11-07 19:49:44'),
(193, 3, 2, 1, 52, 'Jl.M. Idris no 47', '3.596292,98.659113', 'Dinner sebelum jam 6. Intermitten fasting', '-', 0, 1, '2020-11-08 03:06:53'),
(194, 3, 2, 2, 52, 'Jl.M. Idris no 47', '3.596292,98.659113', 'Dinner sebelum jam 6. Intermitten fasting', '-', 0, 1, '2020-11-08 03:07:17'),
(195, 3, 2, 2, 51, 'Jl. Karya sehati no. 24. ', '3.530639, 98.671111', '', '-', 0, 1, '2020-11-08 03:08:02'),
(196, 3, 2, 1, 50, 'Jl.Bunga Ester No.64d Psr VI P.Bulan (rumahnya pas di depan gereja katolik St.Fransiskus). ', '3.544960, 98.651088', 'Ada MAAGH sebelum jam 6 Dinner', '-', 0, 1, '2020-11-08 03:08:41'),
(197, 3, 2, 2, 50, 'Jl.Bunga Ester No.64d Psr VI P.Bulan (rumahnya pas di depan gereja katolik St.Fransiskus). ', '3.544960, 98.651088', 'Ada MAAGH sebelum jam 6 Dinner', '-', 0, 1, '2020-11-08 03:08:59'),
(198, 3, 2, 1, 48, '(LUNCH) BCA ASIA SIMPANG LAMPUNG (samping bank UOB) jl. Asia no 184D titip satpam. Latitude & Longitude	. ', '3.584527,98.691058', 'LUNCH titip satpam. Harus sampe sebelum 11.45 !!. ', '-', 0, 1, '2020-11-08 03:09:29'),
(199, 3, 2, 2, 47, '(Dinner) Jl. Puri Gg. K Alimun no 28/59B (masuk gang, mentok belok kiri). ', '3.578560,98.688845', '', '-', 0, 1, '2020-11-08 03:09:46'),
(200, 3, 2, 2, 46, 'Komplek mutiara palace blok DD-33A. Latitude & Longitude	. ', '3.610491,98.711592', '', '-', 0, 1, '2020-11-08 03:10:15'),
(203, 3, 2, 1, 44, 'Jl. Tembakau Deli No 2N (Masuk di sbelah jalan Graha Merah Putih)	. ', '3.592226,98.674562', '', '-', 0, 1, '2020-11-08 03:11:41'),
(204, 3, 2, 1, 43, 'Jl. Raden Saleh Dalam No. 10. ', '3.589318,98.677325', '', '-', 0, 1, '2020-11-08 03:12:10'),
(205, 3, 2, 2, 43, 'Jl. Raden Saleh Dalam No. 10. ', '3.589318,98.677325', '', '-', 0, 1, '2020-11-08 03:12:35'),
(206, 3, 2, 2, 41, 'Oyo medan city homestay / turki family spa jln dr mansyur no 81.', '3.567458,98.647036', 'harus SAMPE TANGAN sebelum 17.30', '-', 0, 1, '2020-11-08 03:13:07'),
(207, 3, 2, 1, 40, 'BCA B&G tower (JW Mariot)', '3.596149,98.675886', '', '-', 0, 1, '2020-11-08 03:31:46'),
(208, 3, 2, 1, 39, 'Jl. Kenangq sari No. 21 Pasae 6 Tj. Sari ', '3.561753,98.639911', '', '-', 0, 1, '2020-11-08 03:32:33'),
(211, 3, 2, 1, 37, 'jl. Putri hijau no. 4 ( Kanwil kementerian hukum dan ham)', '3.594459,98.676219', '-', '-', 0, 1, '2020-11-08 03:34:20'),
(212, 3, 2, 1, 49, 'Jl. Karya Jaya No. 146. Latitude & Longitude	. ', '3.529349,98.676531', '', '-', 0, 1, '2020-11-08 03:52:11'),
(213, 3, 2, 2, 49, 'Jl. Karya Jaya No. 146. Latitude & Longitude	. ', '3.529349,98.676531', '', '-', 0, 1, '2020-11-08 03:53:02'),
(214, 3, 2, 1, 38, 'Jl.Bunga Ester No.64d Psr VI P.Bulan (rumahnya pas di depan gereja katolik St.Fransiskus)', '3.545025,98.651143', 'Ada MAAGH sebelum jam 6 Dinner', '-', 0, 1, '2020-11-08 04:11:46'),
(215, 3, 2, 2, 38, 'Jl.Bunga Ester No.64d Psr VI P.Bulan (rumahnya pas di depan gereja katolik St.Fransiskus)', '3.545025,98.651143', 'Ada MAAGH sebelum jam 6 Dinner', '-', 0, 1, '2020-11-08 04:12:05'),
(216, 3, 3, 1, 52, 'Jl.M. Idris no 47', '3.596292,98.659113', 'Intermitten fasting', 'Dinner sebelum jam 6', 0, 1, '2020-11-09 00:15:23'),
(217, 3, 3, 1, 49, 'Jl. Karya Jaya No. 146. Latitude & Longitude	. ', '3.529349,98.676531', '-', '-', 0, 1, '2020-11-09 00:40:54'),
(218, 3, 3, 1, 48, '(LUNCH) BCA ASIA SIMPANG LAMPUNG (samping bank UOB) jl. Asia no 184D titip satpam. Latitude & Longitude	. ', '3.584527,98.691058', '-', 'LUNCH titip satpam. Harus sampe sebelum 11.45. ', 0, 1, '2020-11-09 00:42:23'),
(219, 3, 3, 1, 44, 'Jl. Tembakau Deli No 2N (Masuk di sbelah jalan Graha Merah Putih)	. ', '3.592226,98.674562', '', '-', 0, 1, '2020-11-09 00:44:38'),
(220, 3, 3, 1, 43, 'Jl. Raden Saleh Dalam No. 10. ', '3.589318,98.677325', '', '-', 0, 1, '2020-11-09 00:45:34'),
(221, 3, 3, 1, 50, 'Jl.Bunga Ester No.64d Psr VI P.Bulan (rumahnya pas di depan gereja katolik St.Fransiskus). ', '3.544960, 98.651088', 'Ada MAAGH. Pengiriman Dinner sebelum jam 6 ', '-', 0, 1, '2020-11-09 01:09:10'),
(222, 3, 3, 1, 39, 'Jl. Kenangq sari No. 21 Pasae 6 Tj. Sari ', '3.561753,98.639911', '', '-', 0, 1, '2020-11-09 01:11:48'),
(223, 3, 3, 1, 40, 'BCA B&G tower (JW Mariot)', '3.596149,98.675886', '', '-', 0, 1, '2020-11-09 01:12:36'),
(224, 3, 3, 1, 38, 'Jl.Bunga Ester No.64d Psr VI P.Bulan (rumahnya pas di depan gereja katolik St.Fransiskus)', '3.545025,98.651143', 'Ada MAAGH. ', 'Pengiriman Dinner sebelum jam 6', 0, 1, '2020-11-09 03:06:10'),
(226, 3, 3, 2, 59, 'Oyo medan city homestay / turki family spa jln dr mansyur no 81.', '3.567458,98.647036', 'Skip tanggal 13,17,26 november. ', 'Harus SAMPE TANGAN sebelum 17.30.', 0, 1, '2020-11-09 03:24:26'),
(227, 3, 3, 2, 52, 'Jl.M. Idris no 47', '3.596292,98.659113', 'Intermitten fasting', 'Dinner sebelum jam 6', 0, 1, '2020-11-09 03:25:14'),
(229, 3, 3, 2, 50, 'Jl.Bunga Ester No.64d Psr VI P.Bulan (rumahnya pas di depan gereja katolik St.Fransiskus). ', '3.544960, 98.651088', 'Ada MAAGH ', 'Dinner sebelum jam 6 ', 0, 1, '2020-11-09 03:26:53'),
(230, 3, 3, 2, 49, 'Jl. Karya Jaya No. 146. Latitude & Longitude	. ', '3.529349,98.676531', '', '-', 0, 1, '2020-11-09 03:27:33'),
(232, 3, 3, 2, 46, 'Komplek mutiara palace blok DD-33A. Latitude & Longitude	. ', '3.610491,98.711592', '', '-', 0, 1, '2020-11-09 03:28:51'),
(233, 3, 3, 2, 43, 'Jl. Raden Saleh Dalam No. 10. ', '3.589318,98.677325', '', '-', 0, 1, '2020-11-09 03:29:37'),
(234, 3, 3, 2, 38, 'Jl.Bunga Ester No.64d Psr VI P.Bulan (rumahnya pas di depan gereja katolik St.Fransiskus)', '3.545025,98.651143', 'Ada MAAGH ', 'Dinner sebelum jam 6 ', 0, 1, '2020-11-09 03:30:40'),
(235, 3, 3, 2, 47, '(Dinner) Jl. Puri Gg. K Alimun no 28/59B (masuk gang, mentok belok kiri). ', '3.578560,98.688845', '', '-', 0, 1, '2020-11-09 03:38:50'),
(236, 3, 3, 1, 37, 'jl. Putri hijau no. 4 ( Kanwil kementerian hukum dan ham)', '3.594459,98.676219', '-', '-', 0, 1, '2020-11-09 03:40:41'),
(237, 3, 4, 1, 52, 'Jl.M. Idris no 47', '3.596292,98.659113', 'Dinner sebelum jam 6. Intermitten fasting', '-', 0, 1, '2020-11-09 05:33:42'),
(238, 3, 4, 1, 50, 'Jl.Bunga Ester No.64d Psr VI P.Bulan (rumahnya pas di depan gereja katolik St.Fransiskus)', '3.544960, 98.651088', 'Ada MAAGH sebelum jam 6 Dinner', '-', 0, 1, '2020-11-09 05:34:28'),
(239, 3, 4, 1, 49, 'Jl. Karya Jaya No. 146', '3.529349,98.676531', '', '-', 0, 1, '2020-11-09 05:35:13'),
(240, 3, 4, 1, 48, '(LUNCH) BCA ASIA SIMPANG LAMPUNG (samping bank UOB) jl. Asia no 184D titip satpam', '3.584527,98.691058', '', '-LUNCH titip satpam. Harus sampe sebelum 11.45 !!', 0, 1, '2020-11-09 05:35:55'),
(241, 3, 4, 1, 44, 'Jl. Tembakau Deli No 2N (Masuk di sbelah jalan Graha Merah Putih)', '3.592226,98.674562', '', '-', 0, 1, '2020-11-09 05:36:31'),
(242, 3, 4, 1, 43, 'Jl. Raden Saleh Dalam No. 10', '3.589318,98.677325', '', '-', 0, 1, '2020-11-09 05:37:25'),
(243, 3, 4, 1, 40, 'BCA B&G tower (JW Mariot)', '3.596149,98.675886', '', '-', 0, 1, '2020-11-09 05:37:59'),
(244, 3, 4, 1, 39, 'Jl. Kenangq sari No. 21 Pasae 6 Tj. Sari ', '3.561753,98.639911', '', '-', 0, 1, '2020-11-09 05:38:32'),
(245, 3, 4, 1, 38, 'Jl.Bunga Ester No.64d Psr VI P.Bulan (rumahnya pas di depan gereja katolik St.Fransiskus)', '3.545025,98.651143', 'Ada MAAGH sebelum jam 6 Dinner', '-', 0, 1, '2020-11-09 05:39:04'),
(246, 3, 4, 1, 37, 'jl. Putri hijau no. 4 ( Kanwil kementerian hukum dan ham)', '3.594459,98.676219', '-', '-', 0, 1, '2020-11-09 05:41:05'),
(247, 3, 4, 2, 59, 'Oyo medan city homestay / turki family spa jln dr mansyur no 81.', '3.567458,98.647036', 'Skip tanggal 13,17,26 november. Harus SAMPE TANGAN sebelum 17.30.', '-', 0, 1, '2020-11-09 05:42:38'),
(248, 3, 4, 2, 52, 'Jl.M. Idris no 47', '3.596292,98.659113', 'Dinner sebelum jam 6. Intermitten fasting', '-', 0, 1, '2020-11-09 05:43:15'),
(249, 3, 4, 2, 50, 'Jl.Bunga Ester No.64d Psr VI P.Bulan (rumahnya pas di depan gereja katolik St.Fransiskus)', '3.544960, 98.651088', 'Ada MAAGH sebelum jam 6 Dinner', '-', 0, 1, '2020-11-09 05:44:11'),
(250, 3, 4, 2, 49, 'Jl. Karya Jaya No. 146', '3.529349,98.676531', '', '-', 0, 1, '2020-11-09 05:44:53'),
(251, 3, 4, 2, 47, '(Dinner) Jl. Puri Gg. K Alimun no 28/59B (masuk gang, mentok belok kiri)', '3.578560,98.688845', '', '-', 0, 1, '2020-11-09 05:45:17'),
(252, 3, 4, 2, 46, 'Komplek mutiara palace blok DD-33A', '3.610491,98.711592', '', '-', 0, 1, '2020-11-09 05:45:52'),
(253, 3, 4, 2, 43, 'Jl. Raden Saleh Dalam No. 10', '3.589318,98.677325', '', '-', 0, 1, '2020-11-09 05:46:29'),
(254, 3, 4, 2, 38, 'Jl.Bunga Ester No.64d Psr VI P.Bulan (rumahnya pas di depan gereja katolik St.Fransiskus)', '3.545025,98.651143', 'Ada MAAGH sebelum jam 6 Dinner', '-', 0, 1, '2020-11-09 05:46:53'),
(255, 3, 5, 1, 52, 'Jl.M. Idris no 47', '3.596292,98.659113', 'Dinner sebelum jam 6. Intermitten fasting', '-', 0, 1, '2020-11-10 08:07:05'),
(256, 3, 5, 1, 50, 'Jl.Bunga Ester No.64d Psr VI P.Bulan (rumahnya pas di depan gereja katolik St.Fransiskus)', '3.544960, 98.651088', 'Ada MAAGH sebelum jam 6 Dinner', '-', 0, 1, '2020-11-10 08:07:50'),
(257, 3, 5, 1, 49, 'Jl. Karya Jaya No. 146', '3.529349,98.676531', '', '-', 0, 1, '2020-11-10 08:08:41'),
(258, 3, 5, 1, 48, '(LUNCH) BCA ASIA SIMPANG LAMPUNG (samping bank UOB) jl. Asia no 184D titip satpam', '3.584527,98.691058', '', '-LUNCH titip satpam. Harus sampe sebelum 11.45 !!', 0, 1, '2020-11-10 08:10:07'),
(259, 3, 5, 1, 44, 'Jl. Tembakau Deli No 2N (Masuk di sbelah jalan Graha Merah Putih)', '3.592226,98.674562', '', '-', 0, 1, '2020-11-10 08:11:27'),
(260, 3, 5, 1, 43, 'Jl. Raden Saleh Dalam No. 10', '3.589318,98.677325', '', '-', 0, 1, '2020-11-10 08:15:00'),
(261, 3, 5, 1, 40, 'BCA B&G tower (JW Mariot)', '3.596149,98.675886', '', '-', 0, 1, '2020-11-10 08:15:42'),
(263, 3, 5, 1, 38, 'Jl.Bunga Ester No.64d Psr VI P.Bulan (rumahnya pas di depan gereja katolik St.Fransiskus)', '3.545025,98.651143', 'Ada MAAGH sebelum jam 6 Dinner', '-', 0, 1, '2020-11-10 08:16:31'),
(264, 3, 5, 1, 37, 'jl. Putri hijau no. 4 ( Kanwil kementerian hukum dan ham)', '3.594459,98.676219', '-', '-', 0, 1, '2020-11-10 08:17:06'),
(265, 3, 5, 2, 52, 'Jl.M. Idris no 47', '3.596292,98.659113', 'Intermitten fasting', '-sebelum jam 6. ', 0, 1, '2020-11-10 08:40:49'),
(266, 3, 5, 2, 50, 'Jl.Bunga Ester No.64d Psr VI P.Bulan (rumahnya pas di depan gereja katolik St.Fransiskus)', '3.544960, 98.651088', 'Ada MAAGH ', '-sebelum jam 6 ', 0, 1, '2020-11-10 08:42:16'),
(267, 3, 5, 2, 49, 'Jl. Karya Jaya No. 146', '3.529349,98.676531', '', '-', 0, 1, '2020-11-10 08:42:56'),
(268, 3, 5, 2, 47, '(Dinner) Jl. Puri Gg. K Alimun no 28/59B (masuk gang, mentok belok kiri)', '3.578560,98.688845', '', '-', 0, 1, '2020-11-10 09:07:22'),
(269, 3, 5, 2, 46, 'Komplek mutiara palace blok DD-33A', '3.610491,98.711592', '', '-', 0, 1, '2020-11-10 09:08:20'),
(270, 3, 5, 2, 43, 'Jl. Raden Saleh Dalam No. 10', '3.589318,98.677325', '', '-', 0, 1, '2020-11-10 09:08:59'),
(271, 3, 5, 2, 38, 'Jl.Bunga Ester No.64d Psr VI P.Bulan (rumahnya pas di depan gereja katolik St.Fransiskus)', '3.545025,98.651143', 'Ada MAAGH sebelum jam 6 Dinner', '-', 0, 1, '2020-11-10 09:09:42'),
(272, 3, 4, 1, 64, 'Jalan pukat banting 5 no 11b', '3.594644,98.712990', '', '', 0, 1, '2020-11-10 10:03:04'),
(273, 3, 5, 1, 64, 'Jalan pukat banting 5 no 11b', '3.594644,98.712990', '', '', 0, 1, '2020-11-10 10:03:37'),
(274, 4, 1, 1, 79, 'jl. Putri hijau no. 4 ( Kanwil kementerian hukum dan ham)', '3.594459,98.676219', '-', '-', 0, 1, '2020-11-12 11:30:21'),
(275, 4, 1, 1, 77, 'Jl. Tembakau Deli No 2N (Masuk di sbelah jalan Graha Merah Putih)', '3.592226,98.674562', '', '-', 0, 1, '2020-11-12 11:30:39'),
(276, 4, 1, 1, 73, '(LUNCH) BCA ASIA SIMPANG LAMPUNG (samping bank UOB) jl. Asia no 184D titip satpam', '3.584527,98.691058', '', '-LUNCH titip satpam. Harus sampe sebelum 11.45 !!', 0, 1, '2020-11-12 11:30:57'),
(277, 4, 1, 1, 70, 'Jl.Bunga Ester No.64d Psr VI P.Bulan (rumahnya pas di depan gereja katolik St.Fransiskus)', '3.544960, 98.651088', 'Ada MAAGH sebelum jam 6 Dinner', '-sebelum jam 6 Dinner', 0, 1, '2020-11-12 11:31:28'),
(278, 4, 1, 1, 65, 'Jalan pukat banting 5 no 11b', '3.594644,98.712990', '', '', 0, 1, '2020-11-12 11:32:04'),
(279, 4, 1, 2, 75, '(Dinner) Jl. Puri Gg. K Alimun no 28/59B (masuk gang, mentok belok kiri)', '3.578560,98.688845', '', '-', 0, 1, '2020-11-12 11:32:25'),
(280, 4, 1, 2, 70, 'Jl.Bunga Ester No.64d Psr VI P.Bulan (rumahnya pas di depan gereja katolik St.Fransiskus)', '3.544960, 98.651088', 'Ada MAAGH sebelum jam 6 Dinner', '-sebelum jam 6 Dinner', 0, 1, '2020-11-12 11:32:38'),
(281, 4, 1, 2, 66, 'Oyo medan city homestay / turki family spa jln dr mansyur no 81.', '3.567458,98.647036', 'Skip tanggal 13,17,26 november.', '-Harus SAMPE TANGAN sebelum 17.30.', 0, 1, '2020-11-12 11:33:06'),
(282, 4, 2, 1, 79, 'jl. Putri hijau no. 4 ( Kanwil kementerian hukum dan ham)', '3.594459,98.676219', '-', '-', 0, 1, '2020-11-12 11:33:51'),
(283, 4, 2, 1, 77, 'Jl. Tembakau Deli No 2N (Masuk di sbelah jalan Graha Merah Putih)', '3.592226,98.674562', '', '-', 0, 1, '2020-11-12 11:34:06'),
(284, 4, 2, 1, 73, '(LUNCH) BCA ASIA SIMPANG LAMPUNG (samping bank UOB) jl. Asia no 184D titip satpam', '3.584527,98.691058', '', '-LUNCH titip satpam. Harus sampe sebelum 11.45 !!', 0, 1, '2020-11-12 11:34:24'),
(285, 4, 2, 1, 70, 'Jl.Bunga Ester No.64d Psr VI P.Bulan (rumahnya pas di depan gereja katolik St.Fransiskus)', '3.544960, 98.651088', 'Ada MAAGH sebelum jam 6 Dinner', '-sebelum jam 6 Dinner', 0, 1, '2020-11-12 11:34:41'),
(286, 4, 2, 1, 65, 'Jalan pukat banting 5 no 11b', '3.594644,98.712990', '', '', 0, 1, '2020-11-12 11:34:54'),
(287, 4, 2, 2, 75, 'Jl puri gg.K amaliun No.28/59B ', '3.578560,98.688845', '', '-', 0, 1, '2020-11-12 11:35:16'),
(288, 4, 2, 2, 70, 'Jl.Bunga Ester No.64d Psr VI P.Bulan (rumahnya pas di depan gereja katolik St.Fransiskus)', '3.544960, 98.651088', 'Ada MAAGH sebelum jam 6 Dinner', '-sebelum jam 6 Dinner', 0, 1, '2020-11-12 11:35:41'),
(289, 4, 3, 1, 79, 'jl. Putri hijau no. 4 ( Kanwil kementerian hukum dan ham)', '3.594459,98.676219', '-', '-', 0, 1, '2020-11-12 11:36:47'),
(290, 4, 3, 1, 77, 'Jl. Tembakau Deli No 2N (Masuk di sbelah jalan Graha Merah Putih)', '3.592226,98.674562', '', '-', 0, 1, '2020-11-12 11:37:13'),
(291, 4, 3, 1, 73, 'jl Raden saleh dalam No.10', '3.589318,98.677325', '', '-LUNCH titip satpam. Harus sampe sebelum 11.45 !!', 0, 1, '2020-11-12 11:37:35'),
(292, 4, 3, 1, 70, 'Jl.Bunga Ester No.64d Psr VI P.Bulan (rumahnya pas di depan gereja katolik St.Fransiskus)', '3.544960, 98.651088', 'Ada MAAGH sebelum jam 6 Dinner', '-sebelum jam 6 Dinner', 0, 1, '2020-11-12 11:37:53'),
(293, 4, 3, 1, 65, 'Jalan pukat banting 5 no 11b', '3.594644,98.712990', '', '', 0, 1, '2020-11-12 11:38:12'),
(294, 4, 3, 2, 75, 'Jl Raden saleh dalam No.10', '3.589318,98.677325', '', '-', 0, 1, '2020-11-12 11:38:45'),
(295, 4, 3, 2, 70, 'Jl.Bunga Ester No.64d Psr VI P.Bulan (rumahnya pas di depan gereja katolik St.Fransiskus)', '3.544960, 98.651088', 'Ada MAAGH sebelum jam 6 Dinner', '-sebelum jam 6 Dinner', 0, 1, '2020-11-12 11:39:01'),
(296, 4, 3, 2, 66, 'Oyo medan city homestay / turki family spa jln dr mansyur no 81.', '3.567458,98.647036', 'Skip tanggal 13,17,26 november.', '-Harus SAMPE TANGAN sebelum 17.30.', 0, 1, '2020-11-12 11:39:26'),
(297, 4, 1, 1, 82, 'Jl.Bunga Ester No.64d Psr VI P.Bulan (rumahnya pas di depan gereja katolik St.Fransiskus)', '3.545025,98.651143', 'Ada MAAGH sebelum jam 6 Dinner', '-', 0, 1, '2020-11-12 17:30:35'),
(298, 4, 1, 2, 82, 'Jl.Bunga Ester No.64d Psr VI P.Bulan (rumahnya pas di depan gereja katolik St.Fransiskus)', '3.545025,98.651143', 'Ada MAAGH sebelum jam 6 Dinner', '-', 0, 1, '2020-11-12 17:30:52'),
(299, 4, 2, 1, 82, 'Jl.Bunga Ester No.64d Psr VI P.Bulan (rumahnya pas di depan gereja katolik St.Fransiskus)', '3.545025,98.651143', 'Ada MAAGH sebelum jam 6 Dinner', '-', 0, 1, '2020-11-12 17:31:06'),
(300, 4, 2, 2, 82, 'Jl.Bunga Ester No.64d Psr VI P.Bulan (rumahnya pas di depan gereja katolik St.Fransiskus)', '3.545025,98.651143', 'Ada MAAGH sebelum jam 6 Dinner', '-', 0, 1, '2020-11-12 17:31:19'),
(301, 4, 3, 1, 82, 'Jl.Bunga Ester No.64d Psr VI P.Bulan (rumahnya pas di depan gereja katolik St.Fransiskus)', '3.545025,98.651143', 'Ada MAAGH sebelum jam 6 Dinner', '-', 0, 1, '2020-11-12 17:31:37'),
(303, 4, 3, 2, 82, 'Jl.Bunga Ester No.64d Psr VI P.Bulan (rumahnya pas di depan gereja katolik St.Fransiskus)', '3.545025,98.651143', 'Ada MAAGH sebelum jam 6 Dinner', '-', 0, 1, '2020-11-12 17:32:15'),
(304, 4, 1, 1, 83, 'JL flamboyan kompek cemara asrino.45 masuk dari bank OCBC', '3.633560,98.696976', '', 'Di samping Wie Wie Louhan', 0, 1, '2020-11-14 12:12:06'),
(305, 4, 1, 1, 84, 'Jl danau singkarak no.6 ', '3.604243,98.657713', '', 'Di depan walton school pintu abu abu', 0, 1, '2020-11-14 12:12:39'),
(306, 4, 1, 1, 87, 'Jl. Kenangq sari No. 21 Pasae 6 Tj. Sari ', '3.561753,98.639911', '', '-', 0, 1, '2020-11-14 12:21:03'),
(308, 4, 1, 1, 86, 'BCA B&G tower (JW Mariot)', '3.596149,98.675886', '', '-', 0, 1, '2020-11-14 12:35:35'),
(309, 4, 1, 1, 88, 'Jl.pembangunan usu no.12', '3.5666580,98.6522182', '', '', 0, 1, '2020-11-14 14:03:59'),
(310, 4, 1, 1, 89, 'Jl suka baru no.18,padang bulan selayang 1', '3.5686427,98.6507564', '', 'Rumah kos tentrem', 0, 1, '2020-11-14 14:04:09'),
(311, 4, 1, 1, 90, 'Jl pembangunan no 12', '3.5666580,98.6522182', '', '', 0, 1, '2020-11-14 14:04:20'),
(312, 4, 1, 1, 91, 'Jl bakti indah III no.217 komplek tata alam asri', '3.607983,98.620612', '', '', 0, 1, '2020-11-14 14:52:05'),
(313, 4, 1, 1, 92, 'Jl sidodadi komplek johor Regency Blok B no,1', '3.508880,98.665949', 'No ikan air tawar', '', 0, 1, '2020-11-14 14:52:42'),
(314, 4, 1, 1, 93, 'Jl. Karya Jaya No. 146', '3.529349,98.676531', '', '-', 0, 1, '2020-11-14 15:00:39'),
(315, 4, 1, 2, 93, 'Jl. Karya Jaya No. 146', '3.529349,98.676531', '', '-', 0, 1, '2020-11-14 15:00:57'),
(316, 4, 1, 1, 94, 'jl pasar baru no 43 padang bulan', '3.552058,98.654967', '', '', 0, 1, '2020-11-14 17:26:49'),
(317, 4, 1, 2, 94, 'jl pasar baru no 43 padang bulan', '3.552058,98.654967', '', '', 0, 1, '2020-11-14 17:27:10'),
(318, 4, 2, 1, 94, 'jl pasar baru no 43 padang bulan', '3.552058,98.654967', '', '', 0, 1, '2020-11-14 17:27:31'),
(319, 4, 2, 2, 94, 'jl pasar baru no 43 padang bulan', '3.552058,98.654967', '', '', 0, 1, '2020-11-14 17:27:57'),
(326, 4, 1, 1, 96, '', '3.589318,98.677325', '', '-', 0, 1, '2020-11-14 18:29:32'),
(327, 4, 1, 1, 95, 'Jl.M. Idris no 47', '3.596292,98.659113', 'Dinner sebelum jam 6. Intermitten fasting', 'Mohon diterima penbayaran cash ke pengantar', 0, 1, '2020-11-14 18:29:46'),
(328, 4, 1, 2, 96, '', '3.589318,98.677325', '', '-', 0, 1, '2020-11-14 18:30:02'),
(329, 4, 1, 2, 95, 'Jl.M. Idris no 47', '3.596292,98.659113', 'Dinner sebelum jam 6. Intermitten fasting', '', 0, 1, '2020-11-14 18:30:17'),
(330, 4, 4, 1, 93, 'Jl. Karya Jaya No. 146', '3.529349,98.676531', '', '-', 0, 1, '2020-11-14 18:48:15'),
(331, 4, 2, 1, 83, 'JL flamboyan kompek cemara asrino.45 masuk dari bank OCBC', '3.633560,98.696976', '', 'Di samping Wie Wie Louhan', 0, 1, '2020-11-15 07:04:37'),
(332, 4, 2, 1, 84, 'Jl danau singkarak no.6 ', '3.604243,98.657713', '', 'Di depan walton school pintu abu abu', 0, 1, '2020-11-15 07:05:01'),
(333, 4, 2, 1, 85, 'Jl.dagan no.5B/6A Belakang plaza medan fair', '3.593269,98.666074', '', '', 0, 1, '2020-11-15 07:05:56'),
(334, 4, 2, 1, 86, 'BCA B&G tower (JW Mariot)', '3.596149,98.675886', '', '-', 0, 1, '2020-11-15 07:06:14'),
(335, 4, 2, 1, 87, 'Jl. Kenangq sari No. 21 Pasae 6 Tj. Sari ', '3.561753,98.639911', '', '-', 0, 1, '2020-11-15 07:07:01'),
(336, 4, 2, 1, 88, 'Jl.pembangunan usu no.12', '3.5666580,98.6522182', '', '', 0, 1, '2020-11-15 07:07:21'),
(337, 4, 2, 1, 89, 'Jl suka baru no.18,padang bulan selayang 1', '3.5686427,98.6507564', '', 'Rumah kos tentrem', 0, 1, '2020-11-15 07:07:44'),
(338, 4, 2, 1, 90, 'Jl pembangunan no 12', '3.5666580,98.6522182', '', '', 0, 1, '2020-11-15 07:08:07'),
(339, 4, 2, 1, 91, 'Jl bakti indah III no.217 komplek tata alam asri', '3.607983,98.620612', '', '', 0, 1, '2020-11-15 07:09:12'),
(340, 4, 2, 1, 92, 'Jl sidodadi komplek johor Regency Blok B no,1', '3.508880,98.665949', 'No ikan air tawar', '', 0, 1, '2020-11-15 07:09:39'),
(341, 4, 2, 1, 93, 'Jl. Karya Jaya No. 146', '3.529349,98.676531', '', '-', 0, 1, '2020-11-15 07:10:08'),
(342, 4, 2, 1, 95, 'Jl.M. Idris no 47', '3.596292,98.659113', 'Dinner sebelum jam 6. Intermitten fasting', 'Mohon diterima penbayaran cash ke pengantar', 0, 1, '2020-11-15 07:10:53'),
(343, 4, 2, 1, 96, 'Jl Raden saleh dalam No.10', '3.589318,98.677325', '', '-', 0, 1, '2020-11-15 07:11:52'),
(344, 4, 2, 2, 93, 'Jl. Karya Jaya No. 146', '3.529349,98.676531', '', '-', 0, 1, '2020-11-15 07:15:00'),
(345, 4, 2, 2, 95, 'Jl.M. Idris no 47', '3.596292,98.659113', 'Dinner sebelum jam 6. Intermitten fasting', 'Mohon diterima penbayaran cash ke pengantar', 0, 1, '2020-11-15 07:16:50'),
(346, 4, 2, 2, 96, 'Jl Raden saleh dalam No.10', '3.589318,98.677325', '', '-', 0, 1, '2020-11-15 07:17:18'),
(347, 4, 3, 2, 93, 'Jl. Karya Jaya No. 146', '3.529349,98.676531', '', '-', 0, 1, '2020-11-15 07:31:41'),
(348, 4, 3, 2, 95, 'Jl.M. Idris no 47', '3.596292,98.659113', 'Dinner sebelum jam 6. Intermitten fasting', 'Mohon diterima penbayaran cash ke pengantar', 0, 1, '2020-11-15 07:34:42'),
(349, 4, 3, 2, 96, 'Jl. Raden Saleh Dalam No. 10', '3.589318,98.677325', '', '-', 0, 1, '2020-11-15 07:35:08'),
(350, 4, 3, 1, 83, 'JL flamboyan kompek cemara asrino.45 masuk dari bank OCBC', '3.633560,98.696976', '', 'Di samping Wie Wie Louhan', 0, 1, '2020-11-15 07:40:44'),
(351, 4, 3, 1, 84, 'Bank bca cabang diponegoro jl diponegoro', '3.584021,98.673261', '', 'dari pintu keluar zainul arifin titip sama satpam yg di tangga', 0, 1, '2020-11-15 07:41:10'),
(352, 4, 3, 1, 85, 'Jl.dagan no.5B/6A Belakang plaza medan fair', '3.593269,98.666074', '', '', 0, 1, '2020-11-15 07:41:56'),
(353, 4, 3, 1, 86, 'BCA B&G tower (JW Mariot)', '3.596149,98.675886', '', '-', 0, 1, '2020-11-15 07:43:02'),
(354, 4, 3, 1, 87, 'Jl. Kenangq sari No. 21 Pasae 6 Tj. Sari ', '3.561753,98.639911', '', '-', 0, 1, '2020-11-15 07:43:57'),
(355, 4, 3, 1, 88, 'Jl.pembangunan usu no.12', '3.5666580,98.6522182', '', '', 0, 1, '2020-11-15 07:46:12'),
(356, 4, 3, 1, 89, 'Jl suka baru no.18,padang bulan selayang 1', '3.5686427,98.6507564', '', 'Rumah kos tentrem telfon atau chat orang nya setelah menitipkan makanan di satpam', 0, 1, '2020-11-15 07:46:35'),
(357, 4, 3, 1, 90, 'Jl pembangunan no 12', '3.5666580,98.6522182', '', '', 0, 1, '2020-11-15 07:47:10'),
(358, 4, 3, 1, 91, 'Jl bakti indah III no.217 komplek tata alam asri', '3.607983,98.620612', '', '', 0, 1, '2020-11-15 07:47:45'),
(359, 4, 3, 1, 92, 'Jl sidodadi komplek johor Regency Blok B no,1', '3.508880,98.665949', 'No ikan air tawar', '', 0, 1, '2020-11-15 07:48:37'),
(360, 4, 3, 1, 93, 'Jl. Karya Jaya No. 146', '3.529349,98.676531', '', '-', 0, 1, '2020-11-15 07:49:04'),
(361, 4, 3, 1, 95, 'Jl.M. Idris no 47', '3.596292,98.659113', 'Dinner sebelum jam 6. Intermitten fasting', 'Mohon diterima penbayaran cash ke pengantar', 0, 1, '2020-11-15 07:50:11'),
(362, 4, 3, 1, 96, 'Jl. Raden Saleh Dalam No. 10', '3.589318,98.677325', '', '-', 0, 1, '2020-11-15 07:50:33'),
(364, 4, 4, 1, 70, 'Jl.Bunga Ester No.64d Psr VI P.Bulan (rumahnya pas di depan gereja katolik St.Fransiskus)', '3.544960, 98.651088', 'Ada MAAGH sebelum jam 6 Dinner', '-sebelum jam 6 Dinner', 0, 1, '2020-11-15 07:53:51'),
(365, 4, 4, 1, 73, 'Jl Raden saleh dalam No.10', '3.589318,98.677325', '', '-LUNCH titip satpam. Harus sampe sebelum 11.45 !!', 0, 1, '2020-11-15 07:54:29'),
(366, 4, 4, 1, 77, 'Jl. Tembakau Deli No 2N (Masuk di sbelah jalan Graha Merah Putih)', '3.592226,98.674562', '', '-', 0, 1, '2020-11-15 07:54:50'),
(367, 4, 4, 1, 79, 'jl. Putri hijau no. 4 ( Kanwil kementerian hukum dan ham)', '3.594459,98.676219', '-', '-', 0, 1, '2020-11-15 07:55:31'),
(368, 4, 4, 1, 82, 'Jl.Bunga Ester No.64d Psr VI P.Bulan (rumahnya pas di depan gereja katolik St.Fransiskus)', '3.545025,98.651143', 'Ada MAAGH sebelum jam 6 Dinner', '-', 0, 1, '2020-11-15 07:55:52'),
(369, 4, 4, 1, 83, 'JL flamboyan kompek cemara asrino.45 masuk dari bank OCBC', '3.633560,98.696976', '', 'Di samping Wie Wie Louhan', 0, 1, '2020-11-15 07:56:17'),
(370, 4, 4, 1, 84, 'Bank bca cabang diponegoro jl diponegoro', '3.584021,98.673261', '', 'Dari pintu keluar zainul atifin nanti titip di satpam yg ada di tangga', 0, 1, '2020-11-15 07:56:39'),
(371, 4, 4, 1, 85, 'Jl.dagan no.5B/6A Belakang plaza medan fair', '3.593269,98.666074', '', '', 0, 1, '2020-11-15 07:56:58'),
(372, 4, 4, 1, 86, 'BCA B&G tower (JW Mariot)', '3.596149,98.675886', '', '-', 0, 1, '2020-11-15 07:57:22'),
(373, 4, 4, 1, 87, 'Jl. Kenangq sari No. 21 Pasae 6 Tj. Sari ', '3.561753,98.639911', '', '-', 0, 1, '2020-11-15 07:58:01'),
(374, 4, 4, 1, 88, 'Jl.pembangunan usu no.12', '3.5666580,98.6522182', '', '', 0, 1, '2020-11-15 07:58:20'),
(375, 4, 4, 1, 89, 'Jl suka baru no.18,padang bulan selayang 1', '3.5686427,98.6507564', '', 'Rumah kos tentrem telfon atau chat orang nya setelah menitipkan makanannya di satpam', 0, 1, '2020-11-15 07:58:38'),
(376, 4, 4, 1, 90, 'Jl pembangunan no 12', '3.5666580,98.6522182', '', '', 0, 1, '2020-11-15 07:58:59'),
(377, 4, 4, 1, 91, 'Jl bakti indah III no.217 komplek tata alam asri', '3.607983,98.620612', '', '', 0, 1, '2020-11-15 07:59:18'),
(378, 4, 4, 1, 92, 'Jl sidodadi komplek johor Regency Blok B no,1', '3.508880,98.665949', 'No ikan air tawar', '', 0, 1, '2020-11-15 07:59:54'),
(379, 4, 4, 1, 95, 'Jl.M. Idris no 47', '3.596292,98.659113', 'Dinner sebelum jam 6. Intermitten fasting', 'Mohon diterima penbayaran cash ke pengantar', 0, 1, '2020-11-15 08:00:11'),
(380, 4, 4, 1, 96, 'Jl. Raden Saleh Dalam No. 10', '3.589318,98.677325', '', '-', 0, 1, '2020-11-15 08:01:02'),
(381, 4, 4, 2, 66, 'Oyo medan city homestay / turki family spa jln dr mansyur no 81.', '3.567458,98.647036', 'Skip tanggal 13,17,26 november.', '-Harus SAMPE TANGAN sebelum 17.30.', 0, 1, '2020-11-15 08:02:56'),
(382, 4, 4, 2, 70, 'Jl.Bunga Ester No.64d Psr VI P.Bulan (rumahnya pas di depan gereja katolik St.Fransiskus)', '3.544960, 98.651088', 'Ada MAAGH sebelum jam 6 Dinner', '-sebelum jam 6 Dinner', 0, 1, '2020-11-15 08:03:20'),
(383, 4, 4, 2, 75, 'Jl Raden saleh dalam No.10', '3.589318,98.677325', '', '-', 0, 1, '2020-11-15 08:03:45'),
(384, 4, 4, 2, 82, 'Jl.Bunga Ester No.64d Psr VI P.Bulan (rumahnya pas di depan gereja katolik St.Fransiskus)', '3.545025,98.651143', 'Ada MAAGH sebelum jam 6 Dinner', '-', 0, 1, '2020-11-15 08:04:08'),
(385, 4, 4, 2, 93, 'Jl. Karya Jaya No. 146', '3.529349,98.676531', '', '-', 0, 1, '2020-11-15 08:04:45'),
(386, 4, 4, 2, 96, 'Jl. Raden Saleh Dalam No. 10', '3.589318,98.677325', '', '-', 0, 1, '2020-11-15 08:05:41'),
(387, 4, 4, 2, 95, 'Jl.M. Idris no 47', '3.596292,98.659113', 'Dinner sebelum jam 6. Intermitten fasting', 'Mohon diterima penbayaran cash ke pengantar', 0, 1, '2020-11-15 08:07:20'),
(388, 4, 5, 1, 70, 'Jl.Bunga Ester No.64d Psr VI P.Bulan (rumahnya pas di depan gereja katolik St.Fransiskus)', '3.544960, 98.651088', 'Ada MAAGH sebelum jam 6 Dinner', '-sebelum jam 6 Dinner', 0, 1, '2020-11-15 08:10:27'),
(389, 4, 5, 1, 73, '(LUNCH) BCA ASIA SIMPANG LAMPUNG (samping bank UOB) jl. Asia no 184D titip satpam', '3.584527,98.691058', '', '-LUNCH titip satpam. Harus sampe sebelum 11.45 !!', 0, 1, '2020-11-15 08:10:47'),
(390, 4, 5, 1, 77, 'Jl. Tembakau Deli No 2N (Masuk di sbelah jalan Graha Merah Putih)', '3.592226,98.674562', '', '-', 0, 1, '2020-11-15 08:11:17'),
(391, 4, 5, 1, 79, 'jl. Putri hijau no. 4 ( Kanwil kementerian hukum dan ham)', '3.594459,98.676219', '-', '-', 0, 1, '2020-11-15 08:11:34'),
(392, 4, 5, 1, 82, 'Jl.Bunga Ester No.64d Psr VI P.Bulan (rumahnya pas di depan gereja katolik St.Fransiskus)', '3.545025,98.651143', 'Ada MAAGH sebelum jam 6 Dinner', '-', 0, 1, '2020-11-15 08:11:58'),
(393, 4, 5, 1, 83, 'JL flamboyan kompek cemara asrino.45 masuk dari bank OCBC', '3.633560,98.696976', '', 'Di samping Wie Wie Louhan', 0, 1, '2020-11-15 08:12:28'),
(394, 4, 5, 1, 84, 'Bank bca cabang diponegoro jl diponegoro', '3.584021,98.673261', '', 'Dari pintu masuk keluar zainul arifin nanti titip di satpam yg di tangga', 0, 1, '2020-11-15 08:12:45'),
(395, 4, 5, 1, 85, 'Jl.dagan no.5B/6A Belakang plaza medan fair', '3.593269,98.666074', '', '', 0, 1, '2020-11-15 08:13:17'),
(396, 4, 5, 1, 86, 'BCA B&G tower (JW Mariot)', '3.596149,98.675886', '', '-', 0, 1, '2020-11-15 08:13:40'),
(397, 4, 5, 1, 87, 'Jl. Kenangq sari No. 21 Pasae 6 Tj. Sari ', '3.561753,98.639911', '', '-', 0, 1, '2020-11-15 08:14:02'),
(398, 4, 5, 1, 88, 'Jl.pembangunan usu no.12', '3.5666580,98.6522182', '', '', 0, 1, '2020-11-15 08:14:24'),
(399, 4, 5, 1, 89, 'Jl suka baru no.18,padang bulan selayang 1', '3.5686427,98.6507564', '', 'Rumah kos tentrem telfon atau chat orang nya setelah menitipkan makanannya di satpam', 0, 1, '2020-11-15 08:14:48'),
(400, 4, 5, 1, 90, 'Jl pembangunan no 12', '3.5666580,98.6522182', '', '', 0, 1, '2020-11-15 08:15:19'),
(401, 4, 5, 1, 91, 'Jl bakti indah III no.217 komplek tata alam asri', '3.607983,98.620612', '', '', 0, 1, '2020-11-15 08:15:46'),
(402, 4, 5, 1, 92, 'Jl sidodadi komplek johor Regency Blok B no,1', '3.508880,98.665949', 'No ikan air tawar', '', 0, 1, '2020-11-15 08:16:13'),
(403, 4, 5, 1, 93, 'Jl. Karya Jaya No. 146', '3.529349,98.676531', '', '-', 0, 1, '2020-11-15 08:16:37'),
(404, 4, 5, 1, 95, 'Jl.M. Idris no 47', '3.596292,98.659113', 'Dinner sebelum jam 6. Intermitten fasting', '', 0, 1, '2020-11-15 08:17:19'),
(405, 4, 5, 1, 96, 'Jl. Raden Saleh Dalam No. 10', '3.589318,98.677325', '', '-', 0, 1, '2020-11-15 08:18:12'),
(406, 4, 5, 2, 66, 'Oyo medan city homestay / turki family spa jln dr mansyur no 81.', '3.567458,98.647036', 'Skip tanggal 13,17,26 november.', '-Harus SAMPE TANGAN sebelum 17.30.', 0, 1, '2020-11-15 08:21:06'),
(407, 4, 5, 2, 70, 'Jl.Bunga Ester No.64d Psr VI P.Bulan (rumahnya pas di depan gereja katolik St.Fransiskus)', '3.544960, 98.651088', 'Ada MAAGH sebelum jam 6 Dinner', '-sebelum jam 6 Dinner', 0, 1, '2020-11-15 08:21:34'),
(408, 4, 5, 2, 75, '(Dinner) Jl. Puri Gg. K Alimun no 28/59B (masuk gang, mentok belok kiri)', '3.578560,98.688845', '', '-', 0, 1, '2020-11-15 08:21:54'),
(409, 4, 5, 2, 82, 'Jl.Bunga Ester No.64d Psr VI P.Bulan (rumahnya pas di depan gereja katolik St.Fransiskus)', '3.545025,98.651143', 'Ada MAAGH sebelum jam 6 Dinner', '-', 0, 1, '2020-11-15 08:22:11'),
(410, 4, 5, 2, 93, 'Jl. Karya Jaya No. 146', '3.529349,98.676531', '', '-', 0, 1, '2020-11-15 08:22:45'),
(411, 4, 5, 2, 95, 'Jl.M. Idris no 47', '3.596292,98.659113', 'Dinner sebelum jam 6. Intermitten fasting', '', 0, 1, '2020-11-15 08:23:24'),
(412, 4, 5, 2, 96, 'Jl. Raden Saleh Dalam No. 10', '3.589318,98.677325', '', '-', 0, 1, '2020-11-15 08:23:40'),
(413, 4, 2, 1, 98, 'kompleks malibu indah blok H-36.', '3.550728,98.684386', '', '', 0, 1, '2020-11-15 12:22:33'),
(414, 4, 3, 1, 98, 'kompleks malibu indah blok H-36.', '3.550728,98.684386', '', '', 0, 1, '2020-11-15 12:22:57'),
(415, 4, 4, 1, 98, 'kompleks malibu indah blok H-36.', '3.550728,98.684386', '', '', 0, 1, '2020-11-15 12:23:37');
INSERT INTO `catering_order_detail` (`id`, `catering_order_batch_id`, `day_id`, `time_order`, `buyer_id`, `address`, `latlong`, `notes`, `driver_notes`, `is_out_of_range`, `is_active`, `created_time`) VALUES
(416, 4, 5, 1, 98, 'kompleks malibu indah blok H-36.', '3.550728,98.684386', '', '', 0, 1, '2020-11-15 12:24:55'),
(418, 4, 4, 1, 99, 'Jl sampali baru komplek sampali baru No.9J', '3.593723,98.698358', 'selang seling dari tanggan 19nov,24nov,26nov,1des,sampai 3des', '', 0, 1, '2020-11-16 12:42:42'),
(419, 4, 4, 1, 103, 'Jl persatuan,komplek surya regency 1 Blok c No.8', '3.612504,98.652852', '', 'Cantolin aja makanannya di pintu besi pagar.BUKAN PAGAR. Setelah itu  fotokan lalu chat beliau.GA BISA DITELEFON', 0, 1, '2020-11-17 07:49:08'),
(420, 4, 4, 2, 103, 'Jl persatuan,komplek surya regency 1 Blok c No.8', '3.612504,98.652852', '', 'Cantolin aja makanannya di pintu besi pagar.BUKAN PAGAR. Setelah itu  fotokan lalu chat beliau.GA BISA DITELEFON', 0, 1, '2020-11-17 07:49:34'),
(421, 4, 5, 1, 103, 'Jl persatuan,komplek surya regency 1 Blok c No.8', '3.612504,98.652852', '', 'Cantolin aja makanannya di pintu besi pagar.BUKAN PAGAR. Setelah itu  fotokan lalu chat beliau.GA BISA DITELEFON', 0, 1, '2020-11-17 07:50:50'),
(422, 4, 5, 2, 103, 'Jl persatuan,komplek surya regency 1 Blok c No.8', '3.612504,98.652852', '', 'Cantolin aja makanannya di pintu besi pagar.BUKAN PAGAR. Setelah itu  fotokan lalu chat beliau.GA BISA DITELEFON', 0, 1, '2020-11-17 07:51:07'),
(423, 5, 1, 1, 71, 'Jl.Bunga Ester No.64d Psr VI P.Bulan (rumahnya pas di depan gereja katolik St.Fransiskus)', '3.544960, 98.651088', 'Ada MAAGH sebelum jam 6 Dinner', '-sebelum jam 6 Dinner', 0, 1, '2020-11-19 10:38:29'),
(424, 5, 1, 1, 74, '(LUNCH) BCA ASIA SIMPANG LAMPUNG (samping bank UOB) jl. Asia no 184D titip satpam', '3.584527,98.691058', '', '-LUNCH titip satpam. Harus sampe sebelum 11.45 !!', 0, 1, '2020-11-19 10:38:55'),
(425, 5, 1, 1, 78, 'Jl. Tembakau Deli No 2N (Masuk di sbelah jalan Graha Merah Putih)', '3.592226,98.674562', '', '-', 0, 1, '2020-11-19 10:41:12'),
(426, 5, 1, 1, 80, 'jl. Putri hijau no. 4 ( Kanwil kementerian hukum dan ham)', '3.594459,98.676219', '-', '-', 0, 1, '2020-11-19 10:41:37'),
(427, 5, 1, 1, 97, 'Jl Raden saleh dalam No.10', '3.589318,98.677325', '', '-', 0, 1, '2020-11-19 10:42:01'),
(428, 5, 1, 1, 102, 'jl pasar baru no 43 padang bulan', '3.552058,98.654967', 'Skip rabu - jumat keluar kota. Ganti di batch 32 hari senin - rabu', '', 0, 1, '2020-11-19 10:43:14'),
(429, 5, 1, 1, 104, 'Jl persatuan,komplek surya regency 1 Blok c No.8', '3.612504,98.652852', '', 'Cantolin aja makanannya di pintu besi .BUKAN PAGAR. Setelah itu  fotokan lalu chat beliau.GA BISA DITELEFON', 0, 1, '2020-11-19 10:43:42'),
(430, 5, 1, 1, 107, 'Hotel danau toba', '3.582733,98.676319', '', '', 0, 1, '2020-11-19 10:45:39'),
(432, 5, 1, 2, 67, 'Oyo medan city homestay / turki family spa jln dr mansyur no 81.', '3.567458,98.647036', 'Skip tanggal 13,17,26 november.', '-Harus SAMPE TANGAN sebelum 17.30.', 0, 1, '2020-11-19 10:47:03'),
(433, 5, 1, 2, 104, 'Jl persatuan,komplek surya regency 1 Blok c No.8', '3.612504,98.652852', '', 'Cantolin aja makanannya di pintu besi.BUKAN PAGAR. Setelah itu  fotokan lalu chat beliau.GA BISA DITELEFON', 0, 1, '2020-11-19 10:47:23'),
(434, 5, 1, 2, 102, 'jl pasar baru no 43 padang bulan', '3.552058,98.654967', 'Skip rabu - jumat keluar kota. Ganti di batch 32 hari senin - rabu', '', 0, 1, '2020-11-19 10:47:36'),
(435, 5, 1, 2, 97, 'Jl.Raden saleh dalam No.10', '3.589318,98.677325', '', '-', 0, 1, '2020-11-19 10:47:47'),
(436, 5, 1, 2, 76, '(Dinner) Jl. Puri Gg. K Alimun no 28/59B (masuk gang, mentok belok kiri)', '3.578560,98.688845', '', '-', 0, 1, '2020-11-19 10:48:01'),
(437, 5, 1, 2, 71, 'Jl.Bunga Ester No.64d Psr VI P.Bulan (rumahnya pas di depan gereja katolik St.Fransiskus)', '3.544960, 98.651088', 'Ada MAAGH sebelum jam 6 Dinner', '-sebelum jam 6 Dinner', 0, 1, '2020-11-19 10:48:16'),
(438, 5, 2, 1, 107, 'Jl persamaan Gg rahmat No.77 simpang limun', '3.551046,98.696498', '', '', 0, 1, '2020-11-19 10:48:58'),
(439, 5, 3, 1, 107, 'Jl persamaan Gg rahmat No.77 simpang limun', '3.551046,98.696498', '', '', 0, 1, '2020-11-19 10:49:10'),
(440, 5, 4, 1, 107, 'Jl persamaan Gg rahmat No.77 simpang limun', '3.551046,98.696498', '', '', 0, 1, '2020-11-19 10:49:21'),
(441, 5, 5, 1, 107, 'Jl persamaan Gg rahmat No.77 simpang limun', '3.551046,98.696498', '', '', 0, 1, '2020-11-19 10:49:37'),
(442, 5, 2, 1, 104, 'Jl persatuan,komplek surya regency 1 Blok c No.8', '3.612504,98.652852', '', 'Cantolin aja makanannya di pintu besi.BUKAN PAGAR. Setelah itu  fotokan lalu chat beliau.GA BISA DITELEFON', 0, 1, '2020-11-19 10:50:08'),
(443, 5, 2, 2, 104, 'Jl persatuan,komplek surya regency 1 Blok c No.8', '3.612504,98.652852', '', 'Cantolin aja makanannya di pintu besi.BUKAN PAGAR. Setelah itu  fotokan lalu chat beliau.GA BISA DITELEFON', 0, 1, '2020-11-19 10:50:20'),
(444, 5, 3, 1, 104, 'Jl persatuan,komplek surya regency 1 Blok c No.8', '3.612504,98.652852', '', 'Cantolin aja makanannya di pintu besi.BUKAN PAGAR. Setelah itu  fotokan lalu chat beliau.GA BISA DITELEFON', 0, 1, '2020-11-19 10:50:37'),
(445, 5, 3, 2, 104, 'Jl persatuan,komplek surya regency 1 Blok c No.8', '3.612504,98.652852', '', 'Cantolin aja makanannya di pintu besi.BUKAN PAGAR. Setelah itu  fotokan lalu chat beliau.GA BISA DITELEFON', 0, 1, '2020-11-19 10:50:51'),
(446, 5, 3, 1, 102, 'jl pasar baru no 43 padang bulan', '3.552058,98.654967', 'Skip rabu - jumat keluar kota. Ganti di batch 32 hari senin - rabu', '', 0, 1, '2020-11-19 10:51:40'),
(447, 5, 3, 2, 102, 'jl pasar baru no 43 padang bulan', '3.552058,98.654967', 'Skip rabu - jumat keluar kota. Ganti di batch 32 hari senin - rabu', '', 0, 1, '2020-11-19 10:51:52'),
(448, 5, 2, 1, 102, 'jl pasar baru no 43 padang bulan', '3.552058,98.654967', 'Skip rabu - jumat keluar kota. Ganti di batch 32 hari senin - rabu', '', 0, 1, '2020-11-19 10:52:14'),
(449, 5, 2, 2, 102, 'jl pasar baru no 43 padang bulan', '3.552058,98.654967', 'Skip rabu - jumat keluar kota. Ganti di batch 32 hari senin - rabu', '', 0, 1, '2020-11-19 10:52:25'),
(450, 5, 2, 1, 100, 'Jl sampali baru komplek sampali baru No.9J', '3.593723,98.698358', 'selang seling dari tanggan 19nov,24nov,26nov,1des,sampai 3des', '', 0, 1, '2020-11-19 10:53:36'),
(451, 5, 2, 1, 97, 'Jl.Raden saleh dalam No.10', '3.589318,98.677325', '', '-', 0, 1, '2020-11-19 10:54:00'),
(452, 5, 2, 2, 97, 'Jl.Raden saleh dalam No.10', '3.589318,98.677325', '', '-', 0, 1, '2020-11-19 10:54:12'),
(453, 5, 3, 1, 97, 'Jl.Raden saleh dalam No.10', '3.589318,98.677325', '', '-', 0, 1, '2020-11-19 10:54:24'),
(454, 5, 3, 2, 97, 'Jl.Raden saleh dalam No.10', '3.589318,98.677325', '', '-', 0, 1, '2020-11-19 10:54:39'),
(455, 5, 4, 1, 97, 'Jl.Raden saleh dalam No.10', '3.589318,98.677325', '', '-', 0, 1, '2020-11-19 10:54:56'),
(456, 5, 4, 2, 97, 'Jl.Raden saleh dalam No.10', '3.589318,98.677325', '', '-', 0, 1, '2020-11-19 10:55:07'),
(457, 5, 5, 1, 97, 'Jl. Raden saleh dalam No.10', '3.589318,98.677325', '', '-', 0, 1, '2020-11-19 10:55:18'),
(458, 5, 5, 2, 97, 'Jl.Raden saleh dalam No.10', '3.589318,98.677325', '', '-', 0, 1, '2020-11-19 10:55:28'),
(459, 5, 2, 1, 80, 'jl. Putri hijau no. 4 ( Kanwil kementerian hukum dan ham)', '3.594459,98.676219', '-', '-', 0, 1, '2020-11-19 10:56:12'),
(460, 5, 3, 1, 80, 'jl. Putri hijau no. 4 ( Kanwil kementerian hukum dan ham)', '3.594459,98.676219', '-', '-', 0, 1, '2020-11-19 10:56:43'),
(461, 5, 4, 1, 80, 'jl. Putri hijau no. 4 ( Kanwil kementerian hukum dan ham)', '3.594459,98.676219', '-', '-', 0, 1, '2020-11-19 10:57:15'),
(462, 5, 5, 1, 80, 'jl. Putri hijau no. 4 ( Kanwil kementerian hukum dan ham)', '3.594459,98.676219', '-', '-', 0, 1, '2020-11-19 10:57:30'),
(463, 5, 2, 1, 78, 'Jl. Tembakau Deli No 2N (Masuk di sbelah jalan Graha Merah Putih)', '3.592226,98.674562', '', '-', 0, 1, '2020-11-19 10:57:49'),
(464, 5, 2, 1, 74, '(LUNCH) BCA ASIA SIMPANG LAMPUNG (samping bank UOB) jl. Asia no 184D titip satpam', '3.584527,98.691058', '', '-LUNCH titip satpam. Harus sampe sebelum 11.45 !!', 0, 1, '2020-11-19 10:58:40'),
(465, 5, 2, 2, 76, '(Dinner) Jl. Puri Gg. K Alimun no 28/59B (masuk gang, mentok belok kiri)', '3.578560,98.688845', '', '-', 0, 1, '2020-11-19 10:58:53'),
(466, 5, 3, 1, 74, '(LUNCH) BCA ASIA SIMPANG LAMPUNG (samping bank UOB) jl. Asia no 184D titip satpam', '3.584527,98.691058', '', '-LUNCH titip satpam. Harus sampe sebelum 11.45 !!', 0, 1, '2020-11-19 10:59:07'),
(467, 5, 3, 2, 76, '(Dinner) Jl. Puri Gg. K Alimun no 28/59B (masuk gang, mentok belok kiri)', '3.578560,98.688845', '', '-', 0, 1, '2020-11-19 10:59:20'),
(468, 5, 4, 1, 74, '(LUNCH) BCA ASIA SIMPANG LAMPUNG (samping bank UOB) jl. Asia no 184D titip satpam', '3.584527,98.691058', '', '-LUNCH titip satpam. Harus sampe sebelum 11.45 !!', 0, 1, '2020-11-19 10:59:34'),
(469, 5, 4, 2, 76, '(Dinner) Jl. Puri Gg. K Alimun no 28/59B (masuk gang, mentok belok kiri)', '3.578560,98.688845', '', '-', 0, 1, '2020-11-19 10:59:51'),
(470, 5, 5, 1, 74, '(LUNCH) BCA ASIA SIMPANG LAMPUNG (samping bank UOB) jl. Asia no 184D titip satpam', '3.584527,98.691058', '', '-LUNCH titip satpam. Harus sampe sebelum 11.45 !!', 0, 1, '2020-11-19 11:00:05'),
(471, 5, 5, 2, 76, '(Dinner) Jl. Puri Gg. K Alimun no 28/59B (masuk gang, mentok belok kiri)', '3.578560,98.688845', '', '-', 0, 1, '2020-11-19 11:00:15'),
(472, 5, 5, 1, 71, 'Jl.Bunga Ester No.64d Psr VI P.Bulan (rumahnya pas di depan gereja katolik St.Fransiskus)', '3.544960, 98.651088', 'Ada MAAGH sebelum jam 6 Dinner', '-sebelum jam 6 Dinner', 0, 1, '2020-11-19 11:00:49'),
(473, 5, 5, 2, 71, 'Jl.Bunga Ester No.64d Psr VI P.Bulan (rumahnya pas di depan gereja katolik St.Fransiskus)', '3.544960, 98.651088', 'Ada MAAGH sebelum jam 6 Dinner', '-sebelum jam 6 Dinner', 0, 1, '2020-11-19 11:01:02'),
(474, 5, 4, 1, 71, 'Jl.Bunga Ester No.64d Psr VI P.Bulan (rumahnya pas di depan gereja katolik St.Fransiskus)', '3.544960, 98.651088', 'Ada MAAGH sebelum jam 6 Dinner', '-sebelum jam 6 Dinner', 0, 1, '2020-11-19 11:01:15'),
(475, 5, 4, 2, 71, 'Jl.Bunga Ester No.64d Psr VI P.Bulan (rumahnya pas di depan gereja katolik St.Fransiskus)', '3.544960, 98.651088', 'Ada MAAGH sebelum jam 6 Dinner', '-sebelum jam 6 Dinner', 0, 1, '2020-11-19 11:01:28'),
(476, 5, 3, 1, 71, 'Jl.Bunga Ester No.64d Psr VI P.Bulan (rumahnya pas di depan gereja katolik St.Fransiskus)', '3.544960, 98.651088', 'Ada MAAGH sebelum jam 6 Dinner', '-sebelum jam 6 Dinner', 0, 1, '2020-11-19 11:01:46'),
(477, 5, 3, 2, 71, 'Jl.Bunga Ester No.64d Psr VI P.Bulan (rumahnya pas di depan gereja katolik St.Fransiskus)', '3.544960, 98.651088', 'Ada MAAGH sebelum jam 6 Dinner', '-sebelum jam 6 Dinner', 0, 1, '2020-11-19 11:02:03'),
(478, 5, 2, 1, 71, 'Jl.Bunga Ester No.64d Psr VI P.Bulan (rumahnya pas di depan gereja katolik St.Fransiskus)', '3.544960, 98.651088', 'Ada MAAGH sebelum jam 6 Dinner', '-sebelum jam 6 Dinner', 0, 1, '2020-11-19 11:02:19'),
(479, 5, 2, 2, 71, 'Jl.Bunga Ester No.64d Psr VI P.Bulan (rumahnya pas di depan gereja katolik St.Fransiskus)', '3.544960, 98.651088', 'Ada MAAGH sebelum jam 6 Dinner', '-sebelum jam 6 Dinner', 0, 1, '2020-11-19 11:02:40'),
(481, 5, 5, 2, 67, 'Oyo medan city homestay / turki family spa jln dr mansyur no 81.', '3.567458,98.647036', 'Skip tanggal 13,17,26 november.', '-Harus SAMPE TANGAN sebelum 17.30.', 0, 1, '2020-11-19 11:04:05'),
(482, 5, 3, 2, 67, 'Oyo medan city homestay / turki family spa jln dr mansyur no 81.', '3.567458,98.647036', 'Skip tanggal 13,17,26 november.', '-Harus SAMPE TANGAN sebelum 17.30.', 0, 1, '2020-11-19 11:04:21'),
(483, 5, 2, 2, 67, 'Oyo medan city homestay / turki family spa jln dr mansyur no 81.', '3.567458,98.647036', 'Skip tanggal 13,17,26 november.', '-Harus SAMPE TANGAN sebelum 17.30.', 0, 1, '2020-11-19 11:04:37'),
(484, 5, 1, 1, 110, 'Jne Gatsu (sebelah GG harapan seberang Tomang elok)', '3.590999,98.641123', '', '', 0, 1, '2020-11-21 07:38:33'),
(485, 5, 2, 1, 110, 'Jne Gatsu (sebelah GG harapan seberang Tomang elok)', '3.590999,98.641123', '', '', 0, 1, '2020-11-21 07:39:24'),
(486, 5, 3, 1, 110, 'Jne Gatsu (sebelah GG harapan seberang Tomang elok)', '3.590999,98.641123', '', '', 0, 1, '2020-11-21 07:39:59'),
(487, 5, 4, 1, 110, 'Jne Gatsu (sebelah GG harapan seberang Tomang elok)', '3.590999,98.641123', '', '', 0, 1, '2020-11-21 07:40:34'),
(488, 5, 5, 1, 110, 'Jne Gatsu (sebelah GG harapan seberang Tomang elok)', '3.590999,98.641123', '', '', 0, 1, '2020-11-21 07:41:05'),
(489, 5, 1, 1, 111, 'Jl Bunga Ester No.93C Medan Selayang Pasar 6 Padang bulan', '3.544701,98.652720', '', '', 0, 1, '2020-11-21 09:48:44'),
(490, 5, 2, 1, 111, 'Jl Bunga Ester No.93C Medan Selayang Pasar 6 Padang bulan', '3.544701,98.652720', '', '', 0, 1, '2020-11-21 09:49:20'),
(491, 5, 3, 1, 111, 'Jl Bunga Ester No.93C Medan Selayang Pasar 6 Padang bulan', '3.544701,98.652720', '', '', 0, 1, '2020-11-21 09:49:58'),
(492, 5, 4, 1, 111, 'Jl Bunga Ester No.93C Medan Selayang Pasar 6 Padang bulan', '3.544701,98.652720', '', '', 0, 1, '2020-11-21 09:50:25'),
(493, 5, 5, 1, 111, 'Jl Bunga Ester No.93C Medan Selayang Pasar 6 Padang bulan', '3.544701,98.652720', '', '', 0, 1, '2020-11-21 09:50:59'),
(494, 5, 1, 1, 112, 'BCA Diponegoro', '3.584618,98.672817', '-', '-', 0, 1, '2020-11-21 10:24:31'),
(495, 5, 1, 1, 113, 'Jl besar Tembung masuk Jl balai umum No 5 Tembung', '3.594485,98.747070', '-', '-', 0, 1, '2020-11-21 10:25:00'),
(496, 5, 1, 2, 113, 'Jl besar Tembung masuk Jl balai umum No 5 Tembung', '3.594485,98.747070', '-', '-', 0, 1, '2020-11-21 10:25:14'),
(497, 5, 2, 1, 112, 'BCA Diponegoro', '3.584618,98.672817', '-', '-', 0, 1, '2020-11-21 10:25:34'),
(498, 5, 3, 1, 112, 'BCA Diponegoro', '3.584618,98.672817', '-', '-', 0, 1, '2020-11-21 10:26:36'),
(499, 5, 4, 1, 112, 'BCA Diponegoro', '3.584618,98.672817', '-', '-', 0, 1, '2020-11-21 10:27:02'),
(500, 5, 5, 1, 112, 'BCA Diponegoro', '3.584618,98.672817', '-', '-', 0, 1, '2020-11-21 10:27:48'),
(501, 5, 1, 1, 114, 'ZAP klinik Jl. Iskandar muda no 81 Medan . (Sebelah BRI AGRO). ', '3.581344,98.661068', '', '', 0, 1, '2020-11-21 10:36:11'),
(502, 5, 2, 1, 114, 'ZAP klinik Jl. Iskandar muda no 81 Medan . (Sebelah BRI AGRO). ', '3.581344,98.661068', '', '', 0, 1, '2020-11-21 10:36:38'),
(503, 5, 3, 1, 114, 'ZAP klinik Jl. Iskandar muda no 81 Medan . (Sebelah BRI AGRO). ', '3.581344,98.661068', '', '', 0, 1, '2020-11-21 10:37:00'),
(504, 5, 4, 1, 114, 'ZAP klinik Jl. Iskandar muda no 81 Medan . (Sebelah BRI AGRO). ', '3.581344,98.661068', '', '', 0, 1, '2020-11-21 10:37:38'),
(505, 5, 5, 1, 114, 'jl sei padang no 60 medan', '3.570450,98.655250', '', '', 0, 1, '2020-11-21 10:38:18'),
(506, 5, 1, 1, 115, 'BCA B&G tower (JW Mariot)', '3.596149,98.675886', '', '', 0, 1, '2020-11-21 12:33:12'),
(507, 5, 2, 1, 115, 'BCA B&G tower (JW Mariot)', '3.596149,98.675886', '', '', 0, 1, '2020-11-21 12:33:27'),
(508, 5, 3, 1, 115, 'BCA B&G tower (JW Mariot)', '3.596149,98.675886', '', '', 0, 1, '2020-11-21 12:33:53'),
(509, 5, 4, 1, 115, 'BCA B&G tower (JW Mariot)', '3.596149,98.675886', '', '', 0, 1, '2020-11-21 12:34:23'),
(510, 5, 5, 1, 115, 'BCA B&G tower (JW Mariot)', '3.596149,98.675886', '', '', 0, 1, '2020-11-21 12:35:09'),
(511, 5, 1, 1, 117, 'Jl Flamboyan komplek cemara asri No.45 masuk dari bank OCBC', '3.633560,98.696976', '', 'disamping Wie Wie louhan', 0, 1, '2020-11-21 17:17:18'),
(512, 5, 1, 1, 116, 'Jl Karya jaya gg eka pribadi', '3.518387,98.676233', '', '', 0, 1, '2020-11-21 17:18:22'),
(513, 5, 1, 1, 119, 'Jl. Karya Jaya No. 146', '3.529349,98.676531', 'LUNCH 1 DINNER 2', '-', 0, 1, '2020-11-21 17:38:03'),
(514, 5, 1, 2, 119, 'Jl. Karya Jaya No. 146', '3.529349,98.676531', 'LUNCH 1 DINNER 2', '-', 0, 1, '2020-11-21 17:38:18'),
(515, 5, 2, 1, 119, 'Jl. Karya Jaya No. 146', '3.529349,98.676531', 'LUNCH 1 DINNER 2', '-', 0, 1, '2020-11-21 17:38:33'),
(516, 5, 2, 2, 119, 'Jl. Karya Jaya No. 146', '3.529349,98.676531', 'LUNCH 1 DINNER 2', '-', 0, 1, '2020-11-21 17:38:57'),
(517, 5, 3, 1, 119, 'Jl. Karya Jaya No. 146', '3.529349,98.676531', 'LUNCH 1 DINNER 2', '-', 0, 1, '2020-11-21 17:39:30'),
(518, 5, 3, 2, 119, 'Jl. Karya Jaya No. 146', '3.529349,98.676531', 'LUNCH 1 DINNER 2', '-', 0, 1, '2020-11-21 17:39:55'),
(519, 5, 4, 1, 119, 'Jl. Karya Jaya No. 146', '3.529349,98.676531', 'LUNCH 1 DINNER 2', '-', 0, 1, '2020-11-21 17:40:15'),
(520, 5, 4, 2, 119, 'Jl. Karya Jaya No. 146', '3.529349,98.676531', 'LUNCH 1 DINNER 2', '-', 0, 1, '2020-11-21 17:40:36'),
(521, 5, 5, 2, 119, 'Jl. Karya Jaya No. 146', '3.529349,98.676531', 'LUNCH 1 DINNER 2', '-', 0, 1, '2020-11-21 17:41:07'),
(522, 5, 5, 1, 119, 'Jl. Karya Jaya No. 146', '3.529349,98.676531', 'LUNCH 1 DINNER 2', '-', 0, 1, '2020-11-21 17:41:37'),
(523, 5, 1, 1, 118, 'Jl. Kenangq sari No. 21 Pasae 6 Tj. Sari ', '3.561753,98.639911', '', '-', 0, 1, '2020-11-21 17:43:05'),
(524, 5, 2, 1, 118, 'Jl. Kenangq sari No. 21 Pasae 6 Tj. Sari ', '3.561753,98.639911', '', '-', 0, 1, '2020-11-21 17:46:36'),
(525, 5, 3, 1, 118, 'Jl. Kenangq sari No. 21 Pasae 6 Tj. Sari ', '3.561753,98.639911', '', '-', 0, 1, '2020-11-21 17:47:14'),
(526, 5, 4, 1, 118, 'Jl. Kenangq sari No. 21 Pasae 6 Tj. Sari ', '3.561753,98.639911', '', '-', 0, 1, '2020-11-21 17:47:57'),
(527, 5, 5, 1, 118, 'Jl. Kenangq sari No. 21 Pasae 6 Tj. Sari ', '3.561753,98.639911', '', '-', 0, 1, '2020-11-21 17:48:48'),
(528, 5, 1, 1, 120, 'Jl.Kereta Api Baru No.10B ; Kesawan ; Medan Barat', '3.589103,98.680338', '', 'Pengiriman lewat pintu belakang, masuk dari gang di samping rumah Jl.Perniagaan Baru no. 20C', 0, 1, '2020-11-21 18:16:06'),
(529, 5, 1, 2, 120, 'Jl.Kereta Api Baru No.10B ; Kesawan ; Medan Barat', '3.589103,98.680338', '', 'Pengiriman lewat pintu belakang, masuk dari gang di samping rumah Jl.Perniagaan Baru no. 20C', 0, 1, '2020-11-21 18:16:33'),
(530, 5, 2, 1, 120, 'Jl.Kereta Api Baru No.10B ; Kesawan ; Medan Barat', '3.589103,98.680338', '', 'Pengiriman lewat pintu belakang, masuk dari gang di samping rumah Jl.Perniagaan Baru no. 20C', 0, 1, '2020-11-21 18:16:52'),
(531, 5, 2, 2, 120, 'Jl.Kereta Api Baru No.10B ; Kesawan ; Medan Barat', '3.589103,98.680338', '', 'Pengiriman lewat pintu belakang, masuk dari gang di samping rumah Jl.Perniagaan Baru no. 20C', 0, 1, '2020-11-21 18:17:18'),
(532, 5, 3, 1, 120, 'Jl.Kereta Api Baru No.10B ; Kesawan ; Medan Barat', '3.589103,98.680338', '', 'Pengiriman lewat pintu belakang, masuk dari gang di samping rumah Jl.Perniagaan Baru no. 20C', 0, 1, '2020-11-21 18:18:00'),
(533, 5, 3, 2, 120, 'Jl.Kereta Api Baru No.10B ; Kesawan ; Medan Barat', '3.589103,98.680338', '', 'Pengiriman lewat pintu belakang, masuk dari gang di samping rumah Jl.Perniagaan Baru no. 20C', 0, 1, '2020-11-21 18:18:33'),
(534, 5, 4, 1, 120, 'Jl.Kereta Api Baru No.10B ; Kesawan ; Medan Barat', '3.589103,98.680338', '', 'Pengiriman lewat pintu belakang, masuk dari gang di samping rumah Jl.Perniagaan Baru no. 20C', 0, 1, '2020-11-21 18:18:55'),
(535, 5, 4, 2, 120, 'Jl.Kereta Api Baru No.10B ; Kesawan ; Medan Barat', '3.589103,98.680338', '', 'Pengiriman lewat pintu belakang, masuk dari gang di samping rumah Jl.Perniagaan Baru no. 20C', 0, 1, '2020-11-21 18:19:38'),
(536, 5, 5, 2, 120, 'Jl.Kereta Api Baru No.10B ; Kesawan ; Medan Barat', '3.589103,98.680338', '', 'Pengiriman lewat pintu belakang, masuk dari gang di samping rumah Jl.Perniagaan Baru no. 20C', 0, 1, '2020-11-21 18:20:00'),
(537, 5, 5, 1, 120, 'Jl.Kereta Api Baru No.10B ; Kesawan ; Medan Barat', '3.589103,98.680338', '', 'Pengiriman lewat pintu belakang, masuk dari gang di samping rumah Jl.Perniagaan Baru no. 20C', 0, 1, '2020-11-21 18:20:27'),
(538, 5, 1, 2, 121, 'JL. Mojopahit ujung No. 69 A (Depan Yona Cafe). Pagar htam yg ada ring basket . Medan 20153', '3.575552,98.665248', '', '(Depan Yona Cafe) Pagar htam yg ada ring basket ', 0, 1, '2020-11-21 18:31:31'),
(539, 5, 2, 2, 121, 'JL. Mojopahit ujung No. 69 A (Depan Yona Cafe). Pagar htam yg ada ring basket . Medan 20153', '3.575552,98.665248', '', '(Depan Yona Cafe) Pagar htam yg ada ring basket ', 0, 1, '2020-11-21 18:31:59'),
(540, 5, 3, 2, 121, 'JL. Mojopahit ujung No. 69 A (Depan Yona Cafe). Pagar htam yg ada ring basket . Medan 20153', '3.575552,98.665248', '', '(Depan Yona Cafe) Pagar htam yg ada ring basket ', 0, 1, '2020-11-21 18:32:24'),
(541, 5, 4, 2, 121, 'JL. Mojopahit ujung No. 69 A (Depan Yona Cafe). Pagar htam yg ada ring basket . Medan 20153', '3.575552,98.665248', '', '(Depan Yona Cafe) Pagar htam yg ada ring basket ', 0, 1, '2020-11-21 18:33:12'),
(542, 5, 5, 2, 121, 'JL. Mojopahit ujung No. 69 A (Depan Yona Cafe). Pagar htam yg ada ring basket . Medan 20153', '3.575552,98.665248', '', '(Depan Yona Cafe) Pagar htam yg ada ring basket ', 0, 1, '2020-11-21 18:33:28'),
(543, 5, 1, 1, 123, 'jl Bunga ester No.46d psr VI .bulan (rumahnya pas didepan greja katolik St.Fransiskus)', '3.545025,98.651143', 'ada MAAGH sebelum jam 6', '', 0, 1, '2020-11-21 18:45:05'),
(544, 5, 1, 2, 123, 'jl Bunga ester No.46d psr VI .bulan (rumahnya pas didepan greja katolik St.Fransiskus)', '3.545025,98.651143', 'ada MAAGH sebelum jam 6', '', 0, 1, '2020-11-21 18:45:20'),
(545, 5, 2, 1, 123, 'jl Bunga ester No.46d psr VI .bulan (rumahnya pas didepan greja katolik St.Fransiskus)', '3.545025,98.651143', 'ada MAAGH sebelum jam 6', '', 0, 1, '2020-11-21 18:46:20'),
(546, 5, 2, 2, 123, 'jl Bunga ester No.46d psr VI .bulan (rumahnya pas didepan greja katolik St.Fransiskus)', '3.545025,98.651143', 'ada MAAGH sebelum jam 6', '', 0, 1, '2020-11-21 18:46:40'),
(547, 5, 5, 2, 123, 'jl Bunga ester No.46d psr VI .bulan (rumahnya pas didepan greja katolik St.Fransiskus)', '3.545025,98.651143', 'ada MAAGH sebelum jam 6', '', 0, 1, '2020-11-21 18:47:00'),
(548, 5, 5, 1, 123, 'jl Bunga ester No.46d psr VI .bulan (rumahnya pas didepan greja katolik St.Fransiskus)', '3.545025,98.651143', 'ada MAAGH sebelum jam 6', '', 0, 1, '2020-11-21 18:47:51'),
(549, 5, 4, 2, 123, 'jl Bunga ester No.46d psr VI .bulan (rumahnya pas didepan greja katolik St.Fransiskus)', '3.545025,98.651143', 'ada MAAGH sebelum jam 6', '', 0, 1, '2020-11-21 18:48:36'),
(550, 5, 4, 1, 123, 'jl Bunga ester No.46d psr VI .bulan (rumahnya pas didepan greja katolik St.Fransiskus)', '3.545025,98.651143', 'ada MAAGH sebelum jam 6', '', 0, 1, '2020-11-21 18:49:00'),
(551, 5, 3, 2, 123, 'jl Bunga ester No.46d psr VI .bulan (rumahnya pas didepan greja katolik St.Fransiskus)', '3.545025,98.651143', 'ada MAAGH sebelum jam 6', '', 0, 1, '2020-11-21 18:49:34'),
(552, 5, 3, 1, 123, 'jl Bunga ester No.46d psr VI .bulan (rumahnya pas didepan greja katolik St.Fransiskus)', '3.545025,98.651143', 'ada MAAGH sebelum jam 6', '', 0, 1, '2020-11-21 18:50:02'),
(556, 7, 1, 1, 124, 'jl. Eka surya gg. Sidodadi', '3.509716, 98.668250', 'TESTING', '-', 0, 1, '2020-11-22 11:57:42'),
(557, 7, 1, 1, 125, 'Jln Raden Saleh Dalam', '3.589318,98.677325', 'TESTING', '-', 0, 1, '2020-11-22 11:57:47'),
(558, 7, 1, 1, 126, '(LUNCH) BCA ASIA SIMPANG LAMPUNG (samping bank UOB) jl. Asia no 184D titip satpam', '3.584527,98.691058', 'TESTING', '-LUNCH titip satpam. Harus sampe sebelum 11.45 !!', 0, 1, '2020-11-22 11:57:53'),
(559, 5, 1, 2, 116, 'Jl Karya jaya gg eka pribadi', '3.518387,98.676233', '', '', 0, 1, '2020-11-22 15:47:24'),
(560, 5, 2, 2, 116, 'Jl Karya jaya gg eka pribadi', '3.518387,98.676233', '', '', 0, 1, '2020-11-22 16:01:47'),
(561, 5, 3, 2, 116, 'Jl Karya jaya gg eka pribadi', '3.518387,98.676233', '', '', 0, 1, '2020-11-22 16:02:14'),
(562, 5, 4, 2, 116, 'Jl Karya jaya gg eka pribadi', '3.518387,98.676233', '', '', 0, 1, '2020-11-22 16:03:15'),
(563, 5, 5, 2, 116, 'Jl Karya jaya gg eka pribadi', '3.518387,98.676233', '', '', 0, 1, '2020-11-22 16:03:56'),
(564, 5, 3, 1, 127, 'Komplek tasbi 2 blok 1 No.43', '3.567955,98.625770', '', '', 0, 1, '2020-11-23 16:37:34'),
(565, 5, 4, 1, 127, 'Komplek tasbi 2 blok 1 No.43', '3.567955,98.625770', '', '', 0, 1, '2020-11-23 16:38:18'),
(566, 5, 5, 1, 127, 'Komplek tasbi 2 blok 1 No.43', '3.567955,98.625770', '', '', 0, 1, '2020-11-23 16:39:10'),
(567, 5, 4, 1, 128, 'Perumahan Medan Resort City (Mercy) Rotterdam blok K06 kec.Deli Tua', '3.512107,98.675058', 'LUNCH 1 DINNER 2', '', 0, 1, '2020-11-25 00:26:55'),
(568, 5, 4, 2, 128, 'Perumahan Medan Resort City (Mercy) Rotterdam blok K06 kec.Deli Tua', '3.512107,98.675058', 'LUNCH 1 DINNER 2', '', 0, 1, '2020-11-25 00:27:24'),
(569, 5, 5, 1, 128, 'Perumahan Medan Resort City (Mercy) Rotterdam blok K06 kec.Deli Tua', '3.512107,98.675058', 'LUNCH 1 DINNER 2', '', 0, 1, '2020-11-25 00:28:42'),
(570, 5, 5, 2, 128, 'Perumahan Medan Resort City (Mercy) Rotterdam blok K06 kec.Deli Tua', '3.512107,98.675058', 'LUNCH 1 DINNER 2', '', 0, 1, '2020-11-25 00:29:07'),
(571, 5, 4, 1, 100, 'Jl sampali baru komplek sampali baru No.9J', '3.593723,98.698358', 'VEGETARIAN selang seling dari tanggan 19nov,24nov,26nov,1des,sampai 3des', '', 0, 1, '2020-11-25 07:46:30'),
(572, 6, 1, 1, 58, 'Jl raden saleh dalam No.10', '3.589318,98.677325', '', '-', 0, 1, '2020-11-29 10:47:57'),
(573, 6, 1, 1, 72, 'Jl.Bunga Ester No.64d Psr VI P.Bulan (rumahnya pas di depan gereja katolik St.Fransiskus)', '3.544960, 98.651088', 'Ada MAAGH sebelum jam 6 Dinner', '-sebelum jam 6 Dinner', 0, 1, '2020-11-29 10:48:32'),
(574, 6, 1, 1, 81, 'jl. Putri hijau no. 4 ( Kanwil kementerian hukum dan ham)', '3.594459,98.676219', '-', '-', 0, 1, '2020-11-29 10:48:50'),
(575, 6, 1, 1, 108, 'Jl persamaan Gg rahmat No.77 simpang limun', '3.551046,98.696498', '', '', 0, 1, '2020-11-29 10:49:54'),
(576, 6, 1, 1, 129, 'Perumahan Medan Resort City (Mercy) Rotterdam blok K06 kec.Deli Tua', '3.512107,98.675058', 'LUNCH 1 DINNER 2', '', 0, 1, '2020-11-29 10:50:26'),
(578, 6, 1, 1, 131, 'Tirta investama jl kapten soemarsono No 74', '3.615893,98.641688', '', '', 0, 1, '2020-11-29 10:51:38'),
(579, 6, 1, 1, 134, 'Jl. Menteng VII gg. Kesatria no. 20 Medan', '3.566334,98.725043', '', '', 0, 1, '2020-11-29 11:00:03'),
(580, 6, 1, 1, 135, 'ACC ADAM MALIK, Jalan adam malik no.28 (sebelah prudential dan yamaha)', '3.597241,98.66928', '', '', 0, 1, '2020-11-29 11:00:19'),
(581, 6, 1, 1, 136, 'Jl beringin 4 No.173 gaperta masuk dari samping doorsmear arwana', '3.606051,98.627375', 'Tidak bisa IKAN LAUT kecuali:udang dan dorry.Semua ikan tawar bisa', '', 0, 1, '2020-11-29 11:00:39'),
(582, 6, 1, 1, 137, 'Garuda indonesia jl mongonsidi No.34A depan hermes', '3.571363,98.666801', '', '', 0, 1, '2020-11-29 11:00:58'),
(583, 6, 1, 2, 122, 'JL. Mojopahit ujung No. 69 A (Depan Yona Cafe). Pagar htam yg ada ring basket. Medan 20153', '3.575552,98.665248', '', '(Depan Yona Cafe) Pagar htam yg ada ring basket ', 0, 1, '2020-11-29 11:06:59'),
(584, 6, 1, 2, 129, 'Perumahan Medan Resort City (Mercy) Rotterdam blok K06 kec.Deli Tua', '3.512107,98.675058', 'LUNCH 1 DINNER 2', '', 0, 1, '2020-11-29 11:07:19'),
(585, 6, 1, 2, 58, '', '3.589318,98.677325', '', '-', 0, 1, '2020-11-29 11:07:54'),
(586, 6, 1, 2, 68, 'Oyo medan city homestay / turki family spa jln dr mansyur no 81.', '3.567458,98.647036', 'Skip tanggal 13,17,26 november.', '-Harus SAMPE TANGAN sebelum 17.30.', 0, 1, '2020-11-29 11:08:30'),
(587, 6, 1, 2, 136, 'Jl beringin 4 No.173 gaperta masuk dari samping doorsmear arwana', '3.606051,98.627375', 'Tidak bisa IKAN LAUT kecuali:udang dan dorry.Semua ikan tawar bisa', '', 0, 1, '2020-11-29 11:08:46'),
(588, 6, 1, 2, 72, 'Jl.Bunga Ester No.64d Psr VI P.Bulan (rumahnya pas di depan gereja katolik St.Fransiskus)', '3.544960, 98.651088', 'Ada MAAGH sebelum jam 6 Dinner', '-sebelum jam 6 Dinner', 0, 1, '2020-11-29 11:10:17'),
(589, 6, 1, 2, 130, 'Jl s parman no 217, cambridge apartemen tower picasso lantai 21. ( dari zainul arifin, pas sebelum tanjakan turun starbucks cambridge ada gerbang besi, drop off ke security sana saja )', '3.584218,98.667676', '', '( dari zainul arifin, pas sebelum tanjakan turun starbucks cambridge ada gerbang besi, drop off ke security sana saja )', 0, 1, '2020-11-29 11:10:36'),
(590, 6, 1, 2, 139, 'Jl raden saleh dalam No.10', '3.589318,98.677325', '', '-', 0, 1, '2020-11-29 15:28:25'),
(591, 6, 1, 2, 143, '(Dinner) Jl. Puri Gg. K Alimun no 28/59B (masuk gang, mentok belok kiri)', '3.578560,98.688845', '', '-', 0, 1, '2020-11-29 15:28:39'),
(592, 6, 1, 1, 141, '(LUNCH) BCA ASIA SIMPANG LAMPUNG (samping bank UOB) jl. Asia no 184D titip satpam', '3.584527,98.691058', '', '-LUNCH titip satpam. Harus sampe sebelum 11.45 !!', 0, 1, '2020-11-29 15:28:52'),
(593, 6, 1, 1, 139, 'Jl raden saleh dalam No.10', '3.589318,98.677325', '', '-', 0, 1, '2020-11-29 15:31:50'),
(594, 6, 1, 1, 133, 'Jl Bintang No.1B/17(sederet RM samudra)', '3.594740,98.686869', 'Reques aglio olio', '', 0, 1, '2020-11-29 15:34:35'),
(596, 6, 1, 1, 138, 'Jl bendungan 3 No.9', '3.530354,98.739894', '', '', 0, 1, '2020-11-29 15:41:25'),
(597, 6, 1, 2, 133, 'Jl Bintang No.1B/17(sederet RM samudra)', '3.594740,98.686869', 'Reques aglio olio', '', 0, 1, '2020-11-29 15:46:07'),
(598, 6, 1, 1, 144, 'BCA Diponegoro', '3.584618,98.672817', '-', '-', 0, 1, '2020-11-29 15:48:11'),
(599, 6, 1, 1, 145, 'BCA B&G tower (JW Mariot)', '3.596149,98.675886', '', '', 0, 1, '2020-11-29 16:02:08'),
(600, 6, 1, 1, 147, 'jl pasar 1 gg polonia no.88 (rumah putih ujung)', '3.558715,98.629152', '-', '-', 0, 1, '2020-11-29 17:31:33'),
(601, 6, 1, 1, 146, 'Aquilla Residence 9i-j, Jl. Garuda No.28, Sei Sikambing B', '3.588473,98.639954', '', '', 0, 1, '2020-11-29 17:31:46'),
(602, 6, 2, 1, 147, 'jl pasar 1 gg polonia no.88 (rumah putih ujung)', '3.558715,98.629152', '-', '-', 0, 1, '2020-11-30 06:15:15'),
(603, 6, 3, 1, 147, 'jl pasar 1 gg polonia no.88 (rumah putih ujung)', '3.558715,98.629152', '-', '-', 0, 1, '2020-11-30 06:16:41'),
(604, 6, 4, 1, 147, 'jl pasar 1 gg polonia no.88 (rumah putih ujung)', '3.558715,98.629152', '-', '-', 0, 1, '2020-11-30 06:17:05'),
(605, 6, 5, 1, 147, 'jl pasar 1 gg polonia no.88 (rumah putih ujung)', '3.558715,98.629152', '-', '-', 0, 1, '2020-11-30 06:17:54'),
(606, 6, 2, 1, 146, 'Aquilla Residence 9i-j, Jl. Garuda No.28, Sei Sikambing B', '3.588473,98.639954', '', '', 0, 1, '2020-11-30 06:18:42'),
(607, 6, 3, 1, 146, 'Aquilla Residence 9i-j, Jl. Garuda No.28, Sei Sikambing B', '3.588473,98.639954', '', '', 0, 1, '2020-11-30 06:19:05'),
(608, 6, 4, 1, 146, 'Aquilla Residence 9i-j, Jl. Garuda No.28, Sei Sikambing B', '3.588473,98.639954', '', '', 0, 1, '2020-11-30 06:19:32'),
(609, 6, 5, 1, 146, 'Aquilla Residence 9i-j, Jl. Garuda No.28, Sei Sikambing B', '3.588473,98.639954', '', '', 0, 1, '2020-11-30 06:19:57'),
(610, 6, 2, 1, 145, 'BCA B&G tower (JW Mariot)', '3.596149,98.675886', '', '', 0, 1, '2020-11-30 06:20:41'),
(611, 6, 3, 1, 145, 'BCA B&G tower (JW Mariot)', '3.596149,98.675886', '', '', 0, 1, '2020-11-30 06:20:56'),
(612, 6, 4, 1, 145, 'BCA B&G tower (JW Mariot)', '3.596149,98.675886', '', '', 0, 1, '2020-11-30 06:21:23'),
(613, 6, 5, 1, 145, 'BCA B&G tower (JW Mariot)', '3.596149,98.675886', '', '', 0, 1, '2020-11-30 06:21:44'),
(614, 6, 2, 1, 144, 'BCA Diponegoro', '3.584618,98.672817', '-', '-', 0, 1, '2020-11-30 06:22:07'),
(615, 6, 3, 1, 144, 'BCA Diponegoro', '3.584618,98.672817', '-', '-', 0, 1, '2020-11-30 06:22:32'),
(616, 6, 4, 1, 144, 'BCA Diponegoro', '3.584618,98.672817', '-', '-', 0, 1, '2020-11-30 06:22:55'),
(617, 6, 5, 1, 144, 'BCA Diponegoro', '3.584618,98.672817', '-', '-', 0, 1, '2020-11-30 06:23:17'),
(618, 6, 2, 2, 143, '(Dinner) Jl. Puri Gg. K Alimun no 28/59B (masuk gang, mentok belok kiri)', '3.578560,98.688845', '', '-', 0, 1, '2020-11-30 06:26:34'),
(619, 6, 3, 2, 143, '(Dinner) Jl. Puri Gg. K Alimun no 28/59B (masuk gang, mentok belok kiri)', '3.578560,98.688845', '', '-', 0, 1, '2020-11-30 06:34:26'),
(620, 6, 4, 2, 143, '(Dinner) Jl. Puri Gg. K Alimun no 28/59B (masuk gang, mentok belok kiri)', '3.578560,98.688845', '', '-', 0, 1, '2020-11-30 06:35:13'),
(621, 6, 5, 2, 143, '(Dinner) Jl. Puri Gg. K Alimun no 28/59B (masuk gang, mentok belok kiri)', '3.578560,98.688845', '', '-', 0, 1, '2020-11-30 06:35:30'),
(622, 6, 2, 1, 141, '(LUNCH) BCA ASIA SIMPANG LAMPUNG (samping bank UOB) jl. Asia no 184D titip satpam', '3.584527,98.691058', '', '-LUNCH titip satpam. Harus sampe sebelum 11.45 !!', 0, 1, '2020-11-30 06:36:29'),
(623, 6, 3, 1, 141, '(LUNCH) BCA ASIA SIMPANG LAMPUNG (samping bank UOB) jl. Asia no 184D titip satpam', '3.584527,98.691058', '', '-LUNCH titip satpam. Harus sampe sebelum 11.45 !!', 0, 1, '2020-11-30 06:37:19'),
(624, 6, 4, 1, 141, '(LUNCH) BCA ASIA SIMPANG LAMPUNG (samping bank UOB) jl. Asia no 184D titip satpam', '3.584527,98.691058', '', '-LUNCH titip satpam. Harus sampe sebelum 11.45 !!', 0, 1, '2020-11-30 06:37:46'),
(625, 6, 5, 1, 141, '(LUNCH) BCA ASIA SIMPANG LAMPUNG (samping bank UOB) jl. Asia no 184D titip satpam', '3.584527,98.691058', '', '-LUNCH titip satpam. Harus sampe sebelum 11.45 !!', 0, 1, '2020-11-30 06:38:22'),
(626, 6, 2, 1, 139, 'Jl raden saleh dalam No.10', '3.589318,98.677325', '', '-', 0, 1, '2020-11-30 06:39:44'),
(627, 6, 3, 1, 139, 'Jl raden saleh dalam No.10', '3.589318,98.677325', '', '-', 0, 1, '2020-11-30 06:40:09'),
(628, 6, 4, 1, 139, 'Jl raden saleh dalam No.10', '3.589318,98.677325', '', '-', 0, 1, '2020-11-30 06:40:32'),
(629, 6, 5, 1, 139, 'Jl raden saleh dalam No.10', '3.589318,98.677325', '', '-', 0, 1, '2020-11-30 06:40:54'),
(634, 6, 2, 1, 137, 'Garuda indonesia jl mongonsidi No.34A depan hermes', '3.571363,98.666801', '', '', 0, 1, '2020-11-30 06:44:02'),
(635, 6, 3, 1, 137, 'Garuda indonesia jl mongonsidi No.34A depan hermes', '3.571363,98.666801', '', '', 0, 1, '2020-11-30 06:44:19'),
(636, 6, 4, 1, 137, 'Garuda indonesia jl mongonsidi No.34A depan hermes', '3.571363,98.666801', '', '', 0, 1, '2020-11-30 06:45:02'),
(637, 6, 5, 1, 137, 'Garuda indonesia jl mongonsidi No.34A depan hermes', '3.571363,98.666801', '', '', 0, 1, '2020-11-30 06:45:46'),
(638, 6, 5, 1, 136, 'Jl beringin 4 No.173 gaperta masuk dari samping doorsmear arwana', '3.606051,98.627375', '', '', 0, 1, '2020-11-30 06:46:17'),
(639, 6, 4, 1, 136, 'Jl beringin 4 No.173 gaperta masuk dari samping doorsmear arwana', '3.606051,98.627375', '', '', 0, 1, '2020-11-30 06:46:44'),
(640, 6, 3, 1, 136, 'Jl beringin 4 No.173 gaperta masuk dari samping doorsmear arwana', '3.606051,98.627375', '', '', 0, 1, '2020-11-30 06:52:28'),
(641, 6, 2, 1, 136, 'Jl beringin 4 No.173 gaperta masuk dari samping doorsmear arwana', '3.606051,98.627375', '', '', 0, 1, '2020-11-30 06:52:56'),
(642, 6, 2, 1, 135, 'ACC ADAM MALIK, Jalan adam malik no.28 (sebelah prudential dan yamaha)', '3.597241,98.66928', '', '', 0, 1, '2020-11-30 06:53:40'),
(643, 6, 2, 2, 136, 'Jl beringin 4 No.173 gaperta masuk dari samping doorsmear arwana', '3.606051,98.627375', '', '', 0, 1, '2020-11-30 06:54:00'),
(644, 6, 3, 2, 136, 'Jl beringin 4 No.173 gaperta masuk dari samping doorsmear arwana', '3.606051,98.627375', '', '', 0, 1, '2020-11-30 06:54:23'),
(645, 6, 4, 2, 136, 'Jl beringin 4 No.173 gaperta masuk dari samping doorsmear arwana', '3.606051,98.627375', '', '', 0, 1, '2020-11-30 06:54:42'),
(646, 6, 5, 2, 136, 'Jl beringin 4 No.173 gaperta masuk dari samping doorsmear arwana', '3.606051,98.627375', '', '', 0, 1, '2020-11-30 06:55:03'),
(647, 6, 3, 1, 135, 'ACC ADAM MALIK, Jalan adam malik no.28 (sebelah prudential dan yamaha)', '3.597241,98.66928', '', '', 0, 1, '2020-11-30 06:56:14'),
(648, 6, 4, 1, 135, 'ACC ADAM MALIK, Jalan adam malik no.28 (sebelah prudential dan yamaha)', '3.597241,98.66928', '', '', 0, 1, '2020-11-30 06:58:27'),
(649, 6, 5, 1, 135, 'ACC ADAM MALIK, Jalan adam malik no.28 (sebelah prudential dan yamaha)', '3.597241,98.66928', '', '', 0, 1, '2020-11-30 06:58:58'),
(650, 6, 5, 1, 134, 'Jl. Menteng VII gg. Kesatria no. 20 Medan', '3.566334,98.725043', '', '', 0, 1, '2020-11-30 07:00:01'),
(651, 6, 4, 1, 134, 'Jl. Menteng VII gg. Kesatria no. 20 Medan', '3.566334,98.725043', '', '', 0, 1, '2020-11-30 07:00:30'),
(652, 6, 3, 1, 134, 'Jl. Menteng VII gg. Kesatria no. 20 Medan', '3.566334,98.725043', '', '', 0, 1, '2020-11-30 07:01:00'),
(653, 6, 2, 1, 134, 'Jl. Menteng VII gg. Kesatria no. 20 Medan', '3.566334,98.725043', '', '', 0, 1, '2020-11-30 07:01:17'),
(654, 6, 5, 1, 133, 'Jl Bintang No.1B/17(sederet RM samudra)', '3.594740,98.686869', 'Reques aglio olio', '', 0, 1, '2020-11-30 07:01:59'),
(655, 6, 4, 1, 133, 'Jl Bintang No.1B/17(sederet RM samudra)', '3.594740,98.686869', 'Reques aglio olio', '', 0, 1, '2020-11-30 07:03:27'),
(656, 6, 3, 2, 133, 'Jl Bintang No.1B/17(sederet RM samudra)', '3.594740,98.686869', 'Reques aglio olio', '', 0, 1, '2020-11-30 07:19:13'),
(657, 6, 2, 1, 138, 'Polda sumut pintu 3', '3.530834,98.737646', '', '', 1, 1, '2020-11-30 07:30:03'),
(658, 6, 3, 1, 138, 'Polda sumut pintu 3', '3.530834,98.737646', '', '', 1, 1, '2020-11-30 07:31:03'),
(659, 6, 4, 1, 138, 'Polda sumut pintu 3', '3.530834,98.737646', '', '', 1, 1, '2020-11-30 07:31:51'),
(660, 6, 5, 1, 138, 'Polda sumut pintu 3', '3.530834,98.737646', '', '', 1, 1, '2020-11-30 07:32:19'),
(661, 6, 2, 1, 133, 'Jl Bintang No.1B/17(sederet RM samudra)', '3.594740,98.686869', 'Reques aglio olio', '', 0, 1, '2020-11-30 07:33:30'),
(663, 6, 3, 1, 133, 'Jl Bintang No.1B/17(sederet RM samudra)', '3.594740,98.686869', 'Reques aglio olio', '', 0, 1, '2020-11-30 07:35:19'),
(664, 6, 4, 2, 133, 'Jl Bintang No.1B/17(sederet RM samudra)', '3.594740,98.686869', 'Reques aglio olio', '', 0, 1, '2020-11-30 07:36:10'),
(665, 6, 5, 2, 133, 'Jl Bintang No.1B/17(sederet RM samudra)', '3.594740,98.686869', 'Reques aglio olio', '', 0, 1, '2020-11-30 07:36:32'),
(666, 6, 2, 1, 131, 'Tirta investama jl kapten soemarsono No 74', '3.615893,98.641688', '', '', 0, 1, '2020-11-30 08:02:20'),
(667, 6, 3, 1, 131, 'Tirta investama jl kapten soemarsono No 74', '3.615893,98.641688', '', '', 0, 1, '2020-11-30 08:02:40'),
(668, 6, 4, 1, 131, 'Tirta investama jl kapten soemarsono No 74', '3.615893,98.641688', '', '', 0, 1, '2020-11-30 08:03:03'),
(669, 6, 5, 1, 131, 'Tirta investama jl kapten soemarsono No 74', '3.615893,98.641688', '', '', 0, 1, '2020-11-30 08:03:29'),
(670, 6, 2, 2, 130, 'Jl s parman no 217, cambridge apartemen tower picasso lantai 21 (dari zainul arifin, pas sebelum tanjakan turun starbucks cambridge ada gerbang besi, drop off ke security sana saja).', '3.584218,98.667676', '', '( dari zainul arifin, pas sebelum tanjakan turun starbucks cambridge ada gerbang besi, drop off ke security sana saja )', 0, 1, '2020-11-30 08:04:45'),
(671, 6, 3, 2, 130, 'Jl s parman no 217, cambridge apartemen tower picasso lantai 21 (dari zainul arifin, pas sebelum tanjakan turun starbucks cambridge ada gerbang besi, drop off ke security sana saja).', '3.584218,98.667676', '', '( dari zainul arifin, pas sebelum tanjakan turun starbucks cambridge ada gerbang besi, drop off ke security sana saja )', 0, 1, '2020-11-30 08:05:42'),
(672, 6, 4, 2, 130, 'Jl s parman no 217, cambridge apartemen tower picasso lantai 21 (dari zainul arifin, pas sebelum tanjakan turun starbucks cambridge ada gerbang besi, drop off ke security sana saja).', '3.584218,98.667676', '', '( dari zainul arifin, pas sebelum tanjakan turun starbucks cambridge ada gerbang besi, drop off ke security sana saja )', 0, 1, '2020-11-30 08:06:02'),
(673, 6, 5, 2, 130, 'Jl s parman no 217, cambridge apartemen tower picasso lantai 21 (dari zainul arifin, pas sebelum tanjakan turun starbucks cambridge ada gerbang besi, drop off ke security sana saja).', '3.584218,98.667676', '', '( dari zainul arifin, pas sebelum tanjakan turun starbucks cambridge ada gerbang besi, drop off ke security sana saja )', 0, 1, '2020-11-30 08:06:20'),
(674, 6, 2, 2, 129, 'Perumahan Medan Resort City (Mercy) Rotterdam blok K06 kec.Deli Tua', '3.512107,98.675058', 'LUNCH 1 DINNER 2', '', 0, 1, '2020-11-30 08:07:23'),
(675, 6, 2, 1, 129, 'Perumahan Medan Resort City (Mercy) Rotterdam blok K06 kec.Deli Tua', '3.512107,98.675058', 'LUNCH 1 DINNER 2', '', 0, 1, '2020-11-30 08:07:45'),
(676, 6, 3, 1, 129, 'Perumahan Medan Resort City (Mercy) Rotterdam blok K06 kec.Deli Tua', '3.512107,98.675058', 'LUNCH 1 DINNER 2', '', 0, 1, '2020-11-30 08:08:06'),
(677, 6, 3, 2, 129, 'Perumahan Medan Resort City (Mercy) Rotterdam blok K06 kec.Deli Tua', '3.512107,98.675058', 'LUNCH 1 DINNER 2', '', 0, 1, '2020-11-30 08:08:31'),
(679, 6, 2, 2, 122, 'JL. Mojopahit ujung No. 69 A (Depan Yona Cafe). Pagar htam yg ada ring basket. Medan 20153', '3.575552,98.665248', 'PAKAI MENU LUNCH', '(Depan Yona Cafe) Pagar htam yg ada ring basket ', 0, 1, '2020-11-30 08:09:44'),
(680, 6, 3, 2, 122, 'JL. Mojopahit ujung No. 69 A (Depan Yona Cafe). Pagar htam yg ada ring basket. Medan 20153', '3.575552,98.665248', 'PAKAI MENU LUNCH', '(Depan Yona Cafe) Pagar htam yg ada ring basket ', 0, 1, '2020-11-30 08:10:03'),
(681, 6, 4, 2, 122, 'JL. Mojopahit ujung No. 69 A (Depan Yona Cafe). Pagar htam yg ada ring basket. Medan 20153', '3.575552,98.665248', 'PAKAI MENU LUNCH', '(Depan Yona Cafe) Pagar htam yg ada ring basket ', 0, 1, '2020-11-30 08:10:26'),
(682, 6, 5, 2, 122, 'JL. Mojopahit ujung No. 69 A (Depan Yona Cafe). Pagar htam yg ada ring basket. Medan 20153', '3.575552,98.665248', 'PAKAI MENU LUNCH', '(Depan Yona Cafe) Pagar htam yg ada ring basket ', 0, 1, '2020-11-30 08:10:58'),
(683, 6, 2, 1, 108, 'Jl persamaan Gg rahmat No.77 simpang limun', '3.551046,98.696498', '', '', 0, 1, '2020-11-30 08:11:35'),
(684, 6, 3, 1, 108, 'Jl persamaan Gg rahmat No.77 simpang limun', '3.551046,98.696498', '', '', 0, 1, '2020-11-30 08:11:58'),
(685, 6, 4, 1, 108, 'Jl persamaan Gg rahmat No.77 simpang limun', '3.551046,98.696498', '', '', 0, 1, '2020-11-30 08:13:05'),
(686, 6, 5, 1, 108, 'Jl persamaan Gg rahmat No.77 simpang limun', '3.551046,98.696498', '', '', 0, 1, '2020-11-30 08:14:01'),
(687, 6, 2, 1, 101, 'Jl sampali baru komplek sampali baru No.9J', '3.593723,98.698358', 'selang seling dari tanggan 19nov,24nov,26nov,1des,sampai 3des', '', 0, 1, '2020-11-30 08:15:06'),
(688, 6, 2, 1, 81, 'jl. Putri hijau no. 4 ( Kanwil kementerian hukum dan ham)', '3.594459,98.676219', '-', '-', 0, 1, '2020-11-30 08:15:49'),
(689, 6, 3, 1, 81, 'jl. Putri hijau no. 4 ( Kanwil kementerian hukum dan ham)', '3.594459,98.676219', '-', '-', 0, 1, '2020-11-30 08:16:09'),
(690, 6, 4, 1, 81, 'jl. Putri hijau no. 4 ( Kanwil kementerian hukum dan ham)', '3.594459,98.676219', '-', '-', 0, 1, '2020-11-30 08:16:39'),
(691, 6, 5, 1, 81, 'jl. Putri hijau no. 4 ( Kanwil kementerian hukum dan ham)', '3.594459,98.676219', '-', '-', 0, 1, '2020-11-30 08:17:18'),
(692, 6, 2, 1, 72, 'Jl.Bunga Ester No.64d Psr VI P.Bulan (rumahnya pas di depan gereja katolik St.Fransiskus)', '3.544960, 98.651088', 'Ada MAAGH sebelum jam 6 Dinner', '-sebelum jam 6 Dinner', 0, 1, '2020-11-30 08:17:50'),
(693, 6, 2, 2, 72, 'Jl.Bunga Ester No.64d Psr VI P.Bulan (rumahnya pas di depan gereja katolik St.Fransiskus)', '3.544960, 98.651088', 'Ada MAAGH sebelum jam 6 Dinner', '-sebelum jam 6 Dinner', 0, 1, '2020-11-30 08:18:09'),
(694, 6, 3, 1, 72, 'Jl.Bunga Ester No.64d Psr VI P.Bulan (rumahnya pas di depan gereja katolik St.Fransiskus)', '3.544960, 98.651088', 'Ada MAAGH sebelum jam 6 Dinner', '-sebelum jam 6 Dinner', 0, 1, '2020-11-30 08:18:34'),
(695, 6, 3, 2, 72, 'Jl.Bunga Ester No.64d Psr VI P.Bulan (rumahnya pas di depan gereja katolik St.Fransiskus)', '3.544960, 98.651088', 'Ada MAAGH sebelum jam 6 Dinner', '-sebelum jam 6 Dinner', 0, 1, '2020-11-30 08:19:01'),
(696, 6, 4, 1, 72, 'Jl.Bunga Ester No.64d Psr VI P.Bulan (rumahnya pas di depan gereja katolik St.Fransiskus)', '3.544960, 98.651088', 'Ada MAAGH sebelum jam 6 Dinner', '-sebelum jam 6 Dinner', 0, 1, '2020-11-30 08:19:38'),
(697, 6, 4, 2, 72, 'Jl.Bunga Ester No.64d Psr VI P.Bulan (rumahnya pas di depan gereja katolik St.Fransiskus)', '3.544960, 98.651088', 'Ada MAAGH sebelum jam 6 Dinner', '-sebelum jam 6 Dinner', 0, 1, '2020-11-30 08:20:04'),
(698, 6, 5, 1, 72, 'Jl.Bunga Ester No.64d Psr VI P.Bulan (rumahnya pas di depan gereja katolik St.Fransiskus)', '3.544960, 98.651088', 'Ada MAAGH sebelum jam 6 Dinner', '-sebelum jam 6 Dinner', 0, 1, '2020-11-30 08:20:34'),
(699, 6, 5, 2, 72, 'Jl.Bunga Ester No.64d Psr VI P.Bulan (rumahnya pas di depan gereja katolik St.Fransiskus)', '3.544960, 98.651088', 'Ada MAAGH sebelum jam 6 Dinner', '-sebelum jam 6 Dinner', 0, 1, '2020-11-30 08:20:52'),
(700, 6, 2, 2, 68, 'Oyo medan city homestay / turki family spa jln dr mansyur no 81.', '3.567458,98.647036', 'Skip tanggal 13,17,26 november.', '-Harus SAMPE TANGAN sebelum 17.30.', 0, 1, '2020-11-30 08:21:35'),
(702, 6, 3, 2, 68, 'Oyo medan city homestay / turki family spa jln dr mansyur no 81.', '3.567458,98.647036', 'Skip tanggal 13,17,26 november.', '-Harus SAMPE TANGAN sebelum 17.30.', 0, 1, '2020-11-30 08:22:23'),
(703, 6, 4, 2, 68, 'Oyo medan city homestay / turki family spa jln dr mansyur no 81.', '3.567458,98.647036', 'Skip tanggal 13,17,26 november.', '-Harus SAMPE TANGAN sebelum 17.30.', 0, 1, '2020-11-30 08:22:56'),
(704, 6, 5, 2, 68, 'Oyo medan city homestay / turki family spa jln dr mansyur no 81.', '3.567458,98.647036', 'Skip tanggal 13,17,26 november.', '-Harus SAMPE TANGAN sebelum 17.30.', 0, 1, '2020-11-30 08:23:16'),
(705, 6, 1, 2, 148, 'Jl. Karya Jaya No. 146', '3.529349,98.676531', '', '-', 0, 1, '2020-11-30 09:23:11'),
(706, 6, 2, 1, 148, 'Jl. Karya Jaya No. 146', '3.529349,98.676531', '', '-', 0, 1, '2020-11-30 09:23:32'),
(707, 6, 2, 2, 148, 'Jl. Karya Jaya No. 146', '3.529349,98.676531', '', '-', 0, 1, '2020-11-30 09:24:07'),
(708, 6, 3, 1, 148, 'Jl. Karya Jaya No. 146', '3.529349,98.676531', '', '-', 0, 1, '2020-11-30 09:24:31'),
(709, 6, 3, 2, 148, 'Jl. Karya Jaya No. 146', '3.529349,98.676531', '', '-', 0, 1, '2020-11-30 09:25:42'),
(710, 6, 4, 1, 148, 'Jl. Karya Jaya No. 146', '3.529349,98.676531', '', '-', 0, 1, '2020-11-30 09:26:00'),
(711, 6, 4, 2, 148, 'Jl. Karya Jaya No. 146', '3.529349,98.676531', '', '-', 0, 1, '2020-11-30 09:26:33'),
(712, 6, 5, 1, 148, 'Jl. Karya Jaya No. 146', '3.529349,98.676531', '', '-', 0, 1, '2020-11-30 09:29:14'),
(713, 6, 5, 2, 148, 'Jl. Karya Jaya No. 146', '3.529349,98.676531', '', '-', 0, 1, '2020-11-30 09:29:41'),
(714, 6, 2, 2, 133, 'Jl Bintang No.1B/17(sederet RM samudra)', '3.594740,98.686869', 'Reques aglio olio', '', 0, 1, '2020-12-01 09:03:08'),
(715, 6, 3, 1, 149, 'Jl bunga asoka komplek asoka raya residance blok d57. Ringroad medan', '3.564046,98.622653', '', '', 0, 1, '2020-12-01 09:14:35'),
(716, 6, 4, 1, 149, 'Jl bunga asoka komplek asoka raya residance blok d57. Ringroad medan', '3.564046,98.622653', '', '', 0, 1, '2020-12-01 09:16:36'),
(717, 6, 5, 1, 149, 'Jl bunga asoka komplek asoka raya residance blok d57. Ringroad medan', '3.564046,98.622653', '', '', 0, 1, '2020-12-01 09:17:37'),
(718, 6, 3, 2, 139, 'Jl raden saleh dalam No.10', '3.589318,98.677325', '', '-', 0, 1, '2020-12-01 16:38:42'),
(719, 6, 4, 2, 139, 'Jl raden saleh dalam No.10', '3.589318,98.677325', '', '-', 0, 1, '2020-12-01 16:39:14'),
(720, 6, 5, 2, 139, 'Jl raden saleh dalam No.10', '3.589318,98.677325', '', '-', 0, 1, '2020-12-01 16:40:27'),
(721, 6, 3, 1, 154, 'Jl. Asrama, RS Hermina Medan, Sei Sikambing atau Jl. Asrama, Komplek Bumi Asrk No A16', '3.595367,98.627378', '', '', 0, 1, '2020-12-02 01:44:01'),
(722, 6, 3, 1, 158, 'Jl. Asrama, RS Hermina Medan', '3.595367,98.627378', '', '', 0, 1, '2020-12-02 01:44:22'),
(724, 6, 3, 2, 154, 'Mesjid Al Muhajirin Jl. Asrama, komplek bumi asri No A16', '3.6012865,98.6256824', '', '', 0, 1, '2020-12-02 01:45:17'),
(725, 6, 4, 1, 154, 'Jl. Asrama, RS Hermina Medan, Sei Sikambing atau Jl. Asrama, Komplek Bumi Asrk No A16', '3.595367,98.627378', '', '', 0, 1, '2020-12-02 01:45:52'),
(726, 6, 4, 1, 158, 'Jl. Asrama, RS Hermina Medan', '3.595367,98.627378', '', '', 0, 1, '2020-12-02 01:46:28'),
(727, 6, 4, 2, 154, 'Jl. Asrama, RS Hermina Medan, Sei Sikambing atau Jl. Asrama, Komplek Bumi Asrk No A16', '3.595367,98.627378', '', '', 0, 1, '2020-12-02 01:48:27'),
(728, 6, 5, 1, 154, 'Jl. Asrama, RS Hermina Medan, Sei Sikambing atau Jl. Asrama, Komplek Bumi Asrk No A16', '3.595367,98.627378', '', '', 0, 1, '2020-12-02 01:49:16'),
(729, 6, 5, 1, 158, 'Jl. Asrama, RS Hermina Medan', '3.595367,98.627378', '', '', 0, 1, '2020-12-02 01:49:45'),
(730, 6, 5, 2, 154, 'Jl. Asrama, komplek bumi asri No A16', '3,6012869, 98,6256761', '', '', 0, 1, '2020-12-02 01:51:08'),
(731, 6, 4, 1, 159, 'Jl. r.a. kartini. no. 26. /. Tamoe. coffee. and. resto', '3.5800774,98.6741466', '', '', 0, 1, '2020-12-02 06:20:17'),
(732, 6, 4, 2, 159, 'Jl. r.a. kartini. no. 26. /. Tamoe. coffee. and. resto', '3.5800774, 98.6741466', '', '', 0, 1, '2020-12-02 06:25:04'),
(733, 6, 4, 1, 101, 'Jl sampali baru komplek sampali baru No.9J', '3.593723,98.698358', 'selang seling dari tanggan 19nov,24nov,26nov,1des,sampai 3des', '', 0, 1, '2020-12-02 07:34:23'),
(734, 7, 1, 1, 187, 'BCA Diponegoro', '3.584618,98.672817', '-', '-', 0, 1, '2020-12-06 16:18:37'),
(735, 7, 1, 1, 186, 'jl pasar baru no 43 padang bulan', '3.552058,98.654967', '', '', 0, 1, '2020-12-06 16:18:59'),
(736, 7, 1, 2, 186, 'jl pasar baru no 43 padang bulan', '3.552058,98.654967', '', '', 0, 1, '2020-12-06 16:19:13'),
(737, 7, 1, 1, 185, 'Jl.M. Idris no 47', '3.596292,98.659113', 'Dinner sebelum jam 6. Intermitten fasting', '', 0, 1, '2020-12-06 16:19:28'),
(738, 7, 1, 2, 185, 'Jl.M. Idris no 47', '3.596292,98.659113', 'Dinner sebelum jam 6. Intermitten fasting', '', 0, 1, '2020-12-06 16:19:44'),
(739, 7, 1, 2, 188, '(Dinner) Jl. Puri Gg. K Alimun no 28/59B (masuk gang, mentok belok kiri)', '3.578560,98.688845', '', '-', 0, 1, '2020-12-06 16:20:03'),
(740, 7, 1, 2, 184, 'Jl M. idris No.45B', '3.596204,98.658964', '', '', 0, 1, '2020-12-06 16:20:27'),
(741, 7, 1, 1, 183, 'Jl M. idris no 45B.', '3.596204,98.658964', '', '', 0, 1, '2020-12-06 16:20:52'),
(742, 7, 1, 1, 180, 'Jl. abadi zilenia residence b8 .', '3.573246,98.629408', '-', '-', 0, 1, '2020-12-06 16:21:15'),
(743, 7, 1, 1, 179, 'JL. PUTRI HIJAU NO.10 PINTU KELUAR JW MARRIOTT ( HALTE BUS PERINTIS KEMERDEKAAN )', '3.596612,98.675840', 'Pengiriman senin-selasa kekantor rabu skip kamis-jumat kerumah', '', 0, 1, '2020-12-06 16:21:30'),
(744, 7, 1, 1, 178, 'jln harmonika baru no.110 pasar 1 padang bulan medan selayang 20135 ( depan J&M coffee). Menu: lunch + dinner weekely.', '3.555143,98.649645', '', '-', 0, 1, '2020-12-06 16:21:48'),
(745, 7, 1, 2, 178, 'jln harmonika baru no.110 pasar 1 padang bulan medan selayang 20135 ( depan J&M coffee). Menu: lunch + dinner weekely.', '3.555143,98.649645', '', '-', 0, 1, '2020-12-06 16:22:08'),
(746, 7, 1, 1, 177, 'Jl garu 2 villa harjosari indah tahap 2 blok mawar no 37 smraja kec medan amplas kel.', '3.545058,98.706860', '', '', 0, 1, '2020-12-06 16:22:25');
INSERT INTO `catering_order_detail` (`id`, `catering_order_batch_id`, `day_id`, `time_order`, `buyer_id`, `address`, `latlong`, `notes`, `driver_notes`, `is_out_of_range`, `is_active`, `created_time`) VALUES
(747, 7, 1, 1, 176, 'Jl amaliun gg johar no 16', '3.575142,98.694893', '', 'blok mawar no 36-37 smraja (rumah putih)', 0, 1, '2020-12-06 16:22:42'),
(748, 7, 1, 1, 175, 'BCA B&G tower (JW Mariot)', '3.596149,98.675886', '', '', 0, 1, '2020-12-06 16:23:26'),
(749, 7, 1, 1, 174, 'Jl. Menteng VII gg. Kesatria no. 20 Medan', '3.566334,98.725043', '', '', 0, 1, '2020-12-06 16:23:47'),
(750, 7, 1, 1, 173, 'Jl. Rahmadsyah 416-C Medan (praktek dr.muzahar, sebelah gg sekolah)', '3.5794745, 98.6953237', '', '', 0, 1, '2020-12-06 16:24:12'),
(751, 7, 1, 1, 172, 'Kantor Garuda Indonesia Jl. Mongonsidi No. 34 A.', '3.571451,98.666901', '', '', 0, 1, '2020-12-06 16:24:34'),
(752, 7, 1, 1, 169, 'Garuda indonesia jl mongonsidi No.34A depan hermes', '3.571363,98.666801', '', '', 0, 1, '2020-12-06 16:25:10'),
(754, 7, 1, 1, 168, 'Polda sumut pintu 3', '3.530834,98.737646', 'Ganti 1 hari yg telat', '', 1, 1, '2020-12-06 16:25:42'),
(755, 7, 1, 1, 167, 'Jl Panglima Denai Menteng 7 Komplek The Grand Menteng Indah Cluster The Green No.8 b Medan', '3.5538551, 98.7235720', 'Bayar ongkir', '-', 0, 1, '2020-12-06 16:26:15'),
(756, 7, 1, 1, 166, 'Platinum garden katamso sebelah sekolah wr supratman Blok A17', '3.545625,98.687222', '', '', 0, 1, '2020-12-06 16:26:38'),
(757, 7, 1, 2, 164, 'Jl s parman no 217, cambridge apartemen tower picasso lantai 21 ', '3.584218,98.667676', '', '( dari zainul arifin, pas sebelum tanjakan turun starbucks cambridge ada gerbang besi, drop off ke security sana saja )', 0, 1, '2020-12-06 16:26:53'),
(758, 7, 1, 2, 161, 'Jl. Mojopahit ujung, No 69A (Depan Yona Cafe). Pagar hitam yg ada ring basket. Medan. 20153', '3.575552,98.665248', 'PAKAI MENU LUNCH', '(Depan Yona Cafe) Pagar htam yg ada ring basket.', 0, 1, '2020-12-06 16:27:10'),
(759, 7, 1, 1, 160, 'Jl. r.a kartini. no. 26 / Tamoe coffee and resto', '3.5800774, 98.6741466', 'HARI RABU SKIP DIGANTI KE DINNER KAMIS', '', 0, 1, '2020-12-06 16:27:47'),
(760, 7, 1, 1, 155, 'Jl. Asrama, RS Hermina Medan, Sei Sikambing atau Jl. Asrama, Komplek Bumi Asrk No A16', '3.595367,98.627378', '', '', 0, 1, '2020-12-06 16:28:19'),
(761, 7, 1, 2, 155, 'Jl. Asrama, RS Hermina Medan, Sei Sikambing atau Jl. Asrama, Komplek Bumi Asrk No A16', '3.595367,98.627378', '', '', 0, 1, '2020-12-06 16:28:34'),
(762, 7, 1, 1, 150, 'Jl bunga asoka komplek asoka raya residance blok d57. Ringroad medan', '3.564046,98.622653', '', '', 0, 1, '2020-12-06 16:29:07'),
(763, 7, 1, 1, 142, '(LUNCH) BCA ASIA SIMPANG LAMPUNG (samping bank UOB) jl. Asia no 184D titip satpam', '3.584527,98.691058', '', '-LUNCH titip satpam. Harus sampe sebelum 11.45 !!', 0, 1, '2020-12-06 16:29:27'),
(764, 7, 1, 1, 140, 'Jl raden saleh dalam No.10', '3.589318,98.677325', '', '-', 0, 1, '2020-12-06 16:30:13'),
(765, 7, 1, 2, 140, 'Jl raden saleh dalam No.10', '3.589318,98.677325', '', '-', 0, 1, '2020-12-06 16:31:01'),
(766, 7, 1, 1, 132, 'Tirta investama jl kapten soemarsono No 74', '3.615893,98.641688', '', '', 0, 1, '2020-12-06 16:31:24'),
(767, 7, 1, 2, 69, 'Oyo medan city homestay / turki family spa jln dr mansyur no 81.', '3.567458,98.647036', 'Skip tanggal 13,17,26 november.Skip 8,16,24 desember', '-Harus SAMPE TANGAN sebelum 17.30.', 0, 1, '2020-12-06 16:31:51'),
(768, 7, 1, 1, 191, 'Jl.Kereta Api Baru No.10B ; Kesawan ; Medan Barat', '3.589103,98.680338', '', 'Pengiriman lewat pintu belakang, masuk dari gang di samping rumah Jl.Perniagaan Baru no. 20C', 0, 1, '2020-12-06 17:34:40'),
(769, 7, 1, 2, 191, 'Jl.Kereta Api Baru No.10B ; Kesawan ; Medan Barat', '3.589103,98.680338', '', 'Pengiriman lewat pintu belakang, masuk dari gang di samping rumah Jl.Perniagaan Baru no. 20C', 0, 1, '2020-12-06 17:35:06'),
(770, 7, 1, 1, 192, 'Jl. Karya Jaya No. 146', '3.529349,98.676531', '', '-', 0, 1, '2020-12-07 00:11:18'),
(771, 7, 1, 2, 192, 'Jl. Karya Jaya No. 146', '3.529349,98.676531', '', '-', 0, 1, '2020-12-07 00:11:37'),
(772, 7, 1, 1, 193, 'Perumahan Medan Resort City (Mercy) Rotterdam blok K06 kec.Deli Tua', '3.512107,98.675058', '', '', 0, 1, '2020-12-07 00:11:48'),
(773, 7, 1, 2, 193, 'Perumahan Medan Resort City (Mercy) Rotterdam blok K06 kec.Deli Tua', '3.512107,98.675058', '', '', 0, 1, '2020-12-07 00:12:04'),
(774, 7, 2, 1, 194, 'Jl. Kenangq sari No. 21 Pasae 6 Tj. Sari ', '3.561753,98.639911', '', '-', 0, 1, '2020-12-07 07:27:52'),
(775, 7, 2, 1, 193, 'Perumahan Medan Resort City (Mercy) Rotterdam blok K06 kec.Deli Tua', '3.512107,98.675058', '', '', 0, 1, '2020-12-07 07:28:10'),
(776, 7, 2, 2, 193, 'Perumahan Medan Resort City (Mercy) Rotterdam blok K06 kec.Deli Tua', '3.512107,98.675058', '', '', 0, 1, '2020-12-07 07:28:29'),
(777, 7, 2, 1, 192, 'Jl. Karya Jaya No. 146', '3.529349,98.676531', '', '-', 0, 1, '2020-12-07 07:29:07'),
(778, 7, 2, 2, 192, 'Jl. Karya Jaya No. 146', '3.529349,98.676531', '', '-', 0, 1, '2020-12-07 07:29:29'),
(779, 7, 2, 1, 191, 'Jl.Kereta Api Baru No.10B ; Kesawan ; Medan Barat', '3.589103,98.680338', '', 'Pengiriman lewat pintu belakang, masuk dari gang di samping rumah Jl.Perniagaan Baru no. 20C', 0, 1, '2020-12-07 07:30:01'),
(780, 7, 2, 2, 191, 'Jl.Kereta Api Baru No.10B ; Kesawan ; Medan Barat', '3.589103,98.680338', '', 'Pengiriman lewat pintu belakang, masuk dari gang di samping rumah Jl.Perniagaan Baru no. 20C', 0, 1, '2020-12-07 07:30:40'),
(781, 7, 2, 2, 188, '(Dinner) Jl. Puri Gg. K Alimun no 28/59B (masuk gang, mentok belok kiri)', '3.578560,98.688845', '', '-', 0, 1, '2020-12-07 07:31:02'),
(782, 7, 2, 1, 142, '(LUNCH) BCA ASIA SIMPANG LAMPUNG (samping bank UOB) jl. Asia no 184D titip satpam', '3.584527,98.691058', '', '-LUNCH titip satpam. Harus sampe sebelum 11.45 !!', 0, 1, '2020-12-07 07:31:22'),
(783, 7, 2, 1, 187, 'BCA Diponegoro', '3.584618,98.672817', '-', '-', 0, 1, '2020-12-07 07:32:02'),
(784, 7, 2, 1, 186, 'jl pasar baru no 43 padang bulan', '3.552058,98.654967', '', '', 0, 1, '2020-12-07 07:42:35'),
(785, 7, 2, 2, 186, 'jl pasar baru no 43 padang bulan', '3.552058,98.654967', '', '', 0, 1, '2020-12-07 07:42:59'),
(786, 7, 3, 1, 194, 'Jl. Kenangq sari No. 21 Pasae 6 Tj. Sari ', '3.561753,98.639911', '', '-', 0, 1, '2020-12-07 07:43:22'),
(787, 7, 4, 1, 194, 'Jl. Kenangq sari No. 21 Pasae 6 Tj. Sari ', '3.561753,98.639911', '', '-', 0, 1, '2020-12-07 07:43:40'),
(788, 7, 5, 1, 194, 'Jl. Kenangq sari No. 21 Pasae 6 Tj. Sari ', '3.561753,98.639911', '', '-', 0, 1, '2020-12-07 07:44:02'),
(789, 7, 3, 1, 193, 'Perumahan Medan Resort City (Mercy) Rotterdam blok K06 kec.Deli Tua', '3.512107,98.675058', '', '', 0, 1, '2020-12-07 07:44:54'),
(790, 7, 3, 2, 193, 'Perumahan Medan Resort City (Mercy) Rotterdam blok K06 kec.Deli Tua', '3.512107,98.675058', '', '', 0, 1, '2020-12-07 07:45:18'),
(791, 7, 4, 1, 193, 'Perumahan Medan Resort City (Mercy) Rotterdam blok K06 kec.Deli Tua', '3.512107,98.675058', '', '', 0, 1, '2020-12-07 07:45:59'),
(792, 7, 4, 2, 193, 'Perumahan Medan Resort City (Mercy) Rotterdam blok K06 kec.Deli Tua', '3.512107,98.675058', '', '', 0, 1, '2020-12-07 07:46:18'),
(793, 7, 5, 1, 193, 'Perumahan Medan Resort City (Mercy) Rotterdam blok K06 kec.Deli Tua', '3.512107,98.675058', '', '', 0, 1, '2020-12-07 07:46:55'),
(794, 7, 5, 2, 193, 'Perumahan Medan Resort City (Mercy) Rotterdam blok K06 kec.Deli Tua', '3.512107,98.675058', '', '', 0, 1, '2020-12-07 07:48:54'),
(795, 7, 3, 1, 192, 'Jl. Karya Jaya No. 146', '3.529349,98.676531', '', '-', 0, 1, '2020-12-07 07:49:52'),
(796, 7, 3, 2, 192, 'Jl. Karya Jaya No. 146', '3.529349,98.676531', '', '-', 0, 1, '2020-12-07 07:50:29'),
(797, 7, 4, 1, 192, 'Jl. Karya Jaya No. 146', '3.529349,98.676531', '', '-', 0, 1, '2020-12-07 07:51:02'),
(798, 7, 4, 2, 192, 'Jl. Karya Jaya No. 146', '3.529349,98.676531', '', '-', 0, 1, '2020-12-07 07:51:23'),
(799, 7, 5, 1, 192, 'Jl. Karya Jaya No. 146', '3.529349,98.676531', '', '-', 0, 1, '2020-12-07 07:51:54'),
(800, 7, 5, 2, 192, 'Jl. Karya Jaya No. 146', '3.529349,98.676531', '', '-', 0, 1, '2020-12-07 07:52:14'),
(801, 7, 3, 1, 191, 'Jl.Kereta Api Baru No.10B ; Kesawan ; Medan Barat', '3.589103,98.680338', '', 'Pengiriman lewat pintu belakang, masuk dari gang di samping rumah Jl.Perniagaan Baru no. 20C', 0, 1, '2020-12-07 08:02:02'),
(802, 7, 3, 2, 191, 'Jl.Kereta Api Baru No.10B ; Kesawan ; Medan Barat', '3.589103,98.680338', '', 'Pengiriman lewat pintu belakang, masuk dari gang di samping rumah Jl.Perniagaan Baru no. 20C', 0, 1, '2020-12-07 08:07:27'),
(803, 7, 4, 1, 142, '(LUNCH) BCA ASIA SIMPANG LAMPUNG (samping bank UOB) jl. Asia no 184D titip satpam', '3.584527,98.691058', '', '-LUNCH titip satpam. Harus sampe sebelum 11.45 !!', 0, 1, '2020-12-07 08:08:33'),
(804, 7, 3, 1, 142, '(LUNCH) BCA ASIA SIMPANG LAMPUNG (samping bank UOB) jl. Asia no 184D titip satpam', '3.584527,98.691058', '', '-LUNCH titip satpam. Harus sampe sebelum 11.45 !!', 0, 1, '2020-12-07 08:09:54'),
(805, 7, 5, 1, 142, '(LUNCH) BCA ASIA SIMPANG LAMPUNG (samping bank UOB) jl. Asia no 184D titip satpam', '3.584527,98.691058', '', '-LUNCH titip satpam. Harus sampe sebelum 11.45 !!', 0, 1, '2020-12-07 08:10:33'),
(806, 7, 5, 2, 188, '(Dinner) Jl. Puri Gg. K Alimun no 28/59B (masuk gang, mentok belok kiri)', '3.578560,98.688845', '', '-', 0, 1, '2020-12-07 08:13:56'),
(807, 7, 4, 2, 188, '(Dinner) Jl. Puri Gg. K Alimun no 28/59B (masuk gang, mentok belok kiri)', '3.578560,98.688845', '', '-', 0, 1, '2020-12-07 08:14:18'),
(808, 7, 3, 2, 188, '(Dinner) Jl. Puri Gg. K Alimun no 28/59B (masuk gang, mentok belok kiri)', '3.578560,98.688845', '', '-', 0, 1, '2020-12-07 08:14:46'),
(809, 7, 3, 1, 187, 'BCA Diponegoro', '3.584618,98.672817', '-', '-', 0, 1, '2020-12-07 08:18:39'),
(810, 7, 4, 1, 187, 'BCA Diponegoro', '3.584618,98.672817', '-', '-', 0, 1, '2020-12-07 08:20:46'),
(811, 7, 5, 1, 187, 'BCA Diponegoro', '3.584618,98.672817', '-', '-', 0, 1, '2020-12-07 08:22:40'),
(812, 7, 5, 1, 186, 'jl pasar baru no 43 padang bulan', '3.552058,98.654967', '', '', 0, 1, '2020-12-07 08:23:30'),
(813, 7, 5, 2, 186, 'jl pasar baru no 43 padang bulan', '3.552058,98.654967', '', '', 0, 1, '2020-12-07 08:24:15'),
(814, 7, 4, 1, 186, 'jl pasar baru no 43 padang bulan', '3.552058,98.654967', '', '', 0, 1, '2020-12-07 08:25:01'),
(815, 7, 4, 2, 186, 'jl pasar baru no 43 padang bulan', '3.552058,98.654967', '', '', 0, 1, '2020-12-07 08:25:44'),
(816, 7, 3, 1, 186, 'jl pasar baru no 43 padang bulan', '3.552058,98.654967', '', '', 0, 1, '2020-12-07 08:29:04'),
(817, 7, 3, 2, 186, 'jl pasar baru no 43 padang bulan', '3.552058,98.654967', '', '', 0, 1, '2020-12-07 08:31:34'),
(818, 7, 2, 1, 185, 'Jl.M. Idris no 47', '3.596292,98.659113', 'Dinner sebelum jam 6. Intermitten fasting', '', 0, 1, '2020-12-07 08:33:29'),
(819, 7, 2, 2, 185, 'Jl.M. Idris no 47', '3.596292,98.659113', 'Dinner sebelum jam 6. Intermitten fasting', '', 0, 1, '2020-12-07 08:33:49'),
(820, 7, 2, 2, 184, 'Jl M. idris No.45B', '3.596204,98.658964', '', '', 0, 1, '2020-12-07 08:42:59'),
(821, 7, 3, 2, 184, 'Jl M. idris No.45B', '3.596204,98.658964', '', '', 0, 1, '2020-12-07 08:44:04'),
(822, 7, 4, 2, 184, 'Jl M. idris No.45B', '3.596204,98.658964', '', '', 0, 1, '2020-12-07 08:44:25'),
(823, 7, 5, 2, 184, 'Jl M. idris No.45B', '3.596204,98.658964', '', '', 0, 1, '2020-12-07 08:45:41'),
(824, 7, 3, 1, 185, 'Jl.M. Idris no 47', '3.596292,98.659113', 'Dinner sebelum jam 6. Intermitten fasting', '', 0, 1, '2020-12-07 08:46:48'),
(825, 7, 4, 1, 185, 'Jl.M. Idris no 47', '3.596292,98.659113', 'Dinner sebelum jam 6. Intermitten fasting', '', 0, 1, '2020-12-07 08:47:56'),
(827, 7, 2, 1, 183, 'Jl M. idris no 45B.', '3.596204,98.658964', '', '', 0, 1, '2020-12-07 08:50:01'),
(828, 7, 3, 1, 183, 'Jl M. idris no 45B.', '3.596204,98.658964', '', '', 0, 1, '2020-12-07 08:50:24'),
(829, 7, 4, 1, 183, 'Jl M. idris no 45B.', '3.596204,98.658964', '', '', 0, 1, '2020-12-07 08:51:17'),
(830, 7, 5, 1, 183, 'Jl M. idris no 45B.', '3.596204,98.658964', '', '', 0, 1, '2020-12-07 08:51:55'),
(831, 7, 5, 1, 180, 'Jl. abadi zilenia residence b8 .', '3.573246,98.629408', '-', '-', 0, 1, '2020-12-07 08:53:46'),
(832, 7, 4, 1, 180, 'Jl. abadi zilenia residence b8 .', '3.573246,98.629408', '-', '-', 0, 1, '2020-12-07 08:54:14'),
(833, 7, 3, 1, 180, 'Jl. abadi zilenia residence b8 .', '3.573246,98.629408', '-', '-', 0, 1, '2020-12-07 08:55:14'),
(834, 7, 2, 1, 180, 'Jl. abadi zilenia residence b8 .', '3.573246,98.629408', '-', '-', 0, 1, '2020-12-07 08:57:27'),
(835, 7, 2, 1, 179, 'JL. PUTRI HIJAU NO.10 PINTU KELUAR JW MARRIOTT ( HALTE BUS PERINTIS KEMERDEKAAN )', '3.596612,98.675840', 'Pengiriman senin-selasa kekantor rabu skip kamis-jumat kerumah', '', 0, 1, '2020-12-07 09:00:45'),
(837, 7, 4, 1, 179, 'JL. MANGKUBUMI DALAM No.1ii \r\nDepan kantor Imigrasi, ada gang, masuk ke dalam\r\nMEDAN', '3.583383,98.679689', 'Pengiriman senin-selasa kekantor rabu skip kamis-jumat kerumah', 'Depan kantor Imigrasi, ada gang, masuk ke dalam\r\nMEDAN', 0, 1, '2020-12-07 09:03:00'),
(838, 7, 5, 1, 179, 'JL. MANGKUBUMI DALAM NO.1ii Depan kantor imigrasi,ada gang,masuk kedalam MEDAN', '3.583383,93.679689', 'Pengiriman senin-selasa kekantor rabu skip kamis-jumat kerumah', '', 0, 1, '2020-12-07 09:03:29'),
(839, 7, 2, 1, 178, 'jln harmonika baru no.110 pasar 1 padang bulan medan selayang 20135 ( depan J&M coffee). Menu: lunch + dinner weekely.', '3.555143,98.649645', '', '-', 0, 1, '2020-12-07 10:21:11'),
(840, 7, 3, 1, 178, 'jln harmonika baru no.110 pasar 1 padang bulan medan selayang 20135 ( depan J&M coffee). Menu: lunch + dinner weekely.', '3.555143,98.649645', '', '-', 0, 1, '2020-12-07 10:21:34'),
(841, 7, 2, 2, 178, 'jln harmonika baru no.110 pasar 1 padang bulan medan selayang 20135 ( depan J&M coffee). Menu: lunch + dinner weekely.', '3.555143,98.649645', '', '-', 0, 1, '2020-12-07 10:22:01'),
(842, 7, 3, 2, 178, 'jln harmonika baru no.110 pasar 1 padang bulan medan selayang 20135 ( depan J&M coffee). Menu: lunch + dinner weekely.', '3.555143,98.649645', '', '-', 0, 1, '2020-12-07 10:22:25'),
(843, 7, 4, 1, 178, 'jln harmonika baru no.110 pasar 1 padang bulan medan selayang 20135 ( depan J&M coffee). Menu: lunch + dinner weekely.', '3.555143,98.649645', '', '-', 0, 1, '2020-12-07 10:23:05'),
(844, 7, 4, 2, 178, 'jln harmonika baru no.110 pasar 1 padang bulan medan selayang 20135 ( depan J&M coffee). Menu: lunch + dinner weekely.', '3.555143,98.649645', '', '-', 0, 1, '2020-12-07 10:23:23'),
(845, 7, 5, 1, 178, 'jln harmonika baru no.110 pasar 1 padang bulan medan selayang 20135 ( depan J&M coffee). Menu: lunch + dinner weekely.', '3.555143,98.649645', '', '-', 0, 1, '2020-12-07 10:23:52'),
(846, 7, 5, 2, 178, 'jln harmonika baru no.110 pasar 1 padang bulan medan selayang 20135 ( depan J&M coffee). Menu: lunch + dinner weekely.', '3.555143,98.649645', '', '-', 0, 1, '2020-12-07 10:24:11'),
(847, 7, 2, 1, 177, 'Jl garu 2 villa harjosari indah tahap 2 blok mawar no 37 smraja kec medan amplas kel.', '3.545058,98.706860', '', '', 0, 1, '2020-12-07 10:24:38'),
(848, 7, 3, 1, 177, 'Jl garu 2 villa harjosari indah tahap 2 blok mawar no 37 smraja kec medan amplas kel.', '3.545058,98.706860', '', '', 0, 1, '2020-12-07 10:25:26'),
(849, 7, 4, 1, 177, 'Jl garu 2 villa harjosari indah tahap 2 blok mawar no 37 smraja kec medan amplas kel.', '3.545058,98.706860', '', '', 0, 1, '2020-12-07 10:26:03'),
(850, 7, 5, 1, 177, 'Jl garu 2 villa harjosari indah tahap 2 blok mawar no 37 smraja kec medan amplas kel.', '3.545058,98.706860', '', '', 0, 1, '2020-12-07 10:26:37'),
(851, 7, 5, 1, 176, 'Jl amaliun gg johar no 16', '3.575142,98.694893', '', 'blok mawar no 36-37 smraja (rumah putih)', 0, 1, '2020-12-07 10:28:25'),
(852, 7, 4, 1, 176, 'Jl amaliun gg johar no 16', '3.575142,98.694893', '', 'blok mawar no 36-37 smraja (rumah putih)', 0, 1, '2020-12-07 10:28:45'),
(853, 7, 3, 1, 176, 'Jl amaliun gg johar no 16', '3.575142,98.694893', '', 'blok mawar no 36-37 smraja (rumah putih)', 0, 1, '2020-12-07 10:29:07'),
(854, 7, 2, 1, 176, 'Jl amaliun gg johar no 16', '3.575142,98.694893', '', 'blok mawar no 36-37 smraja (rumah putih)', 0, 1, '2020-12-07 10:29:21'),
(855, 7, 5, 1, 175, 'BCA B&G tower (JW Mariot)', '3.596149,98.675886', '', '', 0, 1, '2020-12-07 10:29:49'),
(856, 7, 4, 1, 175, 'BCA B&G tower (JW Mariot)', '3.596149,98.675886', '', '', 0, 1, '2020-12-07 10:30:18'),
(857, 7, 3, 1, 175, 'BCA B&G tower (JW Mariot)', '3.596149,98.675886', '', '', 0, 1, '2020-12-07 10:30:42'),
(858, 7, 2, 1, 175, 'BCA B&G tower (JW Mariot)', '3.596149,98.675886', '', '', 0, 1, '2020-12-07 10:31:09'),
(859, 7, 5, 1, 174, 'Jl. Menteng VII gg. Kesatria no. 20 Medan', '3.566334,98.725043', '', '', 0, 1, '2020-12-07 10:31:48'),
(860, 7, 4, 1, 174, 'Jl. Menteng VII gg. Kesatria no. 20 Medan', '3.566334,98.725043', '', '', 0, 1, '2020-12-07 10:32:05'),
(861, 7, 3, 1, 174, 'Jl. Menteng VII gg. Kesatria no. 20 Medan', '3.566334,98.725043', '', '', 0, 1, '2020-12-07 10:32:34'),
(862, 7, 2, 1, 174, 'Jl. Menteng VII gg. Kesatria no. 20 Medan', '3.566334,98.725043', '', '', 0, 1, '2020-12-07 10:32:59'),
(863, 7, 2, 1, 173, 'Jl. Rahmadsyah 416-C Medan (praktek dr.muzahar, sebelah gg sekolah)', '3.5794745, 98.6953237', '', '', 0, 1, '2020-12-07 10:34:29'),
(864, 7, 3, 1, 173, 'Jl. Rahmadsyah 416-C Medan (praktek dr.muzahar, sebelah gg sekolah)', '3.5794745, 98.6953237', '', '', 0, 1, '2020-12-07 10:34:48'),
(865, 7, 4, 1, 173, 'Jl. Rahmadsyah 416-C Medan (praktek dr.muzahar, sebelah gg sekolah)', '3.5794745, 98.6953237', '', '', 0, 1, '2020-12-07 10:35:12'),
(866, 7, 5, 1, 173, 'Jl. Rahmadsyah 416-C Medan (praktek dr.muzahar, sebelah gg sekolah)', '3.5794745, 98.6953237', '', '', 0, 1, '2020-12-07 10:35:33'),
(867, 7, 2, 1, 172, 'Kantor Garuda Indonesia Jl. Mongonsidi No. 34 A.', '3.571451,98.666901', '', '', 0, 1, '2020-12-07 10:36:07'),
(868, 7, 2, 1, 169, 'Garuda indonesia jl mongonsidi No.34A depan hermes', '3.571363,98.666801', '', '', 0, 1, '2020-12-07 10:36:23'),
(869, 7, 3, 1, 172, 'Kantor Garuda Indonesia Jl. Mongonsidi No. 34 A.', '3.571451,98.666901', '', '', 0, 1, '2020-12-07 10:36:43'),
(870, 7, 3, 1, 169, 'Garuda indonesia jl mongonsidi No.34A depan hermes', '3.571363,98.666801', '', '', 0, 1, '2020-12-07 10:37:03'),
(871, 7, 4, 1, 172, 'Kantor Garuda Indonesia Jl. Mongonsidi No. 34 A.', '3.571451,98.666901', '', '', 0, 1, '2020-12-07 10:37:49'),
(872, 7, 4, 1, 169, 'Garuda indonesia jl mongonsidi No.34A depan hermes', '3.571363,98.666801', '', '', 0, 1, '2020-12-07 10:38:11'),
(873, 7, 5, 1, 172, 'Kantor Garuda Indonesia Jl. Mongonsidi No. 34 A.', '3.571451,98.666901', '', '', 0, 1, '2020-12-07 10:38:35'),
(874, 7, 5, 1, 169, 'Garuda indonesia jl mongonsidi No.34A depan hermes', '3.571363,98.666801', '', '', 0, 1, '2020-12-07 10:38:51'),
(875, 7, 2, 1, 167, 'Jl Panglima Denai Menteng 7 Komplek The Grand Menteng Indah Cluster The Green No.8 b Medan', '3.5538551, 98.7235720', 'Bayar ongkir', '-', 0, 1, '2020-12-07 10:39:23'),
(876, 7, 2, 1, 166, 'Platinum garden katamso sebelah sekolah wr supratman Blok A17', '3.545625,98.687222', '', '', 0, 1, '2020-12-07 10:39:38'),
(877, 7, 3, 1, 167, 'Jl Panglima Denai Menteng 7 Komplek The Grand Menteng Indah Cluster The Green No.8 b Medan', '3,5538551, 98,7235720', 'Bayar ongkir', '-', 0, 1, '2020-12-07 10:40:17'),
(878, 7, 3, 1, 166, 'Platinum garden katamso sebelah sekolah wr supratman Blok A17', '3.545625,98.687222', '', '', 0, 1, '2020-12-07 10:40:45'),
(879, 7, 4, 1, 167, 'Jl Panglima Denai Menteng 7 Komplek The Grand Menteng Indah Cluster The Green No.8 b Medan', '3.5538551, 98.7235720', 'Bayar ongkir', '-', 0, 1, '2020-12-07 10:41:08'),
(880, 7, 4, 1, 166, 'Platinum garden katamso sebelah sekolah wr supratman Blok A17', '3.545625,98.687222', '', '', 0, 1, '2020-12-07 10:43:40'),
(881, 7, 5, 1, 167, 'Jl Panglima Denai Menteng 7 Komplek The Grand Menteng Indah Cluster The Green No.8 b Medan', '3.5538551, 98.7235720', 'Bayar ongkir', '-', 0, 1, '2020-12-07 10:44:25'),
(882, 7, 5, 1, 166, 'Platinum garden katamso sebelah sekolah wr supratman Blok A17', '3.545625,98.687222', '', '', 0, 1, '2020-12-07 10:44:45'),
(883, 7, 5, 2, 164, 'Jl s parman no 217, cambridge apartemen tower picasso lantai 21', '3.584218,98.667676', 'Batch 35 Less Salt', '( dari zainul arifin, pas sebelum tanjakan turun starbucks cambridge ada gerbang besi, drop off ke security sana saja )', 0, 1, '2020-12-07 10:45:31'),
(884, 7, 5, 2, 161, 'Jl. Mojopahit ujung, No 69A (Depan Yona Cafe). Pagar hitam yg ada ring basket. Medan. 20153', '3.575552,98.665248', 'PAKAI MENU LUNCH', '(Depan Yona Cafe) Pagar htam yg ada ring basket.', 0, 1, '2020-12-07 10:46:18'),
(885, 7, 2, 2, 164, 'Jl s parman no 217, cambridge apartemen tower picasso lantai 21', '3.584218,98.667676', '', '( dari zainul arifin, pas sebelum tanjakan turun starbucks cambridge ada gerbang besi, drop off ke security sana saja )', 0, 1, '2020-12-07 10:46:58'),
(886, 7, 2, 2, 161, 'Jl. Mojopahit ujung, No 69A (Depan Yona Cafe). Pagar hitam yg ada ring basket. Medan. 20153', '3.575552,98.665248', 'PAKAI MENU LUNCH', '(Depan Yona Cafe) Pagar htam yg ada ring basket.', 0, 1, '2020-12-07 10:47:42'),
(887, 7, 3, 2, 164, 'Jl s parman no 217, cambridge apartemen tower picasso lantai 21', '3.584218,98.667676', '', '( dari zainul arifin, pas sebelum tanjakan turun starbucks cambridge ada gerbang besi, drop off ke security sana saja )', 0, 1, '2020-12-07 10:48:25'),
(888, 7, 3, 2, 161, 'Jl. Mojopahit ujung, No 69A (Depan Yona Cafe). Pagar hitam yg ada ring basket. Medan. 20153', '3.575552,98.665248', 'PAKAI MENU LUNCH', '(Depan Yona Cafe) Pagar htam yg ada ring basket.', 0, 1, '2020-12-07 10:49:36'),
(889, 7, 4, 2, 164, 'Jl s parman no 217, cambridge apartemen tower picasso lantai 21', '3.584218,98.667676', '', '( dari zainul arifin, pas sebelum tanjakan turun starbucks cambridge ada gerbang besi, drop off ke security sana saja )', 0, 1, '2020-12-07 10:50:03'),
(890, 7, 4, 2, 161, 'Jl. Mojopahit ujung, No 69A (Depan Yona Cafe). Pagar hitam yg ada ring basket. Medan. 20153', '3.575552,98.665248', 'PAKAI MENU LUNCH', '(Depan Yona Cafe) Pagar htam yg ada ring basket.', 0, 1, '2020-12-07 10:50:33'),
(891, 7, 2, 1, 160, 'Jl. r.a kartini. no. 26 / Tamoe coffee and resto', '3.5800774, 98.6741466', 'HARI RABU SKIP DIGANTI KE DINNER KAMIS', '', 0, 1, '2020-12-07 10:52:03'),
(893, 7, 4, 1, 160, 'Jl. r.a kartini. no. 26 / Tamoe coffee and resto', '3.5800774, 98.6741466', 'HARI RABU SKIP DIGANTI KE DINNER KAMIS', '', 0, 1, '2020-12-07 10:53:00'),
(894, 7, 5, 1, 160, 'Jl. r.a kartini. no. 26 / Tamoe coffee and resto', '3.5800774, 98.6741466', 'HARI RABU SKIP DIGANTI KE DINNER KAMIS', '', 0, 1, '2020-12-07 10:53:22'),
(895, 7, 2, 1, 155, 'Jl. Asrama, RS Hermina Medan, Sei Sikambing atau Jl. Asrama, Komplek Bumi Asrk No A16', '3.595367,98.627378', '', '', 0, 1, '2020-12-07 10:54:23'),
(896, 7, 2, 2, 155, 'Jl. Asrama, RS Hermina Medan, Sei Sikambing atau Jl. Asrama, Komplek Bumi Asrk No A16', '3.595367,98.627378', '', '', 0, 1, '2020-12-07 10:54:42'),
(897, 7, 3, 1, 155, 'Jl. Asrama, RS Hermina Medan, Sei Sikambing atau Jl. Asrama, Komplek Bumi Asrk No A16', '3.595367,98.627378', '', '', 0, 1, '2020-12-07 10:56:14'),
(898, 7, 3, 2, 155, 'Jl. Asrama, RS Hermina Medan, Sei Sikambing atau Jl. Asrama, Komplek Bumi Asrk No A16', '3.595367,98.627378', '', '', 0, 1, '2020-12-07 10:56:39'),
(899, 7, 4, 1, 155, 'Jl. Asrama, RS Hermina Medan, Sei Sikambing atau Jl. Asrama, Komplek Bumi Asrk No A16', '3.595367,98.627378', '', '', 0, 1, '2020-12-07 10:57:06'),
(900, 7, 4, 2, 155, 'Jl. Asrama, RS Hermina Medan, Sei Sikambing atau Jl. Asrama, Komplek Bumi Asrk No A16', '3.595367,98.627378', '', '', 0, 1, '2020-12-07 10:57:27'),
(901, 7, 5, 1, 155, 'Jl. Asrama, RS Hermina Medan, Sei Sikambing atau Jl. Asrama, Komplek Bumi Asrk No A16', '3.595367,98.627378', '', '', 0, 1, '2020-12-07 10:58:14'),
(902, 7, 5, 2, 155, 'Jl. Asrama, RS Hermina Medan, Sei Sikambing atau Jl. Asrama, Komplek Bumi Asrk No A16', '3.595367,98.627378', '', '', 0, 1, '2020-12-07 10:58:33'),
(903, 7, 2, 1, 150, 'Jl bunga asoka komplek asoka raya residance blok d57. Ringroad medan', '3.564046,98.622653', '', '', 0, 1, '2020-12-07 10:59:14'),
(904, 7, 3, 1, 150, 'Jl bunga asoka komplek asoka raya residance blok d57. Ringroad medan', '3.564046,98.622653', '', '', 0, 1, '2020-12-07 11:00:09'),
(906, 7, 4, 1, 150, 'Jl bunga asoka komplek asoka raya residance blok d57. Ringroad medan', '3.564046,98.622653', '', '', 0, 1, '2020-12-07 11:02:18'),
(907, 7, 5, 1, 140, 'Jl raden saleh dalam No.10', '3.589318,98.677325', '', '-', 0, 1, '2020-12-07 11:05:22'),
(908, 7, 5, 2, 140, 'Jl raden saleh dalam No.10', '3.589318,98.677325', '', '-', 0, 1, '2020-12-07 11:05:39'),
(909, 7, 4, 1, 140, 'Jl raden saleh dalam No.10', '3.589318,98.677325', '', '-', 0, 1, '2020-12-07 11:06:05'),
(910, 7, 4, 2, 140, 'Jl raden saleh dalam No.10', '3.589318,98.677325', '', '-', 0, 1, '2020-12-07 11:06:21'),
(911, 7, 2, 1, 140, 'Jl raden saleh dalam No.10', '3.589318,98.677325', '', '-', 0, 1, '2020-12-07 11:06:35'),
(912, 7, 2, 2, 140, 'Jl raden saleh dalam No.10', '3.589318,98.677325', '', '-', 0, 1, '2020-12-07 11:06:55'),
(913, 7, 3, 1, 140, 'Jl raden saleh dalam No.10', '3.589318,98.677325', '', '-', 0, 1, '2020-12-07 11:07:12'),
(914, 7, 3, 2, 140, 'Jl raden saleh dalam No.10', '3.589318,98.677325', '', '-', 0, 1, '2020-12-07 11:07:33'),
(918, 7, 2, 1, 132, 'Tirta investama jl kapten soemarsono No 74', '3.615893,98.641688', '', '', 0, 1, '2020-12-07 11:09:30'),
(919, 7, 3, 2, 69, 'Oyo medan city homestay / turki family spa jln dr mansyur no 81.', '3.567458,98.647036', 'Skip tanggal 13,17,26 november.Skip 8,16,24 desember', '-Harus SAMPE TANGAN sebelum 17.30.', 0, 1, '2020-12-07 11:13:58'),
(920, 7, 4, 2, 69, 'Oyo medan city homestay / turki family spa jln dr mansyur no 81.', '3.567458,98.647036', 'Skip tanggal 13,17,26 november.Skip 8,16,24 desember', '-Harus SAMPE TANGAN sebelum 17.30.', 0, 1, '2020-12-07 11:14:49'),
(922, 7, 2, 2, 180, 'Jl. abadi zilenia residence b8 .', '3.573246,98.629408', '-', '-', 0, 1, '2020-12-07 13:21:01'),
(924, 7, 3, 2, 180, 'Jl. abadi zilenia residence b8 .', '3.573246,98.629408', '-', '-', 0, 1, '2020-12-07 13:34:04'),
(925, 7, 4, 2, 180, 'Jl. abadi zilenia residence b8 .', '3.573246,98.629408', '-', '-', 0, 1, '2020-12-07 13:35:57'),
(926, 7, 5, 2, 180, 'Jl. abadi zilenia residence b8 .', '3.573246,98.629408', '-', '-', 0, 1, '2020-12-07 13:37:51'),
(927, 7, 2, 1, 196, 'Jl. Kenangq sari No. 21 Pasae 6 Tj. Sari ', '3.561753,98.639911', '', '-', 0, 1, '2020-12-07 14:01:33'),
(929, 7, 3, 1, 196, 'Jl. Kenangq sari No. 21 Pasae 6 Tj. Sari ', '3.561753,98.639911', '', '-', 0, 1, '2020-12-07 14:03:53'),
(930, 7, 4, 1, 196, 'Jl. Kenangq sari No. 21 Pasae 6 Tj. Sari ', '3.561753,98.639911', '', '-', 0, 1, '2020-12-07 14:04:15'),
(931, 7, 5, 1, 196, 'Jl. Kenangq sari No. 21 Pasae 6 Tj. Sari ', '3.561753,98.639911', '', '-', 0, 1, '2020-12-07 14:05:08'),
(932, 7, 3, 2, 132, 'Tirta investama jl kapten soemarsono No 74', '3.615893,98.641688', '', '', 0, 1, '2020-12-08 11:29:01'),
(935, 7, 4, 1, 191, 'Jl.Kereta Api Baru No.10B ; Kesawan ; Medan Barat', '3.589103,98.680338', '', 'Pengiriman lewat pintu belakang, masuk dari gang di samping rumah Jl.Perniagaan Baru no. 20C', 0, 1, '2020-12-08 13:48:41'),
(939, 7, 4, 1, 132, 'Tirta investama jl kapten soemarsono No 74', '3.615893,98.641688', '', '', 0, 1, '2020-12-09 15:15:01'),
(941, 7, 4, 2, 185, 'Jl.M. Idris no 47', '3.596292,98.659113', 'Dinner sebelum jam 6. Intermitten fasting', '', 0, 1, '2020-12-09 15:24:00'),
(942, 7, 4, 2, 160, 'Jl. r.a kartini. no. 26 / Tamoe coffee and resto', '3.5800774, 98.6741466', 'HARI RABU SKIP DIGANTI KE DINNER KAMIS', '', 0, 1, '2020-12-09 15:27:55'),
(943, 8, 1, 1, 197, 'Jl. Kenangq sari No. 21 Pasae 6 Tj. Sari ', '3.561753,98.639911', '', '-', 0, 1, '2020-12-10 07:47:54'),
(945, 8, 1, 1, 199, 'Jl. Karya Jaya No. 146', '3.529349,98.676531', 'Mengganti hari rabu', '-', 0, 1, '2020-12-10 07:48:45'),
(946, 8, 1, 1, 200, 'Jl.Kereta Api Baru No.10B ; Kesawan ; Medan Barat', '3.589103,98.680338', '', 'Pengiriman lewat pintu belakang, masuk dari gang di samping rumah Jl.Perniagaan Baru no. 20C', 0, 1, '2020-12-10 07:48:59'),
(947, 8, 1, 1, 202, '(LUNCH) BCA ASIA SIMPANG LAMPUNG (samping bank UOB) jl. Asia no 184D titip satpam', '3.584527,98.691058', 'Selesai tgl 28 ganti hari rabu', '-LUNCH titip satpam. Harus sampe sebelum 11.45 !!', 0, 1, '2020-12-10 07:49:16'),
(948, 8, 1, 1, 201, 'BCA Diponegoro', '3.584618,98.672817', 'Ganti hari rabu', '-', 0, 1, '2020-12-10 07:49:30'),
(949, 8, 1, 1, 205, 'Jl.M. Idris no 47', '3.596292,98.659113', 'Dinner sebelum jam 6. Intermitten fasting, mengganti hari rabu', '', 0, 1, '2020-12-10 07:49:49'),
(950, 8, 1, 1, 206, 'Jl M. idris no 45B.', '3.596204,98.658964', 'Mengganti hari rabu', '', 0, 1, '2020-12-10 07:50:01'),
(951, 8, 1, 1, 207, 'Jl. abadi zilenia residence b8 .', '3.573246,98.629408', 'Mengganti hari rabu', '-', 0, 1, '2020-12-10 07:50:13'),
(952, 8, 1, 1, 208, 'JL. PUTRI HIJAU NO.10 PINTU KELUAR JW MARRIOTT ( HALTE BUS PERINTIS KEMERDEKAAN )', '3.596612,98.675840', 'Ganti hari rabu', '', 0, 1, '2020-12-10 07:50:30'),
(953, 8, 1, 1, 209, 'jln harmonika baru no.110 pasar 1 padang bulan medan selayang 20135 ( depan J&M coffee). Menu: lunch + dinner weekely.', '3.555143,98.649645', 'Mengganti hari rabu', '-', 0, 1, '2020-12-10 07:50:47'),
(954, 8, 1, 1, 210, 'Jl garu 2 villa harjosari indah tahap 2 blok mawar no 37 smraja kec medan amplas kel.', '3.545058,98.706860', 'Ganti hari rabu', '', 0, 1, '2020-12-10 07:51:00'),
(955, 8, 1, 1, 211, 'Jl amaliun gg johar no 16', '3.575142,98.694893', 'Ganti hari rabu', 'blok mawar no 36-37 smraja (rumah putih)', 0, 1, '2020-12-10 07:51:12'),
(956, 8, 1, 1, 212, 'BCA B&G tower (JW Mariot)', '3.596149,98.675886', 'Ganti rabu', '', 0, 1, '2020-12-10 07:51:30'),
(957, 8, 1, 1, 213, 'Jl. Menteng VII gg. Kesatria no. 20 Medan', '3.566334,98.725043', 'Ganti hari rabu', '', 0, 1, '2020-12-10 07:51:40'),
(958, 8, 1, 1, 214, 'Jl. Rahmadsyah 416-C Medan (praktek dr.muzahar, sebelah gg sekolah)', '3.5794745, 98.6953237', 'Ganti hari rabu', '', 0, 1, '2020-12-10 07:51:54'),
(960, 8, 1, 1, 217, 'Jl. Asrama, RS Hermina Medan, Sei Sikambing atau Jl. Asrama, Komplek Bumi Asrk No A16', '3.595367,98.627378', 'Siap tanggal 23 mengganti hari rabu', '', 0, 1, '2020-12-10 07:52:27'),
(961, 8, 1, 1, 204, 'jl pasar baru no 43 padang bulan', '3.552058,98.654967', 'Mengganti hari rabu', '', 0, 1, '2020-12-10 07:52:37'),
(962, 8, 1, 1, 215, 'Kantor Garuda Indonesia Jl. Mongonsidi No. 34 A.', '3.571451,98.666901', 'Ganti hari rabu', '', 0, 1, '2020-12-10 07:52:48'),
(963, 8, 1, 1, 170, 'Garuda indonesia jl mongonsidi No.34A depan hermes', '3.571363,98.666801', 'Siap di tanngal 28 mengganti hari rabu', '', 0, 1, '2020-12-10 07:53:31'),
(964, 8, 1, 1, 216, 'Jl Panglima Denai Menteng 7 Komplek The Grand Menteng Indah Cluster The Green No.8 b Medan', '3.5538551, 98.7235720', 'Bayar ongkir ganti hari rabu', '-', 0, 1, '2020-12-10 07:53:45'),
(965, 8, 1, 1, 220, 'Platinum garden katamso sebelah sekolah wr supratman Blok A17', '3.545625,98.687222', 'Ganti hari rabu', '', 0, 1, '2020-12-10 07:56:26'),
(966, 7, 5, 1, 230, 'Jl bunga asoka komplek asoka raya residance blok d57. Ringroad medan', '3.564046,98.622653', '', '', 0, 1, '2020-12-10 09:39:16'),
(967, 8, 1, 1, 231, 'Jl bunga asoka komplek asoka raya residance blok d57. Ringroad medan', '3.564046,98.622653', '', '', 0, 1, '2020-12-10 09:39:48'),
(968, 8, 2, 1, 231, 'Jl bunga asoka komplek asoka raya residance blok d57. Ringroad medan', '3.564046,98.622653', '', '', 0, 1, '2020-12-10 09:39:59'),
(969, 8, 3, 1, 231, 'Jl bunga asoka komplek asoka raya residance blok d57. Ringroad medan', '3.564046,98.622653', '', '', 0, 1, '2020-12-10 09:40:15'),
(970, 8, 4, 1, 231, 'Jl bunga asoka komplek asoka raya residance blok d57. Ringroad medan', '3.564046,98.622653', '', '', 0, 1, '2020-12-10 09:40:27'),
(971, 8, 1, 1, 195, 'Jl. Kenangq sari No. 21 Pasae 6 Tj. Sari ', '3.561753,98.639911', '', '-', 0, 1, '2020-12-10 09:47:11'),
(972, 8, 1, 1, 197, 'Jl. Kenangq sari No. 21 Pasae 6 Tj. Sari ', '3.561753,98.639911', '', '-', 0, 1, '2020-12-10 09:47:21'),
(973, 8, 2, 1, 195, 'Jl. Kenangq sari No. 21 Pasae 6 Tj. Sari ', '3.561753,98.639911', '', '-', 0, 1, '2020-12-10 09:48:05'),
(974, 8, 2, 1, 197, 'Jl. Kenangq sari No. 21 Pasae 6 Tj. Sari ', '3.561753,98.639911', '', '-', 0, 1, '2020-12-10 09:48:28'),
(975, 8, 1, 1, 233, 'Jl pondok surya blok 1 no 13', '3.6113861, 98.6586129', 'Endorse', '', 0, 1, '2020-12-10 11:22:56'),
(977, 8, 1, 1, 234, 'Jl bahagia No 50 sukaraja juanda', '3.571451,98.683794', '', '', 0, 1, '2020-12-10 11:23:06'),
(978, 8, 2, 1, 233, 'Jl pondok surya blok 1 no 13', '3.6113861, 98.6586129', 'Endorse', '', 0, 1, '2020-12-10 11:23:17'),
(979, 8, 2, 1, 234, 'Jl bahagia No 50 sukaraja juanda', '3.571451,98.683794', '', '', 0, 1, '2020-12-10 11:23:25'),
(980, 8, 3, 1, 233, 'Jl pondok surya blok 1 no 13', '3.6113861, 98.6586129', 'Endorse', '', 0, 1, '2020-12-10 11:23:35'),
(981, 8, 3, 1, 234, 'Jl bahagia No 50 sukaraja juanda', '3.571451,98.683794', '', '', 0, 1, '2020-12-10 11:23:45'),
(982, 8, 4, 1, 233, 'Jl pondok surya blok 1 no 13', '3.6113861, 98.6586129', 'Endorse', '', 0, 1, '2020-12-10 11:24:09'),
(983, 8, 4, 1, 234, 'Jl bahagia No 50 sukaraja juanda', '3.571451,98.683794', '', '', 0, 1, '2020-12-10 11:24:21'),
(984, 8, 5, 1, 233, 'Jl pondok surya blok 1 no 13', '3.6113861, 98.6586129', 'Endorse', '', 0, 1, '2020-12-10 11:24:40'),
(985, 8, 5, 1, 234, 'Jl bahagia No 50 sukaraja juanda', '3.571451,98.683794', '', '', 0, 1, '2020-12-10 11:24:49'),
(987, 8, 1, 2, 199, 'Jl. Karya Jaya No. 146', '3.529349,98.676531', 'Mengganti hari rabu', '-', 0, 1, '2020-12-10 11:34:59'),
(988, 8, 1, 2, 189, '(Dinner) Jl. Puri Gg. K Alimun no 28/59B (masuk gang, mentok belok kiri)', '3.578560,98.688845', '', '-', 0, 1, '2020-12-10 11:35:16'),
(989, 8, 1, 2, 204, 'jl pasar baru no 43 padang bulan', '3.552058,98.654967', 'Mengganti hari rabu', '', 0, 1, '2020-12-10 11:35:24'),
(990, 8, 1, 2, 238, 'Jl M. idris No.45B', '3.596204,98.658964', 'Ganti hari rabu', '', 0, 1, '2020-12-10 11:38:08'),
(991, 8, 1, 2, 209, 'jln harmonika baru no.110 pasar 1 padang bulan medan selayang 20135 ( depan J&M coffee). Menu: lunch + dinner weekely.', '3.555143,98.649645', 'Mengganti hari rabu', '-', 0, 1, '2020-12-10 11:38:32'),
(992, 8, 1, 2, 165, 'Jl s parman no 217, cambridge apartemen tower picasso lantai 21 (dari zainul arifin, pas sebelum tanjakan turun starbucks cambridge ada gerbang besi, drop off ke security sana saja).', '3.584218,98.667676', 'Siap tanggal 28 ganti hari rabu', '( dari zainul arifin, pas sebelum tanjakan turun starbucks cambridge ada gerbang besi, drop off ke security sana saja )', 0, 1, '2020-12-10 11:38:50'),
(993, 8, 1, 2, 162, 'JL. Mojopahit ujung No. 69A, Depan Yona Cafe (Pagar hitam yg ada ring basket)', '3.575552,98.665248', 'PAKAI.. MENU.. LUNCH Siap tanggal 28 ganti hari rabu', '(Depan Yona Cafe) Pagar htam yg ada ring basket', 0, 1, '2020-12-10 11:38:57'),
(994, 8, 1, 2, 217, 'Jl. Asrama, Komplek Bumi Asrk No A16', '3.601267,98.625654', 'Siap tanggal 23 mengganti hari rabu', '', 0, 1, '2020-12-10 11:39:16'),
(995, 8, 1, 2, 227, 'Jl raden saleh dalam No.10', '3.589318,98.677325', 'Selesai di tgl 28 ganti hari rabu', '-', 0, 1, '2020-12-10 11:39:30'),
(996, 8, 1, 2, 207, 'Jl. abadi zilenia residence b8 .', '3.573246,98.629408', 'Mengganti hari rabu', '-', 0, 1, '2020-12-10 11:39:47'),
(997, 8, 1, 2, 219, 'Jl.kenanga sari No 17b', '3.561769,98.639391', 'Ganti hari rabu', '', 0, 1, '2020-12-10 11:40:01'),
(998, 7, 5, 2, 132, 'Tirta investama jl kapten soemarsono No 74', '3.615893,98.641688', '', '', 0, 1, '2020-12-10 13:22:00'),
(999, 7, 5, 2, 242, 'Oyo medan city homestay / turki family spa jln dr mansyur no 81.', '3.567458,98.647036', 'Skip16,24 desember', '-Harus SAMPE TANGAN sebelum 17.30.', 0, 1, '2020-12-10 13:22:17'),
(1000, 8, 1, 2, 205, 'Jl.M. Idris no 47', '3.596292,98.659113', 'Dinner sebelum jam 6. Intermitten fasting, jumat skip,selesai hari selasa', '', 0, 1, '2020-12-10 14:23:02'),
(1003, 8, 2, 1, 205, 'Jl.M. Idris no 47', '3.596292,98.659113', 'Dinner sebelum jam 6. Intermitten fasting, jumat skip,selesai hari selasa', '', 0, 1, '2020-12-10 14:24:15'),
(1004, 8, 2, 2, 205, 'Jl.M. Idris no 47', '3.596292,98.659113', 'Dinner sebelum jam 6. Intermitten fasting, jumat skip,selesai hari selasa', '', 0, 1, '2020-12-10 14:25:15'),
(1005, 8, 2, 1, 200, 'Jl.Kereta Api Baru No.10B ; Kesawan ; Medan Barat', '3.589103,98.680338', 'Tgl 11 skip diganti di tgl 18 jumat', 'Pengiriman lewat pintu belakang, masuk dari gang di samping rumah Jl.Perniagaan Baru no. 20C', 0, 1, '2020-12-11 02:10:38'),
(1006, 8, 3, 1, 200, 'Jl.Kereta Api Baru No.10B ; Kesawan ; Medan Barat', '3.589103,98.680338', 'Tgl 11 skip diganti di tgl 18 jumat', 'Pengiriman lewat pintu belakang, masuk dari gang di samping rumah Jl.Perniagaan Baru no. 20C', 0, 1, '2020-12-11 02:10:47'),
(1007, 8, 4, 1, 200, 'Jl.Kereta Api Baru No.10B ; Kesawan ; Medan Barat', '3.589103,98.680338', 'Tgl 11 skip diganti di tgl 18 jumat', 'Pengiriman lewat pintu belakang, masuk dari gang di samping rumah Jl.Perniagaan Baru no. 20C', 0, 1, '2020-12-11 02:10:59'),
(1008, 8, 5, 1, 200, 'Jl.Kereta Api Baru No.10B ; Kesawan ; Medan Barat', '3.589103,98.680338', 'Tgl 11 skip diganti di tgl 18 jumat', 'Pengiriman lewat pintu belakang, masuk dari gang di samping rumah Jl.Perniagaan Baru no. 20C', 0, 1, '2020-12-11 02:11:09'),
(1010, 8, 1, 1, 246, 'Jl. r.a kartini. no. 26 / Tamoe coffee and resto', '3.5800774, 98.6741466', '', '', 0, 1, '2020-12-12 12:53:21'),
(1011, 8, 2, 1, 246, 'Jl. r.a kartini. no. 26 / Tamoe coffee and resto', '3.5800774, 98.6741466', '', '', 0, 1, '2020-12-12 12:54:05'),
(1013, 8, 4, 1, 246, 'Jl. r.a kartini. no. 26 / Tamoe coffee and resto', '3.5800774, 98.6741466', '', '', 0, 1, '2020-12-12 12:57:14'),
(1014, 8, 5, 1, 246, 'Jl. r.a kartini. no. 26 / Tamoe coffee and resto', '3.5800774, 98.6741466', '', '', 0, 1, '2020-12-12 12:57:47'),
(1015, 8, 4, 2, 246, 'Jl. r.a kartini. no. 26 / Tamoe coffee and resto', '3.5800774, 98.6741466', '', '', 0, 1, '2020-12-12 14:44:33'),
(1016, 8, 2, 1, 248, 'Tirta investama jl kapten soemarsono No 74', '3.615893,98.641688', 'Dinner di kirim ke jalan kenanga sari No 17b', '', 0, 1, '2020-12-13 12:57:41'),
(1020, 8, 4, 1, 248, 'Tirta investama jl kapten soemarsono No 74', '3.615893,98.641688', 'Dinner di kirim ke jalan kenanga sari No 17b', '', 0, 1, '2020-12-13 13:03:05'),
(1021, 8, 4, 2, 248, 'Jl.kenanga sari No17b', '3.561769,98.639391', 'Dinner di kirim ke jalan kenanga sari No 17b', '', 0, 1, '2020-12-13 13:03:59'),
(1022, 8, 5, 1, 248, 'Tirta investama jl kapten soemarsono No 74', '3.615893,98.641688', 'Dinner di kirim ke jalan kenanga sari No 17b', '', 0, 1, '2020-12-13 13:04:18'),
(1023, 8, 5, 2, 248, 'Jl.kenanga sari No 17b', '3.561769,98.639391', 'Dinner di kirim ke jalan kenanga sari No 17b', '', 0, 1, '2020-12-13 13:05:02'),
(1024, 8, 1, 1, 250, 'Jl.suka damai ujung no.15, kel. sei agul, medan barat. (deket supermarket irian jalan karya)', '3.609607,98.666602', 'Dinner cuma di hari senin', 'Diantar sebelum jam 11.30', 0, 1, '2020-12-13 13:21:29'),
(1025, 8, 1, 2, 250, 'Jl.suka damai ujung no.15, kel. sei agul, medan barat. (deket supermarket irian jalan karya)', '3.609607,98.666602', 'Dinner cuma di hari senin', 'Diantar sebelum jam 11.30', 0, 1, '2020-12-13 13:21:54'),
(1026, 8, 1, 1, 162, 'JL. Mojopahit ujung No. 69A, Depan Yona Cafe (Pagar hitam yg ada ring basket) ', '3.575552,98.665248', 'PAKAI.. MENU.. LUNCH Siap tanggal 28 ganti hari rabu', '(Depan.. Yona.. Cafe).. Pagar.. htam.. yg.. ada.. ring.. basket.. ', 0, 1, '2020-12-13 13:22:43'),
(1027, 8, 1, 1, 253, 'Jl.Dr sumarsono No 16', '3.569542,98.657452', '', '', 0, 1, '2020-12-13 13:23:51'),
(1029, 8, 2, 1, 253, 'Jl.Dr sumarsono No 16', '3.569542,98.657452', '', '', 0, 1, '2020-12-13 13:25:38'),
(1030, 8, 1, 1, 227, 'Jl raden saleh dalam No.10', '3.589318,98.677325', 'Selesai di tgl 28 ganti hari rabu', '-', 0, 1, '2020-12-13 13:26:18'),
(1033, 8, 3, 1, 253, 'Jl.Dr sumarsono No 16', '3.569542,98.657452', '', '', 0, 1, '2020-12-13 13:28:07'),
(1034, 8, 1, 1, 255, 'Jl.suka bakti No 20', '3.545629,98.694317', 'Kamis jumat skip siap tanggal 22', '', 0, 1, '2020-12-13 15:54:49'),
(1036, 8, 1, 2, 243, 'Oyo medan city homestay / turki family spa jln dr mansyur no 81.', '3.567458,98.647036', 'Skip16,24 desember', '-Harus SAMPE TANGAN sebelum 17.30.', 0, 1, '2020-12-13 15:58:37'),
(1037, 8, 2, 1, 257, 'Jl. Karya Jaya No. 146', '3.529349,98.676531', '', '-', 0, 1, '2020-12-14 07:54:41'),
(1038, 8, 2, 1, 255, 'Jl.suka bakti No 20', '3.545629,98.694317', 'Kamis jumat skip siap tanggal 22', '', 0, 1, '2020-12-14 07:55:06'),
(1039, 8, 2, 1, 254, 'Jl. Rahmadsyah 416-C Medan (praktek dr.muzahar, sebelah gg sekolah)', '3.5794745, 98.6953237', '', '', 0, 1, '2020-12-14 07:55:36'),
(1040, 8, 2, 1, 227, 'Jl raden saleh dalam No.10', '3.589318,98.677325', 'Selesai di tgl 28 ganti hari rabu', '-', 0, 1, '2020-12-14 07:56:25'),
(1041, 8, 2, 1, 217, 'Jl. Asrama, RS Hermina Medan, Sei Sikambing atau Jl. Asrama, Komplek Bumi Asrk No A16', '3.595367,98.627378', 'Siap tanggal 23 mengganti hari rabu', '', 0, 1, '2020-12-14 07:57:30'),
(1042, 8, 2, 1, 212, 'BCA B&G tower (JW Mariot)', '3.596149,98.675886', 'Selesai tgl 21 ganti hari rabu', '', 0, 1, '2020-12-14 08:10:27'),
(1043, 8, 2, 1, 202, '(LUNCH) BCA ASIA SIMPANG LAMPUNG (samping bank UOB) jl. Asia no 184D titip satpam', '3.584527,98.691058', 'Selesai tgl 28 ganti hari rabu', '-LUNCH titip satpam. Harus sampe sebelum 11.45 !!', 0, 1, '2020-12-14 08:15:07'),
(1044, 8, 2, 1, 170, 'Garuda indonesia jl mongonsidi No.34A depan hermes', '3.571363,98.666801', 'Siap di tanngal 28 mengganti hari rabu', '', 0, 1, '2020-12-14 08:53:32'),
(1045, 8, 2, 1, 258, 'Polda sumut pintu 3', '3.530834,98.737646', '', '', 1, 1, '2020-12-14 09:37:28'),
(1046, 8, 2, 2, 243, 'Oyo medan city homestay / turki family spa jln dr mansyur no 81.', '3.567458,98.647036', 'Skip16,24,30 desember', '-Harus SAMPE TANGAN sebelum 17.30.', 0, 1, '2020-12-14 09:38:09'),
(1047, 8, 1, 2, 214, 'Jl. Rahmadsyah 416-C Medan (praktek dr.muzahar, sebelah gg sekolah)', '3.5794745, 98.6953237', 'Ganti hari rabu', '', 0, 1, '2020-12-14 09:39:20'),
(1048, 8, 2, 2, 227, 'Jl raden saleh dalam No.10', '3.589318,98.677325', 'Selesai di tgl 28 ganti hari rabu', '-', 0, 1, '2020-12-14 09:39:45'),
(1049, 8, 2, 2, 217, 'Jl. Asrama, RS Hermina Medan, Sei Sikambing atau Jl. Asrama, Komplek Bumi Asrk No A16', '3.595367,98.627378', 'Siap tanggal 23 mengganti hari rabu', '', 0, 1, '2020-12-14 09:40:06'),
(1050, 8, 2, 2, 189, '(Dinner) Jl. Puri Gg. K Alimun no 28/59B (masuk gang, mentok belok kiri)', '3.578560,98.688845', '', '-', 0, 1, '2020-12-14 09:40:43'),
(1051, 8, 2, 2, 165, 'Jl s parman no 217, cambridge apartemen tower picasso lantai 21 (dari zainul arifin, pas sebelum tanjakan turun starbucks cambridge ada gerbang besi, drop off ke security sana saja).', '3.584218,98.667676', 'Siap tanggal 28 ganti hari rabu', '( dari zainul arifin, pas sebelum tanjakan turun starbucks cambridge ada gerbang besi, drop off ke security sana saja )', 0, 1, '2020-12-14 09:41:13'),
(1052, 8, 2, 2, 162, 'JL. Mojopahit ujung No. 69A', '3.575552,98.665248', 'PAKAI MENU LUNCH Siap tanggal 28 ganti hari rabu', '(Depan Yona Cafe) Pagar htam yg ada ring basket', 0, 1, '2020-12-14 09:41:43'),
(1053, 8, 3, 1, 257, 'Jl. Karya Jaya No. 146', '3.529349,98.676531', '', '-', 0, 1, '2020-12-14 09:48:17'),
(1054, 8, 3, 1, 255, 'Jl.suka bakti No 20', '3.545629,98.694317', 'Kamis jumat skip siap tanggal 22', '', 0, 1, '2020-12-14 09:51:34'),
(1055, 8, 3, 1, 254, 'Jl. Rahmadsyah 416-C Medan (praktek dr.muzahar, sebelah gg sekolah)', '3.5794745, 98.6953237', '', '', 0, 1, '2020-12-14 09:51:56'),
(1056, 8, 3, 1, 227, 'Jl raden saleh dalam No.10', '3.589318,98.677325', 'Selesai di tgl 28 ganti hari rabu', '-', 0, 1, '2020-12-14 10:41:12'),
(1057, 8, 3, 1, 217, 'Jl. Asrama, RS Hermina Medan, Sei Sikambing atau Jl. Asrama, Komplek Bumi Asrk No A16', '3.595367,98.627378', 'Siap tanggal 23 mengganti hari rabu', '', 0, 1, '2020-12-14 10:41:37'),
(1058, 8, 3, 1, 212, 'BCA B&G tower (JW Mariot)', '3.596149,98.675886', 'Selesai tgl 21 ganti hari rabu', '', 0, 1, '2020-12-14 10:42:07'),
(1059, 8, 3, 1, 202, '(LUNCH) BCA ASIA SIMPANG LAMPUNG (samping bank UOB) jl. Asia no 184D titip satpam', '3.584527,98.691058', 'Selesai tgl 28 ganti hari rabu', '-LUNCH titip satpam. Harus sampe sebelum 11.45 !!', 0, 1, '2020-12-14 10:42:27'),
(1060, 8, 3, 1, 170, 'Garuda indonesia jl mongonsidi No.34A depan hermes', '3.571363,98.666801', 'Siap di tanngal 28 mengganti hari rabu', '', 0, 1, '2020-12-14 10:43:29'),
(1061, 8, 3, 1, 258, 'Polda sumut pintu 3', '3.530834,98.737646', '', '', 1, 1, '2020-12-14 10:43:50'),
(1062, 8, 3, 2, 257, 'Jl. Karya Jaya No. 146', '3.529349,98.676531', '', '-', 0, 1, '2020-12-14 10:45:49'),
(1063, 8, 3, 2, 227, 'Jl raden saleh dalam No.10', '3.589318,98.677325', 'Selesai di tgl 28 ganti hari rabu', '-', 0, 1, '2020-12-14 10:57:01'),
(1064, 8, 3, 2, 217, 'Jl. Asrama, RS Hermina Medan, Sei Sikambing atau Jl. Asrama, Komplek Bumi Asrk No A16', '3.595367,98.627378', 'Siap tanggal 23 mengganti hari rabu', '', 0, 1, '2020-12-14 10:57:38'),
(1065, 8, 3, 2, 189, '(Dinner) Jl. Puri Gg. K Alimun no 28/59B (masuk gang, mentok belok kiri)', '3.578560,98.688845', '', '-', 0, 1, '2020-12-14 10:58:18'),
(1066, 8, 3, 2, 165, 'Jl s parman no 217, cambridge apartemen tower picasso lantai 21 (dari zainul arifin, pas sebelum tanjakan turun starbucks cambridge ada gerbang besi, drop off ke security sana saja).', '3.584218,98.667676', 'Siap tanggal 28 ganti hari rabu', '( dari zainul arifin, pas sebelum tanjakan turun starbucks cambridge ada gerbang besi, drop off ke security sana saja )', 0, 1, '2020-12-14 10:59:29'),
(1067, 8, 3, 2, 162, 'JL. Mojopahit ujung No. 69A', '3.575552,98.665248', 'PAKAI MENU LUNCH Siap tanggal 28 ganti hari rabu', '(Depan Yona Cafe) Pagar htam yg ada ring basket', 0, 1, '2020-12-14 10:59:55'),
(1068, 8, 4, 1, 257, 'Jl. Karya Jaya No. 146', '3.529349,98.676531', '', '-', 0, 1, '2020-12-14 11:10:00'),
(1070, 8, 4, 1, 258, 'Polda sumut pintu 3', '3.530834,98.737646', '', '', 1, 1, '2020-12-14 11:11:00'),
(1071, 8, 4, 1, 214, 'Jl. Rahmadsyah 416-C Medan (praktek dr.muzahar, sebelah gg sekolah)', '3.5794745, 98.6953237', 'Ganti hari rabu', '', 0, 1, '2020-12-14 11:11:30'),
(1074, 8, 4, 1, 253, 'Jl.Dr sumarsono No 16', '3.569542,98.657452', '', '', 0, 1, '2020-12-14 11:14:33'),
(1075, 8, 4, 1, 227, 'Jl raden saleh dalam No.10', '3.589318,98.677325', 'Selesai di tgl 28 ganti hari rabu', '-', 0, 1, '2020-12-14 11:20:31'),
(1076, 8, 4, 1, 217, 'Jl. Asrama, RS Hermina Medan, Sei Sikambing atau Jl. Asrama, Komplek Bumi Asrk No A16', '3.595367,98.627378', 'Siap tanggal 23 mengganti hari rabu', '', 0, 1, '2020-12-14 11:21:19'),
(1077, 8, 4, 1, 212, 'BCA B&G tower (JW Mariot)', '3.596149,98.675886', 'Selesai tgl 21 ganti hari rabu', '', 0, 1, '2020-12-14 11:21:53'),
(1078, 8, 4, 1, 202, '(LUNCH) BCA ASIA SIMPANG LAMPUNG (samping bank UOB) jl. Asia no 184D titip satpam', '3.584527,98.691058', 'Selesai tgl 28 ganti hari rabu', '-LUNCH titip satpam. Harus sampe sebelum 11.45 !!', 0, 1, '2020-12-14 11:22:22'),
(1080, 8, 4, 1, 170, 'Garuda indonesia jl mongonsidi No.34A depan hermes', '3.571363,98.666801', 'Siap di tanngal 28 mengganti hari rabu', '', 0, 1, '2020-12-14 11:23:42'),
(1081, 8, 4, 2, 257, 'Jl. Karya Jaya No. 146', '3.529349,98.676531', '', '-', 1, 1, '2020-12-14 11:29:18'),
(1082, 8, 4, 2, 243, 'Oyo medan city homestay / turki family spa jln dr mansyur no 81.', '3.567458,98.647036', 'Skip16,24,30 desember', '-Harus SAMPE TANGAN sebelum 17.30.', 0, 1, '2020-12-14 11:30:05'),
(1083, 8, 4, 2, 227, 'Jl raden saleh dalam No.10', '3.589318,98.677325', 'Selesai di tgl 28 ganti hari rabu', '-', 0, 1, '2020-12-14 11:30:41'),
(1084, 8, 4, 2, 217, 'Jl. Asrama, RS Hermina Medan, Sei Sikambing atau Jl. Asrama, Komplek Bumi Asrk No A16', '3.595367,98.627378', 'Siap tanggal 23 mengganti hari rabu', '', 0, 1, '2020-12-14 11:31:09'),
(1085, 8, 4, 2, 189, '(Dinner) Jl. Puri Gg. K Alimun no 28/59B (masuk gang, mentok belok kiri)', '3.578560,98.688845', '', '-', 0, 1, '2020-12-14 11:31:44'),
(1086, 8, 4, 2, 165, 'Jl s parman no 217, cambridge apartemen tower picasso lantai 21 (dari zainul arifin, pas sebelum tanjakan turun starbucks cambridge ada gerbang besi, drop off ke security sana saja).', '3.584218,98.667676', 'Siap tanggal 28 ganti hari rabu', '( dari zainul arifin, pas sebelum tanjakan turun starbucks cambridge ada gerbang besi, drop off ke security sana saja )', 0, 1, '2020-12-14 11:32:20'),
(1087, 8, 4, 2, 162, 'JL. Mojopahit ujung No. 69A', '3.575552,98.665248', 'PAKAI MENU LUNCH Siap tanggal 28 ganti hari rabu', '(Depan Yona Cafe) Pagar htam yg ada ring basket', 0, 1, '2020-12-14 11:32:49'),
(1088, 8, 5, 1, 257, 'Jl. Karya Jaya No. 146', '3.529349,98.676531', '', '-', 0, 1, '2020-12-14 11:41:50'),
(1089, 8, 5, 1, 258, 'Polda sumut pintu 3', '3.530834,98.737646', '', '', 1, 1, '2020-12-14 11:42:15'),
(1091, 8, 5, 1, 254, 'Jl. Rahmadsyah 416-C Medan (praktek dr.muzahar, sebelah gg sekolah)', '3.5794745, 98.6953237', '', '', 0, 1, '2020-12-14 11:42:47'),
(1092, 8, 5, 1, 253, 'Jl.Dr sumarsono No 16', '3.569542,98.657452', '', '', 0, 1, '2020-12-14 11:43:15'),
(1093, 8, 5, 1, 227, 'Jl raden saleh dalam No.10', '3.589318,98.677325', 'Selesai di tgl 28 ganti hari rabu', '-', 0, 1, '2020-12-14 11:43:32'),
(1094, 8, 5, 1, 217, 'Jl. Asrama, RS Hermina Medan, Sei Sikambing atau Jl. Asrama, Komplek Bumi Asrk No A16', '3.595367,98.627378', 'Siap tanggal 23 mengganti hari rabu', '', 0, 1, '2020-12-14 11:44:13'),
(1095, 8, 5, 1, 212, 'Jl sunggal komplek graha sunngal blok A no A7 ( toko besi bintang jaya )', '3.576280,98.617300', 'Selesai tgl 21 ganti hari rabu', '', 0, 1, '2020-12-14 11:44:49'),
(1096, 8, 5, 1, 202, '(LUNCH) BCA ASIA SIMPANG LAMPUNG (samping bank UOB) jl. Asia no 184D titip satpam', '3.584527,98.691058', 'Selesai tgl 28 ganti hari rabu', '-LUNCH titip satpam. Harus sampe sebelum 11.45 !!', 0, 1, '2020-12-14 11:45:11'),
(1098, 8, 5, 2, 257, 'Jl. Karya Jaya No. 146', '3.529349,98.676531', '', '-', 0, 1, '2020-12-14 11:47:34'),
(1099, 8, 5, 2, 227, 'Jl raden saleh dalam No.10', '3.589318,98.677325', 'Selesai di tgl 28 ganti hari rabu', '-', 0, 1, '2020-12-14 11:47:55');
INSERT INTO `catering_order_detail` (`id`, `catering_order_batch_id`, `day_id`, `time_order`, `buyer_id`, `address`, `latlong`, `notes`, `driver_notes`, `is_out_of_range`, `is_active`, `created_time`) VALUES
(1100, 8, 5, 2, 217, 'Jl. Asrama, RS Hermina Medan, Sei Sikambing atau Jl. Asrama, Komplek Bumi Asrk No A16', '3.595367,98.627378', 'Siap tanggal 23 mengganti hari rabu', '', 0, 1, '2020-12-14 11:48:20'),
(1101, 8, 5, 2, 243, 'Oyo medan city homestay / turki family spa jln dr mansyur no 81.', '3.567458,98.647036', 'Skip16,24,30 desember', '-Harus SAMPE TANGAN sebelum 17.30.', 0, 1, '2020-12-14 11:48:45'),
(1102, 8, 5, 2, 189, '(Dinner) Jl. Puri Gg. K Alimun no 28/59B (masuk gang, mentok belok kiri)', '3.578560,98.688845', '', '-', 0, 1, '2020-12-14 11:49:04'),
(1103, 8, 5, 2, 165, 'Jl s parman no 217, cambridge apartemen tower picasso lantai 21 (dari zainul arifin, pas sebelum tanjakan turun starbucks cambridge ada gerbang besi, drop off ke security sana saja).', '3.584218,98.667676', 'Siap tanggal 28 ganti hari rabu', '( dari zainul arifin, pas sebelum tanjakan turun starbucks cambridge ada gerbang besi, drop off ke security sana saja )', 0, 1, '2020-12-14 11:49:28'),
(1104, 8, 5, 2, 162, 'JL. Mojopahit ujung No. 69A', '3.575552,98.665248', 'PAKAI MENU LUNCH Siap tanggal 28 ganti hari rabu', '(Depan Yona Cafe) Pagar htam yg ada ring basket', 0, 1, '2020-12-14 11:49:52'),
(1105, 8, 2, 1, 259, 'Platinum garden katamso sebelah sekolah wr supratman Blok A17', '3.545625,98.687222', '', '', 0, 1, '2020-12-14 13:56:57'),
(1106, 8, 3, 1, 259, 'Platinum garden katamso sebelah sekolah wr supratman Blok A17', '3.545625,98.687222', '', '', 0, 1, '2020-12-14 13:57:33'),
(1107, 8, 4, 1, 259, 'Platinum garden katamso sebelah sekolah wr supratman Blok A17', '3.545625,98.687222', '', '', 0, 1, '2020-12-14 13:57:58'),
(1108, 8, 5, 1, 259, 'Platinum garden katamso sebelah sekolah wr supratman Blok A17', '3.545625,98.687222', '', '', 0, 1, '2020-12-14 13:58:59'),
(1109, 8, 2, 2, 257, 'Jl. Karya Jaya No. 146', '3.529349,98.676531', '', '-', 0, 1, '2020-12-14 15:26:41'),
(1110, 8, 3, 1, 261, 'Jl.sei bahorok gg mesjid No 20', '3.578541,98.654547', '', '', 0, 1, '2020-12-14 15:37:16'),
(1111, 8, 2, 1, 162, 'JL. Mojopahit ujung No. 69A', '3.575552,98.665248', 'PAKAI MENU LUNCH Siap tanggal 28 ganti hari rabu', '(Depan Yona Cafe) Pagar htam yg ada ring basket', 0, 1, '2020-12-14 15:47:36'),
(1112, 8, 2, 2, 254, 'Jl. Rahmadsyah 416-C Medan (praktek dr.muzahar, sebelah gg sekolah)', '3.5794745, 98.6953237', '', '', 0, 1, '2020-12-14 16:25:13'),
(1113, 8, 3, 2, 254, 'Jl. Rahmadsyah 416-C Medan (praktek dr.muzahar, sebelah gg sekolah)', '3.5794745, 98.6953237', '', '', 0, 1, '2020-12-15 00:34:38'),
(1114, 8, 4, 2, 254, 'Jl. Rahmadsyah 416-C Medan (praktek dr.muzahar, sebelah gg sekolah)', '3.5794745, 98.6953237', '', '', 0, 1, '2020-12-15 00:35:51'),
(1115, 8, 5, 2, 254, 'Jl. Rahmadsyah 416-C Medan (praktek dr.muzahar, sebelah gg sekolah)', '3.5794745, 98.6953237', '', '', 0, 1, '2020-12-15 00:36:44'),
(1116, 8, 3, 1, 262, 'Jl.pabrik tenun No 92', '3.598892,98.656305', '', '', 0, 1, '2020-12-15 08:10:59'),
(1117, 8, 4, 1, 262, 'Jl.pabrik tenun No 92', '3.598892,98.656305', '', '', 0, 1, '2020-12-15 08:11:45'),
(1118, 8, 5, 1, 262, 'Jl.pabrik tenun No 92', '3.598892,98.656305', '', '', 0, 1, '2020-12-15 08:13:19'),
(1119, 8, 5, 1, 264, 'PT.Asia sakti wah8d foods jl.pertahanan I No 7', '3.5383408,98.7200040', '', '', 0, 1, '2020-12-15 09:27:56'),
(1120, 8, 3, 1, 248, 'Tirta investama jl kapten soemarsono No 74', '3.615893,98.641688', 'Dinner di kirim ke jalan kenanga sari No 17b', '', 0, 1, '2020-12-15 10:58:05'),
(1121, 8, 3, 2, 248, 'Jl kenangan sari No 17b', '3.561769,98.639391', 'Dinner di kirim ke jalan kenanga sari No 17b', '', 0, 1, '2020-12-15 10:59:15'),
(1122, 8, 3, 1, 265, 'Jln ampera 2 komp bank indonesia no 29 kel sei sikambing C mdn helvetia', '3.595008,98.630441', '', '', 0, 1, '2020-12-15 13:37:51'),
(1123, 8, 4, 1, 265, 'Jln ampera 2 komp bank indonesia no 29 kel sei sikambing C mdn helvetia', '3.595008,98.630441', '', '', 0, 1, '2020-12-15 13:38:40'),
(1124, 8, 3, 2, 265, 'Jln ampera 2 komp bank indonesia no 29 kel sei sikambing C mdn helvetia', '3.595008,98.630441', '', '', 0, 1, '2020-12-15 15:02:41'),
(1125, 8, 4, 1, 268, 'Jl sei arakundo No 32', '3.587518,98.650646', '', '', 0, 1, '2020-12-16 03:43:25'),
(1126, 8, 5, 1, 265, 'Jln ampera 2 komp bank indonesia no 29 kel sei sikambing C mdn helvetia', '3.595008,98.630441', '', '', 0, 1, '2020-12-16 03:46:59'),
(1127, 8, 5, 1, 268, 'Jl sei arakundo No 32', '3.587518,98.650646', '', '', 0, 1, '2020-12-16 03:47:28'),
(1128, 8, 5, 2, 265, 'Jln ampera 2 komp bank indonesia no 29 kel sei sikambing C mdn helvetia', '3.595008,98.630441', '', '', 0, 1, '2020-12-16 03:47:57'),
(1129, 8, 5, 2, 268, 'Jl sei arakundo No 32', '3.587518,98.650646', '', '', 0, 1, '2020-12-16 03:48:34'),
(1130, 8, 4, 2, 265, 'Jln ampera 2 komp bank indonesia no 29 kel sei sikambing C mdn helvetia', '3.595008,98.630441', '', '', 0, 1, '2020-12-16 03:49:13'),
(1131, 8, 4, 2, 268, 'Jl sei arakundo No 32', '3.587518,98.650646', '', '', 0, 1, '2020-12-16 03:49:33'),
(1132, 8, 4, 1, 270, 'Gedung PT Bank Sumut. Lantai 6 Div Ops CLAK. Jl Imam Bonjol No 18 Medan', '3.583235,98.675070', '', '', 0, 1, '2020-12-16 08:26:34'),
(1133, 8, 5, 1, 270, 'Gedung PT Bank Sumut. Lantai 6 Div Ops CLAK. Jl Imam Bonjol No 18 Medan', '3.583235,98.675070', '', '', 0, 1, '2020-12-16 08:27:51'),
(1134, 8, 5, 1, 272, 'Jl Dr sumarsono No 4 (dibelakang RS USU)', '3.569560,98.658666', 'Hanya 4 hari', '', 0, 1, '2020-12-16 10:58:30'),
(1135, 8, 4, 1, 274, 'Jl M.Idris No 45 B', '3.594258,98.658122', '', '', 0, 1, '2020-12-17 00:42:25'),
(1136, 8, 5, 1, 274, 'Jl M.Idris No 45 B', '3.596204,98.658964', '', '', 0, 1, '2020-12-17 00:54:33'),
(1137, 8, 4, 2, 276, 'Jl M. idris No.45B', '3.596204,98.658964', '', '', 0, 1, '2020-12-17 00:55:16'),
(1139, 8, 4, 2, 278, 'Klinik Artdenta II . jln gagak hitam ringroad sebelah dokter hewan', '3.577964,98.626742', '', '', 0, 1, '2020-12-17 01:01:02'),
(1140, 8, 5, 2, 276, 'Jl M. idris No.45B', '3.596204,98.658964', '', '', 0, 1, '2020-12-17 01:03:21'),
(1141, 8, 5, 2, 278, 'Klinik Artdenta II . jln gagak hitam ringroad sebelah dokter hewan', '3.577964,98.626742', '', '', 0, 1, '2020-12-17 01:03:48'),
(1142, 8, 5, 1, 231, 'Jl bunga asoka komplek asoka raya residance blok d57. Ringroad medan', '3.564046,98.622653', '', '', 0, 1, '2020-12-17 05:57:43'),
(1143, 8, 5, 1, 261, 'Jl.sei bahorok gg mesjid No 20', '3.578541,98.654547', '', '', 0, 1, '2020-12-17 06:23:16'),
(1144, 8, 5, 1, 281, 'Jl.laksana no 5 imma kostsamping travel bombai dpan PDAM', '3.579271,98.691137', '', '', 0, 1, '2020-12-17 15:23:49'),
(1145, 9, 1, 1, 298, 'Bank syariah mandiri KC Medan kampung baru jalan Brigjend Katamso No 717 AB.', '3.551787,98.688690', 'Paket promo lunch', '', 0, 1, '2020-12-20 16:07:56'),
(1146, 9, 1, 1, 296, '(LUNCH) BCA ASIA SIMPANG LAMPUNG (samping bank UOB) jl. Asia no 184D titip satpam', '3.584527,98.691058', 'Skip tanggal 9,24,25,26,27,31,1,2,3desember', '-LUNCH titip satpam. Harus sampe sebelum 11.45 !!', 0, 1, '2020-12-20 16:08:11'),
(1147, 9, 1, 1, 294, 'Jl. r.a kartini. no. 26 / Tamoe coffee and resto', '3.5800774,98.6741466', 'Paket promo lunch', '', 0, 1, '2020-12-20 16:08:26'),
(1149, 9, 1, 1, 292, 'BCA B&G tower (JW Mariot)', '3.596149,98.675886', 'Paket promo lunch', '', 0, 1, '2020-12-20 16:09:27'),
(1150, 9, 1, 1, 288, 'Jl.S. Parman No. 261B/67 (Kantor Darmawan) .', '3.578310,98.666747', 'Paket promo lunch+dinner', '', 0, 1, '2020-12-20 16:09:42'),
(1151, 9, 1, 1, 286, 'Jl. Tridharma No. 148 USU', '3.557195,98.652489', 'Paket promo lunch', '', 0, 1, '2020-12-20 16:10:01'),
(1152, 9, 1, 1, 285, 'Hotel oyo angrek', '3.533112,98.622670', '', '', 1, 1, '2020-12-20 16:10:26'),
(1153, 9, 1, 1, 284, 'Jl bahagia No 50 sukaraja juanda', '3.571451,98.683794', '', '', 0, 1, '2020-12-20 16:10:47'),
(1154, 9, 1, 1, 283, 'Pantai timur jln. Karya no. 55 A kodam kampung lalang, Kel. cinta damai', '3.606592,98.664839', '', '', 0, 1, '2020-12-20 16:11:09'),
(1155, 9, 1, 1, 282, 'Jl.laksana no 5 imma kostsamping travel bombai dpan PDAM', '3.579271,98.691137', '', '', 0, 1, '2020-12-20 16:11:29'),
(1156, 9, 1, 1, 280, 'Jl Catur No 17,Kelurahan pasar merah', '3.569393,98.694710', '', '', 0, 1, '2020-12-20 16:11:51'),
(1157, 9, 1, 1, 275, 'Jl M.Idris No 5 B', '3.594258,98.658122', '', '', 0, 1, '2020-12-20 16:12:48'),
(1158, 9, 1, 1, 273, 'Jl Dr sumarsono No 4 (dibelakang RS USU)', '3.569560,98.658666', 'Hanya 4 hari', '', 0, 1, '2020-12-20 16:13:28'),
(1159, 9, 1, 1, 271, 'Gedung PT Bank Sumut. Lantai 6 Div Ops CLAK. Jl Imam Bonjol No 18 Medan', '3.583235,98.675070', '', '', 0, 1, '2020-12-20 16:14:06'),
(1160, 9, 1, 1, 269, 'Jl sei arakundo No 32', '3.587518,98.650646', '', '', 0, 1, '2020-12-20 16:14:32'),
(1161, 9, 1, 1, 267, 'Jl karya wisata komplek villa kencana no 34 b medan johor', '3.516988,98.658039', '', '', 1, 1, '2020-12-20 16:14:53'),
(1162, 9, 1, 1, 266, 'Jln ampera 2 komp bank indonesia no 29 kel sei sikambing C mdn helvetia', '3.595008,98.630441', '', '', 0, 1, '2020-12-20 16:15:15'),
(1163, 9, 1, 1, 263, 'Jl.pabrik tenun No 92', '3.598892,98.656305', '', '', 0, 1, '2020-12-20 16:15:42'),
(1164, 9, 1, 1, 260, 'Platinum garden katamso sebelah sekolah wr supratman Blok A17', '3.545625,98.687222', '', '', 0, 1, '2020-12-20 16:16:03'),
(1165, 9, 1, 1, 256, 'Jl.suka bakti No 20', '3.545629,98.694317', 'Kamis jumat skip siap tanggal 22', '', 0, 1, '2020-12-20 16:16:40'),
(1166, 9, 1, 1, 247, 'Perumahan Medan Resort City (Mercy) Rotterdam blok K06 kec.Deli Tua', '3.512107,98.675058', 'Skip tgl 9,24,25,26,27,31,1,2,3 desember', '', 1, 1, '2020-12-20 16:17:09'),
(1167, 9, 1, 1, 228, 'Jl raden saleh dalam No.10', '3.589318,98.677325', 'Skip tgl 9,24,25,26,27,31,1,2,3 desember', '-', 0, 1, '2020-12-20 16:18:38'),
(1168, 9, 1, 1, 218, 'Jl. Asrama, RS Hermina Medan, Sei Sikambing atau Jl. Asrama, Komplek Bumi Asrk No A16', '3.595367,98.627378', 'Skip tgl 9,24,25, desember', '', 0, 1, '2020-12-20 16:19:18'),
(1169, 9, 1, 1, 182, 'Jl. abadi zilenia residence b8 .', '3.573246,98.629408', 'Skip tgl 9,24,25,26,27,31,1,2,3 desember', '-', 0, 1, '2020-12-20 16:19:45'),
(1171, 9, 1, 2, 228, 'Jl raden saleh dalam No.10', '3.589318,98.677325', 'Skip tgl 9,24,25,26,27,31,1,2,3 desember', '-', 0, 1, '2020-12-20 16:28:33'),
(1172, 9, 1, 2, 190, '(Dinner) Jl. Puri Gg. K Alimun no 28/59B (masuk gang, mentok belok kiri)', '3.578560,98.688845', 'Skip tgl 9,24,25,26,27,31,1,2,3 desember', '-', 0, 1, '2020-12-20 16:29:16'),
(1173, 9, 1, 2, 285, 'Hotel oyo angrek', '3.533112,98.622670', '', '', 1, 1, '2020-12-20 16:29:46'),
(1174, 9, 1, 2, 290, 'Jl Pancur Batu No. 18-F, daerag madong lubis, Sei Kera', '3.596541,98.691593', 'Paket promo lunch+dinner', '', 0, 1, '2020-12-20 16:30:07'),
(1175, 9, 1, 2, 284, 'Jl bahagia No 50 sukaraja juanda', '3.571451,98.683794', '', '', 0, 1, '2020-12-20 16:31:01'),
(1176, 9, 1, 2, 277, 'Jl M. idris No.45B', '3.596204,98.658964', '', '', 0, 1, '2020-12-20 16:31:22'),
(1178, 9, 1, 2, 279, 'Klinik Artdenta II . jln gagak hitam ringroad sebelah dokter hewan', '3.577979,98.626744', '', '', 0, 1, '2020-12-20 16:35:21'),
(1179, 9, 1, 2, 269, 'Jl sei arakundo No 32', '3.587518,98.650646', '', '', 0, 1, '2020-12-20 16:35:39'),
(1180, 9, 1, 2, 267, 'Jl karya wisata komplek villa kencana no 34 b medan johor', '3.516988,98.658039', 'Senin&rabu(lunch+dinner) selasa (lunch)', '', 1, 1, '2020-12-20 16:35:57'),
(1181, 9, 1, 2, 266, 'Jln ampera 2 komp bank indonesia no 29 kel sei sikambing C mdn helvetia', '3.595008,98.630441', '', '', 0, 1, '2020-12-20 16:36:13'),
(1182, 9, 1, 2, 247, 'Perumahan Medan Resort City (Mercy) Rotterdam blok K06 kec.Deli Tua', '3.512107,98.675058', 'Skip tgl 9,24,25,26,27,31,1,2,3 desember', '', 1, 1, '2020-12-20 16:38:01'),
(1183, 9, 1, 2, 244, 'Oyo medan city homestay / turki family spa jln dr mansyur no 81.', '3.567458,98.647036', 'Skip16,24,25,26,27,30,31,1,2,3', '-Harus SAMPE TANGAN sebelum 17.30.', 0, 1, '2020-12-20 16:38:22'),
(1184, 9, 1, 2, 236, 'Jl s parman no 217, cambridge apartemen tower picasso lantai 21 (dari zainul arifin, pas sebelum tanjakan turun starbucks cambridge ada gerbang besi, drop off ke security sana saja).', '3.584218,98.667676', 'Skip tgl 9 desember', '( dari zainul arifin, pas sebelum tanjakan turun starbucks cambridge ada gerbang besi, drop off ke security sana saja )', 0, 1, '2020-12-20 16:38:35'),
(1185, 9, 1, 2, 163, 'JL... Mojopahit.. ujung.. No... 69.. A.. (Depan.. Yona.. Cafe)... Pagar.. htam.. yg.. ada.. ring.. basket... Medan.. 20153', '3.575552,98.665248', 'PAKAI.. MENU.. LUNCH skip tgl 9,24,25,26,27,31,1,2,3 desember', '(Depan.. Yona.. Cafe).. Pagar.. htam.. yg.. ada.. ring.. basket.. ', 0, 1, '2020-12-20 16:38:54'),
(1186, 9, 1, 2, 218, 'Jl. Asrama, RS Hermina Medan, Sei Sikambing atau Jl. Asrama, Komplek Bumi Asrk No A16', '3.595367,98.627378', 'Skip tgl 9,24,25, desember', '', 0, 1, '2020-12-20 16:39:11'),
(1187, 9, 1, 2, 303, 'jl karya wisata komplek grand johor permai no A 11.', '3.517643,98.662122', 'Senin(dinner) selasa&rabu (lunch+dinner)', '', 1, 1, '2020-12-21 03:20:13'),
(1188, 9, 1, 2, 273, 'Jl Dr sumarsono No 4 (dibelakang RS USU)', '3.569560,98.658666', 'Hanya 4 hari selasa dinner rabu lunch', '', 0, 1, '2020-12-21 05:39:37'),
(1189, 9, 2, 1, 304, 'Jl.sei bahorok gg mesjid No 20', '3.578541,98.654547', '', '', 0, 1, '2020-12-21 07:26:24'),
(1190, 9, 2, 1, 303, 'jl karya wisata komplek grand johor permai no A 11.', '3.517643,98.662122', 'Senin(dinner) selasa&rabu (lunch+dinner)', '', 1, 1, '2020-12-21 07:26:58'),
(1191, 9, 2, 1, 298, 'Bank syariah mandiri KC Medan kampung baru jalan Brigjend Katamso No 717 AB.', '3.551787,98.688690', 'Paket promo lunch', '', 0, 1, '2020-12-21 07:27:38'),
(1192, 9, 2, 1, 296, '(LUNCH) BCA ASIA SIMPANG LAMPUNG (samping bank UOB) jl. Asia no 184D titip satpam', '3.584527,98.691058', 'Skip tanggal 9,24,25,26,27,31,1,2,3desember', '-LUNCH titip satpam. Harus sampe sebelum 11.45 !!', 0, 1, '2020-12-21 07:28:38'),
(1193, 9, 2, 1, 228, 'Jl raden saleh dalam No.10', '3.589318,98.677325', 'Skip tgl 9,24,25,26,27,31,1,2,3 desember', '-', 0, 1, '2020-12-21 07:29:04'),
(1194, 9, 2, 1, 294, 'Jl. r.a kartini. no. 26 / Tamoe coffee and resto', '3.5800774,98.6741466', 'Paket promo lunch', '', 0, 1, '2020-12-21 07:29:31'),
(1195, 9, 2, 1, 292, 'BCA B&G tower (JW Mariot)', '3.596149,98.675886', 'Paket promo lunch', '', 0, 1, '2020-12-21 07:29:56'),
(1196, 9, 2, 1, 288, 'Jl.S. Parman No. 261B/67 (Kantor Darmawan) .', '3.578310,98.666747', 'Paket promo lunch+dinner', '', 0, 1, '2020-12-21 07:30:24'),
(1197, 9, 2, 1, 286, 'Jl. Tridharma No. 148 USU', '3.557195,98.652489', 'Paket promo lunch', '', 0, 1, '2020-12-21 07:30:58'),
(1198, 9, 2, 1, 285, 'Hotel oyo angrek', '3.533112,98.622670', '', '', 1, 1, '2020-12-21 07:31:25'),
(1199, 9, 2, 1, 284, 'Jl bahagia No 50 sukaraja juanda', '3.571451,98.683794', '', '', 0, 1, '2020-12-21 07:31:58'),
(1201, 9, 2, 1, 282, 'Jl.laksana no 5 imma kostsamping travel bombai dpan PDAM', '3.579271,98.691137', '', '', 0, 1, '2020-12-21 07:32:49'),
(1202, 9, 2, 1, 280, 'Jl Catur No 17,Kelurahan pasar merah', '3.569393,98.694710', '', '', 0, 1, '2020-12-21 07:33:09'),
(1203, 9, 2, 1, 275, 'Jl M.Idris No 5 B', '3.594258,98.658122', '', '', 0, 1, '2020-12-21 07:33:47'),
(1205, 9, 2, 1, 271, 'Gedung PT Bank Sumut. Lantai 6 Div Ops CLAK. Jl Imam Bonjol No 18 Medan', '3.583235,98.675070', 'Extend senen dan selasa', '', 0, 1, '2020-12-21 07:36:36'),
(1206, 9, 2, 1, 269, 'Jl sei arakundo No 32', '3.587518,98.650646', '', '', 0, 1, '2020-12-21 07:37:18'),
(1207, 9, 2, 1, 267, 'Jl karya wisata komplek villa kencana no 34 b medan johor', '3.516988,98.658039', 'Senin&rabu(lunch+dinner) selasa (lunch)', '', 1, 1, '2020-12-21 07:38:03'),
(1208, 9, 2, 1, 266, 'Jln ampera 2 komp bank indonesia no 29 kel sei sikambing C mdn helvetia', '3.595008,98.630441', '', '', 0, 1, '2020-12-21 07:40:09'),
(1209, 9, 2, 1, 263, 'Jl.pabrik tenun No 92', '3.598892,98.656305', '', '', 0, 1, '2020-12-21 07:40:55'),
(1210, 9, 2, 1, 247, 'Perumahan Medan Resort City (Mercy) Rotterdam blok K06 kec.Deli Tua', '3.512107,98.675058', 'Skip tgl 9,24,25,26,27,31,1,2,3 desember', '', 1, 1, '2020-12-21 07:41:23'),
(1211, 9, 2, 1, 218, 'Jl. Asrama, RS Hermina Medan, Sei Sikambing atau Jl. Asrama, Komplek Bumi Asrk No A16', '3.595367,98.627378', 'Skip tgl 9,24,25, desember', '', 0, 1, '2020-12-21 07:41:50'),
(1212, 9, 2, 1, 182, 'Jl. abadi zilenia residence b8 .', '3.573246,98.629408', 'Skip tgl 9,24,25,26,27,31,1,2,3 desember', '-', 0, 1, '2020-12-21 07:42:11'),
(1213, 9, 2, 1, 171, 'Garuda indonesia jl mongonsidi No.34A depan hermes', '3.571363,98.666801', 'Skip tgl 9,21,24,25,26,27,31,1,2,3 desember', '', 0, 1, '2020-12-21 07:42:49'),
(1214, 9, 2, 2, 303, 'jl karya wisata komplek grand johor permai no A 11.', '3.517643,98.662122', 'Senin(dinner) selasa&rabu (lunch+dinner)', '', 1, 1, '2020-12-21 07:51:25'),
(1215, 9, 2, 2, 190, '(Dinner) Jl. Puri Gg. K Alimun no 28/59B (masuk gang, mentok belok kiri)', '3.578560,98.688845', 'Skip tgl 9,24,25,26,27,31,1,2,3 desember', '-', 0, 1, '2020-12-21 07:52:39'),
(1216, 9, 2, 2, 285, 'Hotel oyo angrek', '3.533112,98.622670', '', '', 1, 1, '2020-12-21 07:55:06'),
(1217, 9, 2, 2, 284, 'Jl bahagia No 50 sukaraja juanda', '3.571451,98.683794', '', '', 0, 1, '2020-12-21 07:56:29'),
(1218, 9, 2, 2, 273, 'Jl Dr sumarsono No 4 (dibelakang RS USU)', '3.569560,98.658666', 'Hanya 4 hari selasa dinner rabu lunch', '', 0, 1, '2020-12-21 08:00:07'),
(1219, 9, 2, 2, 269, 'Jl sei arakundo No 32', '3.587518,98.650646', '', '', 0, 1, '2020-12-21 08:02:04'),
(1220, 9, 2, 2, 266, 'Jln ampera 2 komp bank indonesia no 29 kel sei sikambing C mdn helvetia', '3.595008,98.630441', '', '', 0, 1, '2020-12-21 08:02:47'),
(1222, 9, 2, 2, 244, 'Oyo medan city homestay / turki family spa jln dr mansyur no 81.', '3.567458,98.647036', 'Skip16,24,25,26,27,30,31,1,2,3', '-Harus SAMPE TANGAN sebelum 17.30.', 0, 1, '2020-12-21 08:09:30'),
(1223, 9, 2, 2, 228, 'Jl raden saleh dalam No.10', '3.589318,98.677325', 'Skip tgl 9,24,25,26,27,31,1,2,3 desember', '-', 0, 1, '2020-12-21 08:10:03'),
(1224, 9, 2, 2, 218, 'Jl. Asrama, RS Hermina Medan, Sei Sikambing atau Jl. Asrama, Komplek Bumi Asrk No A16', '3.595367,98.627378', 'Skip tgl 9,24,25, desember', '', 0, 1, '2020-12-21 08:10:40'),
(1225, 9, 2, 2, 163, 'JL... Mojopahit.. ujung.. No... 69.. A.. (Depan.. Yona.. Cafe)... Pagar.. htam.. yg.. ada.. ring.. basket... Medan.. 20153', '3.575552,98.665248', 'PAKAI.. MENU.. LUNCH skip tgl 9,24,25,26,27,31,1,2,3 desember', '(Depan.. Yona.. Cafe).. Pagar.. htam.. yg.. ada.. ring.. basket.. ', 0, 1, '2020-12-21 08:11:43'),
(1226, 9, 2, 2, 279, 'Klinik Artdenta II . jln gagak hitam ringroad sebelah dokter hewan', '3.577979,98.626744', '', '', 0, 1, '2020-12-21 13:53:27'),
(1227, 9, 2, 2, 277, 'Jl M. idris No.45B', '3.596204,98.658964', '', '', 0, 1, '2020-12-21 13:53:57'),
(1228, 9, 2, 2, 290, 'Jl Pancur Batu No. 18-F, daerag madong lubis, Sei Kera', '3.596541,98.691593', 'Paket promo lunch+dinner', '', 0, 1, '2020-12-21 13:54:32'),
(1229, 9, 2, 1, 256, 'Jl.suka bakti No 20', '3.545629,98.694317', 'Kamis jumat skip siap tanggal 22', '', 0, 1, '2020-12-21 14:07:03'),
(1230, 9, 2, 1, 283, 'Pantai timur jln. Karya no. 55 A kodam kampung lalang, Kel. cinta damai', '3.601013,98.613359', '', '', 0, 1, '2020-12-22 02:37:44'),
(1231, 9, 3, 1, 303, 'jl karya wisata komplek grand johor permai no A 11.', '3.517643,98.662122', 'Senin(dinner) selasa&rabu (lunch+dinner)', '', 1, 1, '2020-12-22 13:17:09'),
(1232, 9, 3, 1, 298, 'Bank syariah mandiri KC Medan kampung baru jalan Brigjend Katamso No 717 AB.', '3.551787,98.688690', 'Paket promo lunch', '', 0, 1, '2020-12-22 13:18:48'),
(1233, 9, 3, 1, 296, '(LUNCH) BCA ASIA SIMPANG LAMPUNG (samping bank UOB) jl. Asia no 184D titip satpam', '3.584527,98.691058', 'Skip tanggal 9,24,25,26,27,31,1,2,3desember', '-LUNCH titip satpam. Harus sampe sebelum 11.45 !!', 0, 1, '2020-12-22 13:19:14'),
(1235, 9, 3, 1, 292, 'BCA B&G tower (JW Mariot)', '3.596149,98.675886', 'Paket promo lunch', '', 0, 1, '2020-12-22 13:20:22'),
(1236, 9, 3, 1, 288, 'Jl.S. Parman No. 261B/67 (Kantor Darmawan) .', '3.578310,98.666747', 'Paket promo lunch+dinner', '', 0, 1, '2020-12-22 13:20:42'),
(1237, 9, 3, 1, 286, 'Jl. Tridharma No. 148 USU', '3.557195,98.652489', 'Paket promo lunch', '', 0, 1, '2020-12-22 13:21:14'),
(1238, 9, 3, 1, 285, 'Hotel oyo angrek', '3.533112,98.622670', '', '', 1, 1, '2020-12-22 13:21:35'),
(1239, 9, 3, 1, 284, 'Jl bahagia No 50 sukaraja juanda', '3.571451,98.683794', '', '', 0, 1, '2020-12-22 13:22:02'),
(1240, 9, 3, 1, 283, 'Pantai timur jln. Karya no. 55 A kodam kampung lalang, Kel. cinta damai', '3.601013,98.613359', '', '', 0, 1, '2020-12-22 13:22:50'),
(1241, 9, 3, 1, 282, 'Jl.laksana no 5 imma kostsamping travel bombai dpan PDAM', '3.579271,98.691137', '', '', 0, 1, '2020-12-22 13:23:11'),
(1242, 9, 3, 1, 280, 'Jl Catur No 17,Kelurahan pasar merah', '3.569393,98.694710', '', '', 0, 1, '2020-12-22 13:23:35'),
(1243, 9, 3, 1, 275, 'Jl M.Idris No 5 B', '3.594258,98.658122', '', '', 0, 1, '2020-12-22 13:23:56'),
(1244, 9, 3, 1, 273, 'Jl Dr sumarsono No 4 (dibelakang RS USU)', '3.569560,98.658666', 'Hanya 4 hari selasa dinner rabu lunch', '', 0, 1, '2020-12-22 13:24:21'),
(1245, 9, 3, 1, 269, 'Jl sei arakundo No 32', '3.587518,98.650646', '', '', 0, 1, '2020-12-22 13:24:44'),
(1246, 9, 3, 1, 267, 'Jl karya wisata komplek villa kencana no 34 b medan johor', '3.516988,98.658039', 'Senin&rabu(lunch+dinner) selasa (lunch)', '', 1, 1, '2020-12-22 13:25:02'),
(1247, 9, 3, 1, 228, 'Jl raden saleh dalam No.10', '3.589318,98.677325', 'Skip tgl 9,24,25,26,27,31,1,2,3 desember', '-', 0, 1, '2020-12-22 13:25:24'),
(1248, 9, 3, 1, 171, 'Garuda indonesia jl mongonsidi No.34A depan hermes', '3.571363,98.666801', 'Skip tgl 9,21,24,25,26,27,31,1,2,3 desember', '', 0, 1, '2020-12-22 13:25:54'),
(1249, 9, 3, 2, 228, 'Jl raden saleh dalam No.10', '3.589318,98.677325', 'Skip tgl 9,24,25,26,27,31,1,2,3 desember', '-', 0, 1, '2020-12-22 13:27:24'),
(1250, 9, 3, 2, 190, '(Dinner) Jl. Puri Gg. K Alimun no 28/59B (masuk gang, mentok belok kiri)', '3.578560,98.688845', 'Skip tgl 9,24,25,26,27,31,1,2,3 desember', '-', 0, 1, '2020-12-22 13:28:04'),
(1251, 9, 3, 2, 244, 'Oyo medan city homestay / turki family spa jln dr mansyur no 81.', '3.567458,98.647036', 'Skip16,24,25,26,27,30,31,1,2,3', '-Harus SAMPE TANGAN sebelum 17.30.', 0, 1, '2020-12-22 13:28:23'),
(1252, 9, 3, 2, 267, 'Jl karya wisata komplek villa kencana no 34 b medan johor', '3.516988,98.658039', 'Senin&rabu(lunch+dinner) selasa (lunch)', '', 1, 1, '2020-12-22 13:28:46'),
(1253, 9, 3, 2, 269, 'Jl sei arakundo No 32', '3.587518,98.650646', '', '', 0, 1, '2020-12-22 13:29:50'),
(1254, 9, 3, 2, 279, 'Klinik Artdenta II . jln gagak hitam ringroad sebelah dokter hewan', '3.577979,98.626744', '', '', 0, 1, '2020-12-22 13:30:19'),
(1255, 9, 3, 2, 277, 'Jl M. idris No.45B', '3.596204,98.658964', '', '', 0, 1, '2020-12-22 13:30:42'),
(1256, 9, 3, 2, 284, 'Jl bahagia No 50 sukaraja juanda', '3.571451,98.683794', '', '', 0, 1, '2020-12-22 13:31:12'),
(1257, 9, 3, 2, 285, 'Hotel oyo angrek', '3.533112,98.622670', '', '', 1, 1, '2020-12-22 13:31:32'),
(1258, 9, 3, 2, 290, 'Jl Pancur Batu No. 18-F, daerag madong lubis, Sei Kera', '3.596541,98.691593', 'Paket promo lunch+dinner', '', 0, 1, '2020-12-22 13:31:52'),
(1259, 9, 3, 2, 303, 'jl karya wisata komplek grand johor permai no A 11.', '3.517643,98.662122', 'Senin(dinner) selasa&rabu (lunch+dinner)', '', 1, 1, '2020-12-22 13:32:11'),
(1260, 9, 3, 2, 163, 'JL... Mojopahit.. ujung.. No... 69.. A.. (Depan.. Yona.. Cafe)... Pagar.. htam.. yg.. ada.. ring.. basket... Medan.. 20153', '3.575552,98.665248', 'PAKAI.. MENU.. LUNCH skip tgl 9,24,25,26,27,31,1,2,3 desember', '(Depan.. Yona.. Cafe).. Pagar.. htam.. yg.. ada.. ring.. basket.. ', 0, 1, '2020-12-22 13:32:39'),
(1261, 9, 3, 1, 271, 'Gedung PT Bank Sumut. Lantai 6 Div Ops CLAK. Jl Imam Bonjol No 18 Medan', '3.583235,98.675070', 'Extend senen dan selasa', '', 0, 1, '2020-12-22 14:30:15'),
(1262, 9, 3, 2, 218, 'Jl. Asrama, RS Hermina Medan, Sei Sikambing atau Jl. Asrama, Komplek Bumi Asrk No A16', '3.595367,98.627378', 'Skip tgl 9 desember', '', 0, 1, '2020-12-23 09:45:33'),
(1263, 10, 1, 1, 324, 'Jl. Asrama, RS Hermina Medan, Sei Sikambing atau Jl. Asrama, Komplek Bumi Asrk No A16', '3.595367,98.627378', 'Extend 1 hari', '', 0, 1, '2020-12-27 15:44:23'),
(1264, 10, 1, 1, 319, 'Gedung PT Bank Sumut. Lantai 6 Div Ops CLAK. Jl Imam Bonjol No 18 Medan', '3.583235,98.675070', 'Extend senen dan selasa', '', 0, 1, '2020-12-27 15:46:15'),
(1265, 10, 1, 1, 318, 'Hotel oyo angrek', '3.533112,98.622670', 'Skip tgl 24,25 desember', '', 1, 1, '2020-12-27 15:46:29'),
(1266, 10, 1, 1, 317, 'Jl bahagia No 50 sukaraja juanda', '3.571451,98.683794', 'Skip tgl 24,25 desember', '', 0, 1, '2020-12-27 15:46:42'),
(1267, 10, 1, 1, 316, 'Pantai timur jln. Karya no. 55 A kodam kampung lalang, Kel. cinta damai', '3.601013,98.613359', 'Skip 24,25 desember', '', 0, 1, '2020-12-27 15:47:00'),
(1268, 10, 1, 1, 314, 'Jl Catur No 17,Kelurahan pasar merah', '3.569393,98.694710', 'Skip 24,25 desember', '', 0, 1, '2020-12-27 15:47:22'),
(1269, 10, 1, 1, 311, 'Jl raden saleh dalam No.10', '3.589318,98.677325', 'Skip tgl 9,24,25, desember', '-', 0, 1, '2020-12-27 15:47:52'),
(1270, 10, 1, 1, 309, '(LUNCH) BCA ASIA SIMPANG LAMPUNG (samping bank UOB) jl. Asia no 184D titip satpam', '3.584527,98.691058', 'Skip tanggal 9,24,25,desember', '-LUNCH titip satpam. Harus sampe sebelum 11.45 !!', 0, 1, '2020-12-27 15:48:03'),
(1271, 10, 1, 1, 307, 'Garuda indonesia jl mongonsidi No.34A depan hermes', '3.571363,98.666801', 'Skip tgl 9,18,21,24,25,desember', '', 0, 1, '2020-12-27 15:48:29'),
(1273, 10, 1, 1, 299, 'Bank syariah mandiri KC Medan kampung baru jalan Brigjend Katamso No 717 AB.', '3.551787,98.688690', 'Paket promo lunch', '', 0, 1, '2020-12-27 15:50:12'),
(1274, 10, 1, 1, 295, 'Jl. r.a kartini. no. 26 / Tamoe coffee and resto', '3.5800774,98.6741466', 'Paket promo lunch skip 18 des', '', 0, 1, '2020-12-27 15:50:23'),
(1275, 10, 1, 1, 293, 'BCA B&G tower (JW Mariot)', '3.596149,98.675886', 'Paket promo lunch', '', 0, 1, '2020-12-27 15:50:37'),
(1276, 10, 1, 1, 289, 'Jl.S. Parman No. 261B/67 (Kantor Darmawan) .', '3.578310,98.666747', 'Paket promo lunch+dinner', '', 0, 1, '2020-12-27 15:50:56'),
(1277, 10, 1, 1, 287, 'Jl. Tridharma No. 148 USU', '3.557195,98.652489', 'Paket promo lunch', '', 0, 1, '2020-12-27 15:51:18'),
(1278, 10, 1, 1, 323, 'Jl. Cemara ujung 2a-2b medan', '3.628929,98.707356', 'Cmn 3 hari', 'toko bangunan sumber rezeki depan spbu haji anif cemara asri.', 1, 1, '2020-12-27 15:51:46'),
(1279, 10, 1, 1, 322, 'Jl stm sukajaya no 6  kel sukamaju.', '3.545559,98.690890', 'Hanya 3 hari', '', 0, 1, '2020-12-27 15:52:00'),
(1280, 10, 1, 2, 322, 'Jl stm sukajaya no 6  kel sukamaju.', '3.545559,98.690890', 'Hanya 3 hari', '', 0, 1, '2020-12-27 16:45:33'),
(1281, 10, 1, 2, 318, 'Hotel oyo angrek', '3.533112,98.622670', 'Skip tgl 24,25 desember', '', 1, 1, '2020-12-27 16:45:45'),
(1282, 10, 1, 2, 317, 'Jl bahagia No 50 sukaraja juanda', '3.571451,98.683794', 'Skip tgl 24,25 desember', '', 0, 1, '2020-12-27 16:45:59'),
(1283, 10, 1, 2, 315, 'Jl.laksana no 5 imma kostsamping travel bombai dpan PDAM', '3.579271,98.691137', 'Skip tgl 24', '', 0, 1, '2020-12-27 16:46:19'),
(1284, 10, 1, 2, 312, 'Oyo medan city homestay / turki family spa jln dr mansyur no 81.', '3.567458,98.647036', 'Skip16,24,25,30,31,1,2,3  belum di tambah hari nya', '-Harus SAMPE TANGAN sebelum 17.30.', 0, 1, '2020-12-27 16:46:31'),
(1285, 10, 1, 2, 311, 'Jl raden saleh dalam No.10', '3.589318,98.677325', 'Skip tgl 9,24,25, desember', '-', 0, 1, '2020-12-27 16:46:47'),
(1286, 10, 1, 2, 310, '(Dinner) Jl. Puri Gg. K Alimun no 28/59B (masuk gang, mentok belok kiri)', '3.578560,98.688845', 'Skip tgl 9,24,25,desember', '-', 0, 1, '2020-12-27 16:46:58'),
(1287, 10, 1, 2, 305, 'JL... Mojopahit.. ujung.. No... 69.. A.. (Depan.. Yona.. Cafe)... Pagar.. htam.. yg.. ada.. ring.. basket... Medan.. 20153', '3.575552,98.665248', 'PAKAI.. MENU.. LUNCH skip tgl 9,24,25 desember', '(Depan.. Yona.. Cafe).. Pagar.. htam.. yg.. ada.. ring.. basket.. ', 0, 1, '2020-12-27 16:47:13'),
(1288, 10, 1, 2, 291, 'Jl Pancur Batu No. 18-F, daerag madong lubis, Sei Kera', '3.596541,98.691593', 'Paket promo lunch+dinner', '', 0, 1, '2020-12-27 16:47:44'),
(1289, 10, 1, 1, 325, 'jl arifin no 1B Sitirejo II.', '3.552477,98.691760', '3 hari', '', 0, 1, '2020-12-27 17:32:07'),
(1290, 10, 1, 1, 301, 'Zania kos . Jln budi luhur .', '3.596136,98.632260', 'Setiap H-1 dikirimi alamat', '', 0, 1, '2020-12-28 03:09:45'),
(1291, 10, 1, 2, 326, 'Jl.M. Idris no 47', '3.596292,98.659113', 'Start diiner tgl 28 lunch 29 selesai dinner tgl 5 lunch tgl 6', 'Dinner sebelum jam 6', 0, 1, '2020-12-28 04:26:39'),
(1292, 10, 2, 1, 323, 'Jl. Cemara ujung 2a-2b medan', '3.628929,98.707356', 'Cmn 3 hari', 'toko bangunan sumber rezeki depan spbu haji anif cemara asri.', 1, 1, '2020-12-28 16:10:13'),
(1293, 10, 2, 1, 322, 'Jl stm sukajaya no 6  kel sukamaju.', '3.545559,98.690890', 'Hanya 3 hari', '', 0, 1, '2020-12-28 16:10:32'),
(1294, 10, 2, 1, 319, 'Gedung PT Bank Sumut. Lantai 6 Div Ops CLAK. Jl Imam Bonjol No 18 Medan', '3.583235,98.675070', 'Extend senen dan selasa', '', 0, 1, '2020-12-28 16:11:00'),
(1295, 10, 2, 1, 318, 'Hotel oyo angrek', '3.533112,98.622670', 'Skip tgl 24,25 desember', '', 1, 1, '2020-12-28 16:11:57'),
(1296, 10, 2, 1, 317, 'Jl bahagia No 50 sukaraja juanda', '3.571451,98.683794', 'Skip tgl 24,25 desember', '', 0, 1, '2020-12-28 16:12:31'),
(1297, 10, 2, 1, 316, 'Pantai timur jln. Karya no. 55 A kodam kampung lalang, Kel. cinta damai', '3.601013,98.613359', 'Skip 24,25 desember', '', 0, 1, '2020-12-28 16:12:57'),
(1298, 10, 2, 1, 314, 'Jl Catur No 17,Kelurahan pasar merah', '3.569393,98.694710', 'Skip 24,25 desember', '', 0, 1, '2020-12-28 16:13:28'),
(1299, 10, 2, 1, 311, 'Jl raden saleh dalam No.10', '3.589318,98.677325', 'Skip tgl 9,24,25, desember', '-', 0, 1, '2020-12-28 16:13:51'),
(1300, 10, 2, 1, 309, '(LUNCH) BCA ASIA SIMPANG LAMPUNG (samping bank UOB) jl. Asia no 184D titip satpam', '3.584527,98.691058', 'Skip tanggal 9,24,25,desember', '-LUNCH titip satpam. Harus sampe sebelum 11.45 !!', 0, 1, '2020-12-28 16:14:30'),
(1301, 10, 2, 1, 307, 'Garuda indonesia jl mongonsidi No.34A depan hermes', '3.571363,98.666801', 'Skip tgl 9,18,21,24,25,desember', '', 0, 1, '2020-12-28 16:15:03'),
(1302, 10, 2, 1, 301, 'Zania kos . Jln budi luhur .', '3.596136,98.632260', 'Setiap H-1 dikirimi alamat', '', 0, 1, '2020-12-28 16:15:28'),
(1303, 10, 2, 1, 299, 'Bank syariah mandiri KC Medan kampung baru jalan Brigjend Katamso No 717 AB.', '3.551787,98.688690', 'Paket promo lunch', '', 0, 1, '2020-12-28 16:16:04'),
(1304, 10, 2, 1, 295, 'Jl. r.a kartini. no. 26 / Tamoe coffee and resto', '3.5800774,98.6741466', 'Paket promo lunch skip 18 des', '', 0, 1, '2020-12-28 16:16:30'),
(1305, 10, 2, 1, 293, 'BCA B&G tower (JW Mariot)', '3.596149,98.675886', 'Paket promo lunch', '', 0, 1, '2020-12-28 16:16:57'),
(1306, 10, 2, 1, 289, 'Jl.S. Parman No. 261B/67 (Kantor Darmawan) .', '3.578310,98.666747', 'Paket promo lunch+dinner', '', 0, 1, '2020-12-28 16:17:28'),
(1307, 10, 2, 1, 287, 'Jl. Tridharma No. 148 USU', '3.557195,98.652489', 'Paket promo lunch', '', 0, 1, '2020-12-28 16:17:49'),
(1308, 10, 2, 1, 325, 'jl arifin no 1B Sitirejo II.', '3.552477,98.691760', '3 hari', '', 0, 1, '2020-12-28 16:18:11'),
(1309, 10, 2, 1, 326, 'Jl.M. Idris no 47', '3.596292,98.659113', 'Start diiner tgl 28 lunch 29 selesai dinner tgl 5 lunch tgl 6', 'Dinner sebelum jam 6', 0, 1, '2020-12-28 16:18:34'),
(1310, 10, 2, 2, 322, 'Jl stm sukajaya no 6  kel sukamaju.', '3.545559,98.690890', 'Hanya 3 hari', '', 0, 1, '2020-12-28 16:21:02'),
(1311, 10, 2, 2, 318, 'Hotel oyo angrek', '3.533112,98.622670', 'Skip tgl 24,25 desember', '', 1, 1, '2020-12-28 16:21:48'),
(1312, 10, 2, 2, 317, 'Jl bahagia No 50 sukaraja juanda', '3.571451,98.683794', 'Skip tgl 24,25 desember', '', 0, 1, '2020-12-28 16:23:50'),
(1313, 10, 2, 2, 312, 'Oyo medan city homestay / turki family spa jln dr mansyur no 81.', '3.567458,98.647036', 'Skip16,24,25,30,31,1,2,3  belum di tambah hari nya', '-Harus SAMPE TANGAN sebelum 17.30.', 0, 1, '2020-12-28 16:24:18'),
(1314, 10, 2, 2, 311, 'Jl raden saleh dalam No.10', '3.589318,98.677325', 'Skip tgl 9,24,25, desember', '-', 0, 1, '2020-12-28 16:24:43'),
(1316, 10, 2, 2, 291, 'Jl Pancur Batu No. 18-F, daerag madong lubis, Sei Kera', '3.596541,98.691593', 'Paket promo lunch+dinner', '', 0, 1, '2020-12-28 16:25:39'),
(1317, 10, 2, 2, 326, 'Jl.M. Idris no 47', '3.596292,98.659113', 'Start diiner tgl 28 lunch 29 selesai dinner tgl 5 lunch tgl 6', 'Dinner sebelum jam 6', 0, 1, '2020-12-28 16:26:04'),
(1318, 10, 2, 2, 310, '(Dinner) Jl. Puri Gg. K Alimun no 28/59B (masuk gang, mentok belok kiri)', '3.578560,98.688845', 'Skip tgl 9,24,25,desember', '-', 0, 1, '2020-12-28 16:26:57'),
(1319, 10, 2, 2, 323, 'Perumahan cemara asri. Jl. Sunkiss no. 8f', '3.634789,98.705026', 'Cmn 3 hari tambahan dinner selasa rabu tf 100k ke hanif', '', 1, 1, '2020-12-28 16:35:22'),
(1320, 10, 2, 2, 315, 'Jl.laksana no 5 imma kostsamping travel bombai dpan PDAM', '3.579271,98.691137', 'Skip tgl 31 des,1,januari belum ditambah hari', '', 0, 1, '2020-12-28 16:35:41'),
(1321, 10, 2, 1, 305, 'JL... Mojopahit.. ujung.. No... 69.. A.. (Depan.. Yona.. Cafe)... Pagar.. htam.. yg.. ada.. ring.. basket... Medan.. 20153', '3.575552,98.665248', 'PAKAI.. MENU.. LUNCH skip tgl 9,24,25 desember', '(Depan.. Yona.. Cafe).. Pagar.. htam.. yg.. ada.. ring.. basket.. ', 0, 1, '2020-12-29 02:07:43'),
(1322, 10, 3, 2, 295, 'Jl. r.a kartini. no. 26 / Tamoe coffee and resto', '3.5800774,98.6741466', 'Paket promo lunch skip 18 des tgl 30 diganti ke dinner', '', 0, 1, '2020-12-29 05:35:24'),
(1323, 10, 3, 1, 323, 'Jl. Cemara ujung 2a-2b medan', '3.628929,98.707356', 'Cmn 3 hari tambahan dinner selasa rabu tf 100k ke hanif', 'toko bangunan sumber rezeki depan spbu haji anif cemara asri.', 1, 1, '2020-12-29 16:07:49'),
(1324, 10, 3, 1, 322, 'Jl stm sukajaya no 6  kel sukamaju.', '3.545559,98.690890', 'Hanya 3 hari', '', 0, 1, '2020-12-29 16:08:08'),
(1326, 10, 2, 2, 311, 'Jl raden saleh dalam No.10', '3.589318,98.677325', 'Skip tgl 9,24,25, desember', '-', 0, 1, '2020-12-29 16:22:10'),
(1327, 10, 3, 1, 311, 'Jl raden saleh dalam No.10', '3.589318,98.677325', 'Skip tgl 9,24,25, desember', '-', 0, 1, '2020-12-29 16:22:32'),
(1328, 10, 3, 1, 309, '(LUNCH) BCA ASIA SIMPANG LAMPUNG (samping bank UOB) jl. Asia no 184D titip satpam', '3.584527,98.691058', 'Skip tanggal 9,24,25,desember', '-LUNCH titip satpam. Harus sampe sebelum 11.45 !!', 0, 1, '2020-12-29 16:22:50'),
(1329, 10, 3, 1, 307, 'Garuda indonesia jl mongonsidi No.34A depan hermes', '3.571363,98.666801', 'Skip tgl 9,18,21,24,25,desember', '', 0, 1, '2020-12-29 16:23:23'),
(1330, 10, 3, 1, 301, 'Zania kos . Jln budi luhur .', '3.596136,98.632260', 'Setiap H-1 dikirimi alamat', '', 0, 1, '2020-12-29 16:23:48'),
(1331, 10, 3, 1, 299, 'Bank syariah mandiri KC Medan kampung baru jalan Brigjend Katamso No 717 AB.', '3.551787,98.688690', 'Paket promo lunch', '', 0, 1, '2020-12-29 16:24:06'),
(1332, 10, 3, 1, 293, 'BCA B&G tower (JW Mariot)', '3.596149,98.675886', 'Paket promo lunch', '', 0, 1, '2020-12-29 16:24:24'),
(1333, 10, 3, 1, 289, 'Jl.S. Parman No. 261B/67 (Kantor Darmawan) .', '3.578310,98.666747', 'Paket promo lunch+dinner', '', 0, 1, '2020-12-29 16:24:47'),
(1334, 10, 3, 1, 287, 'Jl. Tridharma No. 148 USU', '3.557195,98.652489', 'Paket promo lunch', '', 0, 1, '2020-12-29 16:25:02'),
(1335, 10, 3, 1, 326, 'Jl.M. Idris no 47', '3.596292,98.659113', 'Start diiner tgl 28 lunch 29 selesai dinner tgl 5 lunch tgl 6', 'Dinner sebelum jam 6', 0, 1, '2020-12-29 16:25:42'),
(1336, 10, 3, 1, 325, 'jl arifin no 1B Sitirejo II.', '3.552477,98.691760', '3 hari', '', 0, 1, '2020-12-29 16:25:58'),
(1337, 10, 3, 2, 322, 'Jl stm sukajaya no 6  kel sukamaju.', '3.545559,98.690890', 'Hanya 3 hari', '', 0, 1, '2020-12-29 16:27:32'),
(1338, 10, 3, 2, 310, '(Dinner) Jl. Puri Gg. K Alimun no 28/59B (masuk gang, mentok belok kiri)', '3.578560,98.688845', 'Skip tgl 9,24,25,desember', '-', 0, 1, '2020-12-29 16:27:50'),
(1339, 10, 3, 2, 311, 'Jl raden saleh dalam No.10', '3.589318,98.677325', 'Skip tgl 9,24,25, desember', '-', 0, 1, '2020-12-29 16:28:07'),
(1340, 10, 3, 2, 312, 'Oyo medan city homestay / turki family spa jln dr mansyur no 81.', '3.567458,98.647036', 'Skip16,24,25,30,31,1,2,3  belum di tambah hari nya', '-Harus SAMPE TANGAN sebelum 17.30.', 0, 1, '2020-12-29 16:28:33'),
(1341, 10, 3, 2, 291, 'Jl Pancur Batu No. 18-F, daerag madong lubis, Sei Kera', '3.596541,98.691593', 'Paket promo lunch+dinner', '', 0, 1, '2020-12-29 16:28:59'),
(1342, 10, 3, 2, 305, 'JL... Mojopahit.. ujung.. No... 69.. A.. (Depan.. Yona.. Cafe)... Pagar.. htam.. yg.. ada.. ring.. basket... Medan.. 20153', '3.575552,98.665248', 'PAKAI.. MENU.. LUNCH skip tgl 9,24,25 desember', '(Depan.. Yona.. Cafe).. Pagar.. htam.. yg.. ada.. ring.. basket.. ', 0, 1, '2020-12-29 16:29:21'),
(1343, 10, 3, 2, 315, 'Jl.laksana no 5 imma kostsamping travel bombai dpan PDAM', '3.579271,98.691137', 'Skip tgl 31 des,1,januari belum ditambah hari', '', 0, 1, '2020-12-29 16:35:17'),
(1345, 10, 3, 2, 326, 'Jl.M. Idris no 47', '3.596292,98.659113', 'Start diiner tgl 28 lunch 29 selesai dinner tgl 5 lunch tgl 6', 'Dinner sebelum jam 6', 0, 1, '2020-12-29 16:36:35'),
(1346, 10, 3, 2, 323, 'Jl. Cemara ujung 2a-2b medan', '3.628929,98.707356', 'Cmn 3 hari tambahan dinner selasa rabu tf 100k ke hanif', 'toko bangunan sumber rezeki depan spbu haji anif cemara asri.', 1, 1, '2020-12-29 16:36:57'),
(1347, 10, 3, 1, 305, 'JL... Mojopahit.. ujung.. No... 69.. A.. (Depan.. Yona.. Cafe)... Pagar.. htam.. yg.. ada.. ring.. basket... Medan.. 20153', '3.575552,98.665248', 'PAKAI.. MENU.. LUNCH skip tgl 9,24,25 desember tgl 30 ikt lunch+dinner', '(Depan.. Yona.. Cafe).. Pagar.. htam.. yg.. ada.. ring.. basket.. ', 0, 1, '2020-12-29 18:24:50'),
(1348, 10, 3, 2, 330, 'Jl bunga wijaya kusuma XII no 70 E, rumah warna putih pagar hitam', '3.5478420,98.6467910', '', 'Rumah warna putih pagar hitam', 0, 1, '2020-12-30 08:24:40'),
(1350, 11, 1, 2, 306, 'JL... Mojopahit.. ujung.. No... 69.. A.. (Depan.. Yona.. Cafe)... Pagar.. htam.. yg.. ada.. ring.. basket... Medan.. 20153', '3.575552,98.665248', 'PAKAI.. MENU.. LUNCH skip tgl 9,24,25 desember', '(Depan.. Yona.. Cafe).. Pagar.. htam.. yg.. ada.. ring.. basket.. ', 0, 1, '2021-01-03 16:16:44'),
(1351, 11, 1, 1, 308, 'Garuda indonesia jl mongonsidi No.34A depan hermes', '3.571363,98.666801', 'Skip tgl 9,18,21,24,25,desember', '', 0, 1, '2021-01-03 16:17:00'),
(1352, 11, 1, 2, 313, 'Oyo medan city homestay / turki family spa jln dr mansyur no 81.', '3.567458,98.647036', 'Skip16,24,25,30,31,1,2,3  belum di tambah hari nya', '-Harus SAMPE TANGAN sebelum 17.30.', 0, 1, '2021-01-03 16:17:17'),
(1353, 11, 1, 1, 327, 'Jl.M. Idris no 47', '3.596292,98.659113', 'Start diiner tgl 28 lunch 29 selesai dinner tgl 5 lunch tgl 6', 'Dinner sebelum jam 6', 0, 1, '2021-01-03 16:17:29'),
(1354, 11, 1, 2, 327, 'Jl.M. Idris no 47', '3.596292,98.659113', 'Start diiner tgl 28 lunch 29 selesai dinner tgl 5 lunch tgl 6', 'Dinner sebelum jam 6', 0, 1, '2021-01-03 16:17:54'),
(1355, 11, 1, 1, 328, 'Jl stm sukajaya no 6  kel sukamaju.', '3.545559,98.690890', 'tambahan 1 hari saja ', '', 0, 1, '2021-01-03 16:18:34'),
(1356, 11, 1, 2, 328, 'Jl stm sukajaya no 6  kel sukamaju.', '3.545559,98.690890', 'tambahan 1 hari saja ', '', 0, 1, '2021-01-03 16:18:54'),
(1357, 11, 1, 1, 329, 'Jl.karya wisata No 135', '3.5245607,98.6630614', '', 'Toko ASTRI', 0, 1, '2021-01-03 16:19:07'),
(1358, 11, 1, 2, 329, 'Jl.karya wisata No 135', '3.5245607,98.6630614', '', 'Toko ASTRI', 0, 1, '2021-01-03 16:19:19'),
(1359, 11, 1, 2, 331, 'Jl. r.a kartini. no. 26 / Tamoe coffee and resto', '3.5800774,98.6741466', 'Senin&selasa dinner kamis lunch+dinner jumat lunch', '', 0, 1, '2021-01-03 16:19:38'),
(1360, 11, 1, 1, 332, 'Tirta investama jl kapten soemarsono No 74', '3.615893,98.641688', 'Dinner di kirim ke jalan kenanga sari No 17b  cmn 1 hari', '', 0, 1, '2021-01-03 16:19:55'),
(1361, 11, 1, 2, 332, 'Jln kenanga sari 17 b', '3.561769,98.639391', 'Dinner di kirim ke jalan kenanga sari No 17b  cmn 1 hari', '', 0, 1, '2021-01-03 16:20:06'),
(1362, 11, 1, 1, 333, 'BCA B&G tower (JW Mariot)', '3.596149,98.675886', '', '', 0, 1, '2021-01-03 16:20:23'),
(1363, 11, 1, 2, 336, 'Jl karya wisata komplek villa kencana no 34 b medan johor', '3.516988,98.658039', '2 minggu', '', 1, 1, '2021-01-03 16:20:49'),
(1364, 11, 1, 2, 338, 'Jl.laksana no 5 imma kostsamping travel bombai dpan PDAM', '3.579271,98.691137', 'Skip tgl 31 des,1,januari belum ditambah hari', '', 0, 1, '2021-01-03 16:21:08'),
(1365, 11, 1, 1, 341, 'Jl. Karya Jaya No. 146', '3.529349,98.676531', '', '-', 1, 1, '2021-01-04 00:51:44'),
(1366, 11, 1, 2, 341, 'Jl. Karya Jaya No. 146', '3.529349,98.676531', '', '-', 1, 1, '2021-01-04 01:29:11'),
(1367, 11, 1, 1, 302, 'Zania kost jln budi luhur', '3.596136,98.632260', 'Setiap H-1 dikirimi alamat', '', 0, 1, '2021-01-04 03:20:26'),
(1368, 11, 2, 1, 302, 'Zania kost jln budi luhur', '3.596136,98.632260', 'Setiap H-1 dikirimi alamat', '', 0, 1, '2021-01-04 14:45:27'),
(1369, 11, 2, 1, 308, 'Garuda indonesia jl mongonsidi No.34A depan hermes', '3.571363,98.666801', 'Skip tgl 9,18,21,24,25,desember', '', 0, 1, '2021-01-04 14:45:58'),
(1370, 11, 2, 1, 327, 'Jl.M. Idris no 47', '3.596292,98.659113', 'Start diiner tgl 28 lunch 29 selesai dinner tgl 5 lunch tgl 6', 'Dinner sebelum jam 6', 0, 1, '2021-01-04 14:46:28'),
(1371, 11, 2, 1, 329, 'Jl.karya wisata No 135', '3.5245607,98.6630614', '', 'Toko ASTRI', 0, 1, '2021-01-04 14:46:59'),
(1372, 11, 2, 1, 333, 'BCA B&G tower (JW Mariot)', '3.596149,98.675886', '', '', 0, 1, '2021-01-04 14:47:34'),
(1373, 11, 2, 1, 341, 'Jl. Karya Jaya No. 146', '3.529349,98.676531', '', '-', 1, 1, '2021-01-04 14:47:56'),
(1374, 11, 2, 1, 342, 'Platinum garden katamso sebelah sekolah wr supratman Blok A17', '3.545625,98.687222', '', '', 0, 1, '2021-01-04 14:48:16'),
(1375, 11, 2, 1, 344, 'Perumahan Medan Resort City (Mercy) Rotterdam blok K06 kec.Deli Tua', '3.512107,98.675058', 'Hanya 2 hari', '', 1, 1, '2021-01-04 14:48:41'),
(1377, 11, 2, 2, 313, 'Oyo medan city homestay / turki family spa jln dr mansyur no 81.', '3.567458,98.647036', 'Skip16,24,25,30,31,1,2,3  belum di tambah hari nya', '-Harus SAMPE TANGAN sebelum 17.30.', 0, 1, '2021-01-04 14:51:02'),
(1378, 11, 2, 2, 327, 'Jl.M. Idris no 47', '3.596292,98.659113', 'Start diiner tgl 28 lunch 29 selesai dinner tgl 5 lunch tgl 6', 'Dinner sebelum jam 6', 0, 1, '2021-01-04 14:52:46'),
(1379, 11, 2, 2, 329, 'Jl.karya wisata No 135', '3.5245607,98.6630614', '', 'Toko ASTRI', 0, 1, '2021-01-04 14:53:12'),
(1380, 11, 2, 2, 331, 'Jl. r.a kartini. no. 26 / Tamoe coffee and resto', '3.5800774,98.6741466', 'Senin&selasa dinner kamis lunch+dinner jumat lunch', '', 0, 1, '2021-01-04 14:53:44'),
(1381, 11, 2, 2, 336, 'Jl karya wisata komplek villa kencana no 34 b medan johor', '3.516988,98.658039', '2 minggu', '', 1, 1, '2021-01-04 14:54:01'),
(1382, 11, 2, 2, 338, 'Jl.laksana no 5 imma kostsamping travel bombai dpan PDAM', '3.579271,98.691137', 'Skip tgl 31 des,1,januari belum ditambah hari', '', 0, 1, '2021-01-04 14:54:29'),
(1383, 11, 2, 2, 341, 'Jl. Karya Jaya No. 146', '3.529349,98.676531', '', '-', 1, 1, '2021-01-04 14:55:19'),
(1384, 11, 2, 2, 344, 'Perumahan Medan Resort City (Mercy) Rotterdam blok K06 kec.Deli Tua', '3.512107,98.675058', 'Hanya 2 hari', '', 1, 1, '2021-01-04 14:55:40'),
(1385, 11, 2, 1, 345, 'Lab.klinik prodia. Jl.S Parman no 223FG', '3.583152,98.667407', '', '', 0, 1, '2021-01-05 00:57:37'),
(1386, 11, 2, 1, 306, 'JL... Mojopahit.. ujung.. No... 69.. A.. (Depan.. Yona.. Cafe)... Pagar.. htam.. yg.. ada.. ring.. basket... Medan.. 20153', '3.575552,98.665248', 'PAKAI.. MENU.. LUNCH skip tgl 9,24,25 desember', '(Depan.. Yona.. Cafe).. Pagar.. htam.. yg.. ada.. ring.. basket.. ', 0, 1, '2021-01-05 00:57:51'),
(1387, 11, 3, 1, 347, 'wahid hasyim no 14( dinas ketenagakerjaan)', '3.5758622,98.6575172', 'Rabu dan kamis lunch di wahid hasyim no 14( dinas ketenagakerjaan). Jumat lunch n diner n rabu. Kamis  diner di komp tasbj 1 blok RR no 22. ', '', 0, 1, '2021-01-05 08:46:30'),
(1388, 11, 4, 1, 347, 'wahid hasyim no 14( dinas ketenagakerjaan)', '3.5758622,98.6575172', 'Rabu dan kamis lunch di wahid hasyim no 14( dinas ketenagakerjaan). Jumat lunch n diner n rabu. Kamis  diner di komp tasbj 1 blok RR no 22. ', '', 0, 1, '2021-01-05 08:46:53'),
(1389, 11, 3, 2, 347, 'Komplek tasbi 1 blok RR no 22', '3.5690292, 98.6303820', 'Rabu dan kamis lunch di wahid hasyim no 14( dinas ketenagakerjaan). Jumat lunch n diner n rabu. Kamis  diner di komp tasbj 1 blok RR no 22. ', '', 0, 1, '2021-01-05 08:47:17'),
(1390, 11, 4, 2, 347, 'Komplek tasbi 1 blok RR no 22', '3.5690292, 98.6303820', 'Rabu dan kamis lunch di wahid hasyim no 14( dinas ketenagakerjaan). Jumat lunch n diner n rabu. Kamis  diner di komp tasbj 1 blok RR no 22. ', '', 0, 1, '2021-01-05 08:47:33'),
(1391, 11, 5, 1, 347, 'Komplek tasbi 1 blok RR No 22', '3.5690292, 98.6303820', 'Rabu dan kamis lunch di wahid hasyim no 14( dinas ketenagakerjaan). Jumat lunch n diner n rabu. Kamis  diner di komp tasbj 1 blok RR no 22. ', '', 0, 1, '2021-01-05 08:47:55'),
(1392, 11, 5, 2, 347, 'Komplek tasbi 1 blok RR no 22', '3.5690292,98.6303820', 'Rabu dan kamis lunch di wahid hasyim no 14( dinas ketenagakerjaan). Jumat lunch n diner n rabu. Kamis  diner di komp tasbj 1 blok RR no 22. ', '', 0, 1, '2021-01-05 09:41:27'),
(1393, 11, 3, 1, 349, 'Jl Sunkiss no 8f perum. Cemara asir', '3.6347744,98.7050225', 'Cuma 1 hari', '', 0, 1, '2021-01-05 14:25:40'),
(1394, 11, 3, 1, 345, 'Lab.klinik prodia. Jl.S Parman no 223FG', '3.583152,98.667407', '', '', 0, 1, '2021-01-05 14:26:37'),
(1395, 11, 3, 1, 341, 'Jl. Karya Jaya No. 146', '3.529349,98.676531', 'Tambahan 1 lunch+dinner dari selasa sampe jumat', '-', 1, 1, '2021-01-05 14:26:59'),
(1396, 11, 3, 1, 344, 'Perumahan Medan Resort City (Mercy) Rotterdam blok K06 kec.Deli Tua', '3.512107,98.675058', 'Hanya 2 hari', '', 1, 1, '2021-01-05 14:27:23'),
(1397, 11, 3, 1, 342, 'Platinum garden katamso sebelah sekolah wr supratman Blok A17', '3.545625,98.687222', '', '', 0, 1, '2021-01-05 14:27:51'),
(1398, 11, 3, 1, 333, 'BCA B&G tower (JW Mariot)', '3.596149,98.675886', '', '', 0, 1, '2021-01-05 14:28:20'),
(1399, 11, 3, 1, 329, 'Jl.karya wisata No 135', '3.5245607,98.6630614', '', 'Toko ASTRI', 0, 1, '2021-01-05 14:28:45'),
(1400, 11, 3, 1, 327, 'Jl.M. Idris no 47', '3.596292,98.659113', 'Start diiner tgl 28 lunch 29 selesai dinner tgl 5 lunch tgl 6', 'Dinner sebelum jam 6', 0, 1, '2021-01-05 14:29:21'),
(1401, 11, 3, 1, 308, 'Garuda indonesia jl mongonsidi No.34A depan hermes', '3.571363,98.666801', 'Skip tgl 9,18,21,24,25,desember', '', 0, 1, '2021-01-05 14:30:12'),
(1403, 11, 3, 2, 306, 'JL... Mojopahit.. ujung.. No... 69.. A.. (Depan.. Yona.. Cafe)... Pagar.. htam.. yg.. ada.. ring.. basket... Medan.. 20153', '3.575552,98.665248', 'PAKAI.. MENU.. LUNCH skip tgl 9,24,25 desember', '(Depan.. Yona.. Cafe).. Pagar.. htam.. yg.. ada.. ring.. basket.. ', 0, 1, '2021-01-05 14:41:33'),
(1404, 11, 3, 2, 329, 'Jl.karya wisata No 135', '3.5245607,98.6630614', '', 'Toko ASTRI', 0, 1, '2021-01-05 14:41:59'),
(1405, 11, 3, 2, 336, 'Jl karya wisata komplek villa kencana no 34 b medan johor', '3.516988,98.658039', '2 minggu', '', 1, 1, '2021-01-05 14:42:38'),
(1406, 11, 3, 2, 338, 'Jl.laksana no 5 imma kostsamping travel bombai dpan PDAM', '3.579271,98.691137', 'Skip tgl 31 des,1,januari belum ditambah hari', '', 0, 1, '2021-01-05 14:43:00'),
(1407, 11, 3, 2, 341, 'Jl. Karya Jaya No. 146', '3.529349,98.676531', 'Tambahan 1 lunch+dinner dari selasa sampe jumat', '-', 1, 1, '2021-01-05 14:43:32'),
(1408, 11, 3, 2, 344, 'Perumahan Medan Resort City (Mercy) Rotterdam blok K06 kec.Deli Tua', '3.512107,98.675058', 'Hanya 2 hari', '', 1, 1, '2021-01-05 14:43:49'),
(1409, 11, 4, 1, 331, 'Jl. r.a kartini. no. 26 / Tamoe coffee and resto', '3.5800774,98.6741466', 'Senin&selasa dinner kamis lunch+dinner jumat lunch', '', 0, 1, '2021-01-05 14:48:14'),
(1410, 11, 4, 2, 331, 'Jl. r.a kartini. no. 26 / Tamoe coffee and resto', '3.5800774,98.6741466', 'Senin&selasa dinner kamis lunch+dinner jumat lunch', '', 0, 1, '2021-01-05 14:48:31'),
(1411, 11, 4, 1, 308, 'Garuda indonesia jl mongonsidi No.34A depan hermes', '3.571363,98.666801', 'Skip tgl 9,18,21,24,25,31desember 1 januari', '', 0, 1, '2021-01-05 15:01:56'),
(1412, 11, 4, 1, 329, 'Jl.karya wisata No 135', '3.5245607,98.6630614', '', 'Toko ASTRI', 0, 1, '2021-01-05 15:02:16'),
(1413, 11, 4, 1, 333, 'BCA B&G tower (JW Mariot)', '3.596149,98.675886', '', '', 0, 1, '2021-01-05 15:02:49'),
(1414, 11, 4, 1, 341, 'Jl. Karya Jaya No. 146', '3.529349,98.676531', 'Tambahan 1 lunch+dinner dari selasa sampe jumat', '-', 1, 1, '2021-01-05 15:03:15'),
(1415, 11, 4, 1, 342, 'Platinum garden katamso sebelah sekolah wr supratman Blok A17', '3.545625,98.687222', '', '', 0, 1, '2021-01-05 15:03:34'),
(1416, 11, 4, 1, 345, 'Lab.klinik prodia. Jl.S Parman no 223FG', '3.583152,98.667407', '', '', 0, 1, '2021-01-05 15:03:57'),
(1417, 11, 4, 2, 341, 'Jl. Karya Jaya No. 146', '3.529349,98.676531', 'Tambahan 1 lunch+dinner dari selasa sampe jumat', '-', 1, 1, '2021-01-05 15:05:46'),
(1418, 11, 4, 2, 338, 'Jl.laksana no 5 imma kostsamping travel bombai dpan PDAM', '3.579271,98.691137', 'Skip tgl 31 des,1,januari belum ditambah hari', '', 0, 1, '2021-01-05 15:06:38'),
(1420, 11, 4, 2, 329, 'Jl.karya wisata No 135', '3.5245607,98.6630614', '', 'Toko ASTRI', 0, 1, '2021-01-05 15:07:42'),
(1421, 11, 4, 2, 313, 'Oyo medan city homestay / turki family spa jln dr mansyur no 81.', '3.567458,98.647036', 'Skip16,24,25,30,31,1 belum di tambah hari nya. Skip 6,15,19,28 januari', '-Harus SAMPE TANGAN sebelum 17.30.', 0, 1, '2021-01-05 15:08:01'),
(1422, 11, 4, 2, 306, 'JL... Mojopahit.. ujung.. No... 69.. A.. (Depan.. Yona.. Cafe)... Pagar.. htam.. yg.. ada.. ring.. basket... Medan.. 20153', '3.575552,98.665248', 'PAKAI.. MENU.. LUNCH skip tgl 9,24,25,31 desember 1 januari', '(Depan.. Yona.. Cafe).. Pagar.. htam.. yg.. ada.. ring.. basket.. ', 0, 1, '2021-01-05 15:08:20');
INSERT INTO `catering_order_detail` (`id`, `catering_order_batch_id`, `day_id`, `time_order`, `buyer_id`, `address`, `latlong`, `notes`, `driver_notes`, `is_out_of_range`, `is_active`, `created_time`) VALUES
(1423, 11, 5, 1, 331, 'Jl. r.a kartini. no. 26 / Tamoe coffee and resto', '3.5800774,98.6741466', 'Senin&selasa dinner kamis lunch+dinner jumat lunch', '', 0, 1, '2021-01-05 15:36:32'),
(1424, 11, 5, 1, 308, 'Garuda indonesia jl mongonsidi No.34A depan hermes', '3.571363,98.666801', 'Skip tgl 9,18,21,24,25,31desember 1 januari', '', 0, 1, '2021-01-05 15:37:14'),
(1425, 11, 5, 1, 329, 'Jl.karya wisata No 135', '3.5245607,98.6630614', '', 'Toko ASTRI', 0, 1, '2021-01-05 15:37:39'),
(1426, 11, 5, 1, 333, 'BCA B&G tower (JW Mariot)', '3.596149,98.675886', '', '', 0, 1, '2021-01-05 15:37:56'),
(1427, 11, 5, 1, 341, 'Jl. Karya Jaya No. 146', '3.529349,98.676531', 'Tambahan 1 lunch+dinner dari selasa sampe jumat', '-', 1, 1, '2021-01-05 15:38:19'),
(1428, 11, 5, 1, 345, 'Lab.klinik prodia. Jl.S Parman no 223FG', '3.583152,98.667407', '', '', 0, 1, '2021-01-05 15:38:37'),
(1429, 11, 5, 1, 342, 'Platinum garden katamso sebelah sekolah wr supratman Blok A17', '3.545625,98.687222', '', '', 0, 1, '2021-01-05 15:38:50'),
(1430, 11, 5, 2, 306, 'JL... Mojopahit.. ujung.. No... 69.. A.. (Depan.. Yona.. Cafe)... Pagar.. htam.. yg.. ada.. ring.. basket... Medan.. 20153', '3.575552,98.665248', 'PAKAI.. MENU.. LUNCH skip tgl 9,24,25,31 desember 1 januari', '(Depan.. Yona.. Cafe).. Pagar.. htam.. yg.. ada.. ring.. basket.. ', 0, 1, '2021-01-05 15:39:54'),
(1431, 11, 5, 2, 313, 'Oyo medan city homestay / turki family spa jln dr mansyur no 81.', '3.567458,98.647036', 'Skip16,24,25,30,31,1 belum di tambah hari nya. Skip 6,15,19,28 januari', '-Harus SAMPE TANGAN sebelum 17.30.', 0, 1, '2021-01-05 15:40:11'),
(1432, 11, 5, 2, 329, 'Jl.karya wisata No 135', '3.5245607,98.6630614', '', 'Toko ASTRI', 0, 1, '2021-01-05 15:40:26'),
(1434, 11, 5, 2, 338, 'Jl.laksana no 5 imma kostsamping travel bombai dpan PDAM', '3.579271,98.691137', 'Skip tgl 31 des,1,januari belum ditambah hari', '', 0, 1, '2021-01-05 15:41:09'),
(1435, 11, 5, 2, 341, 'Jl. Karya Jaya No. 146', '3.529349,98.676531', 'Tambahan 1 lunch+dinner dari selasa sampe jumat', '-', 1, 1, '2021-01-05 15:41:30'),
(1436, 11, 4, 1, 344, 'Perumahan Medan Resort City (Mercy) Rotterdam blok K06 kec.Deli Tua', '3.512107,98.675058', 'Tambahan 1 hari tgl 7 januari dan alamat dikirim sebelum jam 9', '', 0, 1, '2021-01-06 06:32:22'),
(1437, 11, 4, 1, 350, 'jalan karya wisata komplek ruko j city blok D50-51 (Glanz Clinic)', '3.5355081,98.6625782', 'Endorse', '', 0, 1, '2021-01-06 06:32:39'),
(1438, 11, 5, 1, 350, 'jalan karya wisata komplek ruko j city blok D50-51 (Glanz Clinic)', '3.5355081,98.6625782', 'Endorse', '', 0, 1, '2021-01-06 06:33:08'),
(1440, 12, 1, 1, 348, 'Komplek tasbi 1 blok RR no 22', '3.5690292,98.6303820', 'Rabu dan kamis lunch di wahid hasyim no 14( dinas ketenagakerjaan). Jumat lunch n diner n rabu. Kamis  diner di komp tasbj 1 blok RR no 22', '', 0, 1, '2021-01-09 13:56:54'),
(1441, 12, 1, 2, 348, 'Komplek tasbi 1 blok RR no 22', '3.5690292,98.6303820', 'Rabu dan kamis lunch di wahid hasyim no 14( dinas ketenagakerjaan). Jumat lunch n diner n rabu. Kamis  diner di komp tasbj 1 blok RR no 22', '', 0, 1, '2021-01-09 13:57:33'),
(1442, 12, 1, 1, 334, 'BCA B&G tower (JW Mariot)', '3.596149,98.675886', '', '', 0, 1, '2021-01-10 15:52:09'),
(1443, 12, 1, 1, 343, 'Platinum garden katamso sebelah sekolah wr supratman Blok A17', '3.545625,98.687222', '', '', 0, 1, '2021-01-10 15:52:50'),
(1444, 12, 1, 1, 346, 'Lab.klinik prodia. Jl.S Parman no 223FG', '3.583152,98.667407', '', '', 0, 1, '2021-01-10 15:53:09'),
(1445, 12, 1, 1, 351, 'jalan karya wisata komplek ruko j city blok D50-51 (Glanz Clinic)', '3.5355081,98.6625782', 'Endorse', '', 0, 1, '2021-01-10 15:53:22'),
(1446, 12, 1, 1, 352, 'Jl stm sukajaya no 6  kel sukamaju.', '3.545559,98.690890', '', '', 0, 1, '2021-01-10 15:53:45'),
(1447, 12, 1, 1, 356, 'Jl karya wisata, komp jcity (jcrown) blok a no.19-21', '3.5345654,98.6603218', '', '', 0, 1, '2021-01-10 15:54:00'),
(1448, 12, 1, 1, 360, 'BCA Diponegoro', '3.584618,98.672817', '', '-', 0, 1, '2021-01-10 15:54:58'),
(1449, 12, 1, 1, 361, 'BCA Diponegoro', '3.584618,98.672817', '', '', 0, 1, '2021-01-10 15:55:15'),
(1450, 12, 1, 2, 359, 'Jl. r.a kartini. no. 26 / Tamoe coffee and resto', '3.5800774,98.6741466', 'Senin&selasa dinner kamis lunch+dinner jumat lunch', '', 0, 1, '2021-01-10 16:00:36'),
(1451, 12, 1, 2, 358, 'Jl supeno 8A', '3.5728727,98.6729399', '', '', 0, 1, '2021-01-10 16:00:57'),
(1452, 12, 1, 2, 339, 'Jl.laksana no 5 imma kostsamping travel bombai dpan PDAM', '3.579271,98.691137', 'Skip tgl 31 des,1,januari belum ditambah hari', '', 0, 1, '2021-01-10 16:01:23'),
(1453, 12, 1, 2, 337, 'Jl karya wisata komplek villa kencana no 34 b medan johor', '3.516988,98.658039', '2 minggu', '', 1, 1, '2021-01-10 16:01:52'),
(1454, 12, 1, 2, 357, 'Oyo medan city homestay / turki family spa jln dr mansyur no 81.', '3.567458,98.647036', 'Skip16,24,25,30,31,1,6', '-Harus SAMPE TANGAN sebelum 17.30.', 0, 1, '2021-01-10 16:08:20'),
(1455, 12, 1, 2, 352, 'Jl stm sukajaya no 6  kel sukamaju.', '3.545559,98.690890', '', '', 0, 1, '2021-01-10 16:08:41'),
(1456, 12, 1, 1, 362, 'Jl. Karya Jaya No. 146', '3.529349,98.676531', '', '-', 1, 1, '2021-01-10 16:20:03'),
(1457, 12, 1, 2, 362, 'Jl. Karya Jaya No. 146', '3.529349,98.676531', '', '-', 1, 1, '2021-01-10 16:20:24'),
(1458, 12, 1, 1, 363, 'Garuda indonesia jl mongonsidi No.34A depan hermes', '3.571363,98.666801', 'Skip tgl 9,18,21,24,25,31desember 1 januari', '', 0, 1, '2021-01-10 16:25:09'),
(1459, 12, 1, 2, 364, 'JL... Mojopahit.. ujung.. No... 69.. A.. (Depan.. Yona.. Cafe)... Pagar.. htam.. yg.. ada.. ring.. basket... Medan.. 20153', '3.575552,98.665248', 'PAKAI.. MENU.. LUNCH skip tgl 9,24,25,31 desember 1 januari', '(Depan.. Yona.. Cafe).. Pagar.. htam.. yg.. ada.. ring.. basket.. ', 0, 1, '2021-01-11 06:02:57'),
(1460, 12, 1, 2, 369, 'Perumahan Medan Resort City (Mercy) Rotterdam blok K06 kec.Deli Tua', '3.512107,98.675058', '', '', 1, 1, '2021-01-11 06:20:45'),
(1461, 12, 3, 1, 363, 'Garuda indonesia jl mongonsidi No.34A depan hermes', '3.571363,98.666801', 'Skip tgl 9,18,21,24,25,31desember 1,12 januari', '', 0, 1, '2021-01-11 08:10:48'),
(1462, 12, 1, 2, 369, 'Perumahan Medan Resort City (Mercy) Rotterdam blok K06 kec.Deli Tua', '3.512107,98.675058', '', '', 1, 1, '2021-01-11 10:22:06'),
(1463, 12, 2, 1, 334, 'BCA B&G tower (JW Mariot)', '3.596149,98.675886', '', '', 0, 1, '2021-01-11 15:06:46'),
(1464, 12, 2, 1, 348, 'Komplek tasbi 1 blok RR no 22', '3.5690292,98.6303820', 'Rabu dan kamis lunch di wahid hasyim no 14( dinas ketenagakerjaan). Jumat lunch n diner n rabu. Kamis  diner di komp tasbj 1 blok RR no 22', '', 0, 1, '2021-01-11 15:07:27'),
(1465, 12, 2, 1, 351, 'jalan karya wisata komplek ruko j city blok D50-51 (Glanz Clinic)', '3.5355081,98.6625782', 'Endorse', '', 0, 1, '2021-01-11 15:10:04'),
(1466, 12, 2, 1, 352, 'Jl stm sukajaya no 6  kel sukamaju.', '3.545559,98.690890', '', '', 0, 1, '2021-01-11 15:12:33'),
(1467, 12, 2, 1, 356, 'Jl karya wisata, komp jcity (jcrown) blok a no.19-21', '3.5345654,98.6603218', '', '', 0, 1, '2021-01-11 15:17:23'),
(1468, 12, 2, 1, 360, 'BCA Diponegoro', '3.584618,98.672817', '', '-', 0, 1, '2021-01-11 15:17:54'),
(1469, 12, 2, 1, 361, 'BCA Diponegoro', '3.584618,98.672817', '', '', 0, 1, '2021-01-11 15:19:22'),
(1470, 12, 2, 1, 362, 'Jl. Karya Jaya No. 146', '3.529349,98.676531', '', '-', 1, 1, '2021-01-11 15:24:08'),
(1472, 12, 2, 2, 337, 'Jl karya wisata komplek villa kencana no 34 b medan johor', '3.516988,98.658039', '2 minggu', '', 1, 1, '2021-01-11 15:30:20'),
(1473, 12, 2, 2, 339, 'Jl.laksana no 5 imma kostsamping travel bombai dpan PDAM', '3.579271,98.691137', 'Skip tgl 31 des,1,januari belum ditambah hari', '', 0, 1, '2021-01-11 15:32:21'),
(1474, 12, 2, 2, 348, 'Komplek tasbi 1 blok RR no 22', '3.5690292,98.6303820', 'Rabu dan kamis lunch di wahid hasyim no 14( dinas ketenagakerjaan). Jumat lunch n diner n rabu. Kamis  diner di komp tasbj 1 blok RR no 22', '', 0, 1, '2021-01-11 15:32:59'),
(1475, 12, 2, 2, 352, 'Jl stm sukajaya no 6  kel sukamaju.', '3.545559,98.690890', '', '', 0, 1, '2021-01-11 15:33:21'),
(1476, 12, 2, 2, 357, 'Oyo medan city homestay / turki family spa jln dr mansyur no 81.', '3.567458,98.647036', 'Skip16,24,25,30,31,1,6', '-Harus SAMPE TANGAN sebelum 17.30.', 0, 1, '2021-01-11 15:33:49'),
(1477, 12, 2, 2, 358, 'Jl supeno 8A', '3.5728727,98.6729399', '', '', 0, 1, '2021-01-11 15:34:11'),
(1478, 12, 2, 2, 359, 'Jl. r.a kartini. no. 26 / Tamoe coffee and resto', '3.5800774,98.6741466', 'Senin&selasa dinner kamis lunch+dinner jumat lunch', '', 0, 1, '2021-01-11 15:34:29'),
(1479, 12, 2, 2, 362, 'Jl. Karya Jaya No. 146', '3.529349,98.676531', '', '-', 1, 1, '2021-01-11 15:34:54'),
(1480, 12, 2, 2, 364, 'JL... Mojopahit.. ujung.. No... 69.. A.. (Depan.. Yona.. Cafe)... Pagar.. htam.. yg.. ada.. ring.. basket... Medan.. 20153', '3.575552,98.665248', 'PAKAI.. MENU.. LUNCH skip tgl 9,24,25,31 desember 1 januari', '(Depan.. Yona.. Cafe).. Pagar.. htam.. yg.. ada.. ring.. basket.. ', 0, 1, '2021-01-11 15:35:28'),
(1481, 12, 3, 1, 334, 'BCA B&G tower (JW Mariot)', '3.596149,98.675886', '', '', 0, 1, '2021-01-12 11:34:07'),
(1482, 12, 3, 1, 352, 'Jl stm sukajaya no 6  kel sukamaju.', '3.545559,98.690890', '', '', 0, 1, '2021-01-12 11:36:02'),
(1483, 12, 3, 1, 356, 'Jl karya wisata, komp jcity (jcrown) blok a no.19-21', '3.5345654,98.6603218', '', '', 0, 1, '2021-01-12 11:36:46'),
(1484, 12, 3, 1, 351, 'jalan karya wisata komplek ruko j city blok D50-51 (Glanz Clinic)', '3.5355081,98.6625782', 'Endorse', '', 0, 1, '2021-01-12 14:09:24'),
(1485, 12, 3, 1, 360, 'BCA Diponegoro', '3.584618,98.672817', '', '-', 0, 1, '2021-01-12 14:29:23'),
(1486, 12, 3, 1, 361, 'BCA Diponegoro', '3.584618,98.672817', '', '', 0, 1, '2021-01-12 14:30:35'),
(1487, 12, 3, 1, 362, 'Jl. Karya Jaya No. 146', '3.529349,98.676531', '', '-', 1, 1, '2021-01-12 14:32:22'),
(1488, 12, 3, 1, 370, 'Jl Sei Kapuas no 11 Medan', '3.5838797,98.6504406', '', '', 0, 1, '2021-01-12 14:32:38'),
(1489, 12, 3, 2, 339, 'Jl.laksana no 5 imma kostsamping travel bombai dpan PDAM', '3.579271,98.691137', 'Skip tgl 31 des,1,januari', '', 0, 1, '2021-01-12 14:34:10'),
(1490, 12, 3, 2, 372, 'Jl karya wisata komplek villa kencana no 34 b medan johor', '3.516988,98.658039', '', '', 1, 1, '2021-01-12 14:34:31'),
(1491, 12, 3, 2, 352, 'Jl stm sukajaya no 6  kel sukamaju.', '3.545559,98.690890', '', '', 0, 1, '2021-01-12 14:35:00'),
(1492, 12, 3, 2, 358, 'Jl supeno 8A', '3.5728727,98.6729399', '', '', 0, 1, '2021-01-12 14:35:24'),
(1493, 12, 3, 2, 362, 'Jl. Karya Jaya No. 146', '3.529349,98.676531', '', '-', 1, 1, '2021-01-12 14:36:00'),
(1494, 12, 3, 2, 364, 'JL... Mojopahit.. ujung.. No... 69.. A.. (Depan.. Yona.. Cafe)... Pagar.. htam.. yg.. ada.. ring.. basket... Medan.. 20153', '3.575552,98.665248', 'PAKAI.. MENU.. LUNCH', '(Depan.. Yona.. Cafe).. Pagar.. htam.. yg.. ada.. ring.. basket.. ', 0, 1, '2021-01-12 14:36:21'),
(1495, 12, 3, 2, 370, 'Jl Sei Kapuas no 11 Medan', '3.5838797,98.6504406', '', '', 0, 1, '2021-01-12 14:36:37'),
(1496, 12, 3, 2, 373, 'Oyo medan city homestay / turki family spa jln dr mansyur no 81.', '3.567458,98.647036', 'Skip15,19,28 januari', '-Harus SAMPE TANGAN sebelum 17.30.', 0, 1, '2021-01-13 03:52:27'),
(1497, 12, 4, 1, 359, 'Jl. r.a kartini. no. 26 / Tamoe coffee and resto', '3.5800774,98.6741466', 'Senin&selasa dinner kamis lunch+dinner jumat lunch', '', 0, 1, '2021-01-13 10:55:23'),
(1498, 12, 4, 2, 359, 'Jl. r.a kartini. no. 26 / Tamoe coffee and resto', '3.5800774,98.6741466', 'Senin&selasa dinner kamis lunch+dinner jumat lunch', '', 0, 1, '2021-01-13 10:55:50'),
(1499, 12, 4, 1, 334, 'BCA B&G tower (JW Mariot)', '3.596149,98.675886', '', '', 0, 1, '2021-01-13 11:23:45'),
(1500, 12, 4, 1, 352, 'Jl stm sukajaya no 6  kel sukamaju.', '3.545559,98.690890', '', '', 0, 1, '2021-01-13 11:24:07'),
(1501, 12, 4, 1, 356, 'Jl karya wisata, komp jcity (jcrown) blok a no.19-21', '3.5345654,98.6603218', '', '', 0, 1, '2021-01-13 11:24:49'),
(1502, 12, 4, 1, 360, 'BCA Diponegoro', '3.584618,98.672817', '', '-', 0, 1, '2021-01-13 11:25:11'),
(1503, 12, 4, 1, 361, 'BCA Diponegoro', '3.584618,98.672817', '', '', 0, 1, '2021-01-13 11:25:29'),
(1504, 12, 4, 1, 362, 'Jl. Karya Jaya No. 146', '3.529349,98.676531', '', '-', 1, 1, '2021-01-13 11:26:04'),
(1505, 12, 4, 1, 370, 'Jl Sei Kapuas no 11 Medan', '3.5838797,98.6504406', '', '', 0, 1, '2021-01-13 11:27:23'),
(1506, 12, 4, 2, 339, 'Jl.laksana no 5 imma kostsamping travel bombai dpan PDAM', '3.579271,98.691137', 'Skip tgl 31 des,1,januari', '', 0, 1, '2021-01-13 11:29:55'),
(1507, 12, 4, 2, 372, 'Jl karya wisata komplek villa kencana no 34 b medan johor', '3.516988,98.658039', '', '', 1, 1, '2021-01-13 11:30:22'),
(1508, 12, 4, 2, 352, 'Jl stm sukajaya no 6  kel sukamaju.', '3.545559,98.690890', '', '', 0, 1, '2021-01-13 11:31:27'),
(1509, 12, 4, 2, 358, 'Jl supeno 8A', '3.5728727,98.6729399', '', '', 0, 1, '2021-01-13 11:32:32'),
(1510, 12, 4, 2, 362, 'Jl. Karya Jaya No. 146', '3.529349,98.676531', '', '-', 1, 1, '2021-01-13 11:33:25'),
(1511, 12, 4, 2, 364, 'JL... Mojopahit.. ujung.. No... 69.. A.. (Depan.. Yona.. Cafe)... Pagar.. htam.. yg.. ada.. ring.. basket... Medan.. 20153', '3.575552,98.665248', 'PAKAI.. MENU.. LUNCH', '(Depan.. Yona.. Cafe).. Pagar.. htam.. yg.. ada.. ring.. basket.. ', 0, 1, '2021-01-13 11:33:47'),
(1512, 12, 4, 2, 370, 'Jl Sei Kapuas no 11 Medan', '3.5838797,98.6504406', '', '', 0, 1, '2021-01-13 11:34:12'),
(1513, 12, 4, 2, 373, 'Oyo medan city homestay / turki family spa jln dr mansyur no 81.', '3.567458,98.647036', 'Skip15,19,28 januari', '-Harus SAMPE TANGAN sebelum 17.30.', 0, 1, '2021-01-13 11:34:34'),
(1514, 12, 4, 2, 380, 'Tasbi RR no 22', '3.5690292,98.6303820', '', '', 0, 1, '2021-01-14 03:25:37'),
(1515, 12, 5, 1, 334, 'BCA B&G tower (JW Mariot)', '3.596149,98.675886', '', '', 0, 1, '2021-01-14 16:00:42'),
(1516, 12, 5, 1, 352, 'Jl stm sukajaya no 6  kel sukamaju.', '3.545559,98.690890', '', '', 0, 1, '2021-01-14 16:01:02'),
(1517, 12, 5, 1, 356, 'Jl karya wisata, komp jcity (jcrown) blok a no.19-21', '3.5345654,98.6603218', '', '', 0, 1, '2021-01-14 16:01:27'),
(1518, 12, 5, 1, 359, 'Jl. r.a kartini. no. 26 / Tamoe coffee and resto', '3.5800774,98.6741466', 'Senin&selasa dinner kamis lunch+dinner jumat lunch', '', 0, 1, '2021-01-14 16:01:56'),
(1519, 12, 5, 1, 360, 'BCA Diponegoro', '3.584618,98.672817', '', '-', 0, 1, '2021-01-14 16:02:11'),
(1520, 12, 5, 1, 361, 'BCA Diponegoro', '3.584618,98.672817', '', '', 0, 1, '2021-01-14 16:02:29'),
(1521, 12, 5, 1, 362, 'Jl. Karya Jaya No. 146', '3.529349,98.676531', '', '-', 1, 1, '2021-01-14 16:03:06'),
(1522, 12, 5, 1, 370, 'Jl Sei Kapuas no 11 Medan', '3.5838797,98.6504406', '', '', 0, 1, '2021-01-14 16:03:28'),
(1523, 12, 5, 2, 372, 'Jl karya wisata komplek villa kencana no 34 b medan johor', '3.516988,98.658039', '', '', 1, 1, '2021-01-14 16:04:11'),
(1524, 12, 5, 2, 339, 'Jl.laksana no 5 imma kostsamping travel bombai dpan PDAM', '3.579271,98.691137', 'Skip tgl 31 des,1,januari', '', 0, 1, '2021-01-14 16:04:33'),
(1525, 12, 5, 2, 352, 'Jl stm sukajaya no 6  kel sukamaju.', '3.545559,98.690890', '', '', 0, 1, '2021-01-14 16:05:06'),
(1527, 12, 5, 2, 358, 'Jl supeno 8A', '3.5728727,98.6729399', '', '', 0, 1, '2021-01-14 16:05:38'),
(1528, 12, 5, 2, 362, 'Jl. Karya Jaya No. 146', '3.529349,98.676531', '', '-', 1, 1, '2021-01-14 16:05:51'),
(1529, 12, 5, 2, 364, 'JL... Mojopahit.. ujung.. No... 69.. A.. (Depan.. Yona.. Cafe)... Pagar.. htam.. yg.. ada.. ring.. basket... Medan.. 20153', '3.575552,98.665248', 'PAKAI.. MENU.. LUNCH', '(Depan.. Yona.. Cafe).. Pagar.. htam.. yg.. ada.. ring.. basket.. ', 0, 1, '2021-01-14 16:06:20'),
(1530, 12, 5, 2, 370, 'Jl Sei Kapuas no 11 Medan', '3.5838797,98.6504406', '', '', 0, 1, '2021-01-14 16:06:39'),
(1531, 12, 5, 2, 380, 'Tasbi RR no 22', '3.5690292,98.6303820', '', '', 0, 1, '2021-01-14 16:06:58');

-- --------------------------------------------------------

--
-- Struktur dari tabel `catering_order_item`
--

CREATE TABLE `catering_order_item` (
  `id` int(11) NOT NULL,
  `order_detail_id` int(11) NOT NULL,
  `order_batch_id` int(11) NOT NULL,
  `menu_id` int(11) DEFAULT NULL,
  `food_name` varchar(200) DEFAULT NULL,
  `quantity` int(11) DEFAULT NULL,
  `created_time` timestamp NOT NULL DEFAULT CURRENT_TIMESTAMP
) ENGINE=InnoDB DEFAULT CHARSET=latin1;

--
-- Dumping data untuk tabel `catering_order_item`
--

INSERT INTO `catering_order_item` (`id`, `order_detail_id`, `order_batch_id`, `menu_id`, `food_name`, `quantity`, `created_time`) VALUES
(32, 37, 1, 1, 'Sour & Sweet Dorry', 1, '2020-10-28 17:01:42'),
(33, 38, 1, 1, 'Sour & Sweet Dorry', 1, '2020-10-28 17:01:49'),
(34, 39, 1, 2, 'Vegetarian Katsu', 1, '2020-10-28 17:01:55'),
(40, 46, 2, 6, 'Pesto penne with grilled Chicken', 1, '2020-10-30 02:54:24'),
(41, 47, 2, 11, 'Chicken mushroom oyster sauce', 1, '2020-10-30 02:55:14'),
(42, 48, 2, 7, 'San chow bow roll maki', 1, '2020-10-30 02:55:27'),
(47, 53, 2, 9, 'Spaghetti marinara with grilled fish', 1, '2020-10-30 02:57:28'),
(48, 54, 2, 14, 'Chicken san chow bow', 1, '2020-10-30 02:57:42'),
(50, 56, 2, 13, 'Spicy rice nourish bowl', 1, '2020-10-30 03:01:39'),
(51, 57, 2, 14, 'Chicken san chow bow', 1, '2020-10-30 03:02:00'),
(53, 59, 2, 6, 'Pesto penne with grilled Chicken', 1, '2020-10-30 03:04:09'),
(54, 60, 2, 6, 'Pesto penne with grilled Chicken', 1, '2020-10-30 03:05:16'),
(55, 61, 2, 11, 'Chicken mushroom oyster sauce', 1, '2020-10-30 03:05:49'),
(56, 62, 2, 6, 'Pesto penne with grilled Chicken', 1, '2020-10-30 03:06:11'),
(57, 63, 2, 11, 'Chicken mushroom oyster sauce', 1, '2020-10-30 03:06:27'),
(58, 64, 2, 6, 'Pesto penne with grilled Chicken', 1, '2020-10-30 03:07:43'),
(59, 65, 2, 11, 'Chicken mushroom oyster sauce', 1, '2020-10-30 03:08:21'),
(60, 66, 2, 11, 'Chicken mushroom oyster sauce', 2, '2020-10-30 03:08:53'),
(61, 67, 2, 6, 'Pesto penne with grilled Chicken', 1, '2020-10-30 03:09:31'),
(62, 68, 2, 11, 'Chicken mushroom oyster sauce', 1, '2020-10-30 03:09:42'),
(63, 69, 2, 6, 'Pesto penne with grilled Chicken', 1, '2020-10-30 03:11:05'),
(64, 70, 2, 11, 'Chicken mushroom oyster sauce', 1, '2020-10-30 03:11:34'),
(65, 71, 2, 6, 'Pesto penne with grilled Chicken', 1, '2020-10-30 03:11:54'),
(66, 72, 2, 6, 'Pesto penne with grilled Chicken', 1, '2020-10-30 03:12:17'),
(67, 73, 2, 11, 'Chicken mushroom oyster sauce', 1, '2020-10-30 03:12:27'),
(68, 74, 2, 6, 'Pesto penne with grilled Chicken', 1, '2020-10-30 03:12:49'),
(70, 76, 2, 6, 'Pesto penne with grilled Chicken', 1, '2020-10-30 03:13:26'),
(71, 77, 2, 11, 'Chicken mushroom oyster sauce', 1, '2020-10-30 03:13:42'),
(72, 78, 2, 6, 'Pesto penne with grilled Chicken', 1, '2020-10-30 03:13:59'),
(73, 79, 2, 11, 'Chicken mushroom oyster sauce', 1, '2020-10-30 03:14:35'),
(74, 80, 2, 7, 'San chow bow roll maki', 1, '2020-10-31 01:36:51'),
(75, 81, 2, 12, 'Spaghetti mushroom stroganof', 1, '2020-10-31 01:44:22'),
(76, 82, 2, 7, 'San chow bow roll maki', 1, '2020-10-31 01:45:14'),
(77, 83, 2, 7, 'San chow bow roll maki', 1, '2020-10-31 01:46:00'),
(78, 84, 2, 12, 'Spaghetti mushroom stroganof', 1, '2020-10-31 01:46:19'),
(79, 85, 2, 7, 'San chow bow roll maki', 1, '2020-10-31 01:47:00'),
(80, 86, 2, 12, 'Spaghetti mushroom stroganof', 1, '2020-10-31 01:47:23'),
(81, 87, 2, 7, 'San chow bow roll maki', 1, '2020-10-31 01:51:23'),
(82, 88, 2, 12, 'Spaghetti mushroom stroganof', 2, '2020-10-31 01:53:26'),
(83, 89, 2, 7, 'San chow bow roll maki', 1, '2020-10-31 01:55:46'),
(84, 90, 2, 12, 'Spaghetti mushroom stroganof', 1, '2020-10-31 01:56:04'),
(85, 91, 2, 12, 'Spaghetti mushroom stroganof', 1, '2020-10-31 01:56:30'),
(86, 92, 2, 7, 'San chow bow roll maki', 1, '2020-10-31 01:56:47'),
(87, 93, 2, 7, 'San chow bow roll maki', 1, '2020-10-31 01:57:23'),
(88, 94, 2, 12, 'Spaghetti mushroom stroganof', 1, '2020-10-31 01:57:38'),
(89, 95, 2, 7, 'San chow bow roll maki', 1, '2020-10-31 01:58:28'),
(91, 97, 2, 12, 'Spaghetti mushroom stroganof', 1, '2020-10-31 01:59:12'),
(92, 98, 2, 7, 'San chow bow roll maki', 1, '2020-10-31 04:07:03'),
(93, 99, 2, 12, 'Spaghetti mushroom stroganof', 1, '2020-10-31 04:07:26'),
(94, 100, 2, 11, 'Chicken mushroom oyster sauce', 1, '2020-10-31 04:10:25'),
(95, 101, 2, 8, 'Chicken cordon bleu ', 1, '2020-11-01 13:33:01'),
(96, 102, 2, 8, 'Chicken cordon bleu ', 1, '2020-11-01 13:33:44'),
(97, 103, 2, 8, 'Chicken cordon bleu ', 1, '2020-11-01 13:34:00'),
(98, 104, 2, 8, 'Chicken cordon bleu ', 1, '2020-11-01 13:34:23'),
(99, 105, 2, 8, 'Chicken cordon bleu ', 1, '2020-11-01 13:34:40'),
(100, 106, 2, 8, 'Chicken cordon bleu ', 1, '2020-11-01 13:34:53'),
(101, 107, 2, 8, 'Chicken cordon bleu ', 1, '2020-11-01 13:35:37'),
(102, 108, 2, 8, 'Chicken cordon bleu ', 1, '2020-11-01 13:36:01'),
(103, 109, 2, 13, 'Spicy rice nourish bowl', 1, '2020-11-01 13:36:14'),
(104, 110, 2, 13, 'Spicy rice nourish bowl', 2, '2020-11-01 13:36:37'),
(105, 111, 2, 8, 'Chicken cordon bleu ', 1, '2020-11-01 13:37:42'),
(106, 112, 2, 13, 'Spicy rice nourish bowl', 1, '2020-11-01 13:37:52'),
(107, 113, 2, 13, 'Spicy rice nourish bowl', 1, '2020-11-01 13:38:21'),
(108, 114, 2, 8, 'Chicken cordon bleu ', 1, '2020-11-01 13:38:42'),
(109, 115, 2, 8, 'Chicken cordon bleu ', 1, '2020-11-01 13:39:30'),
(110, 116, 2, 13, 'Spicy rice nourish bowl', 1, '2020-11-01 13:39:42'),
(111, 117, 2, 7, 'San chow bow roll maki', 1, '2020-11-01 13:39:57'),
(112, 118, 2, 8, 'Chicken cordon bleu ', 1, '2020-11-01 13:40:56'),
(113, 119, 2, 13, 'Spicy rice nourish bowl', 1, '2020-11-01 13:41:19'),
(114, 120, 2, 9, 'Spaghetti marinara with grilled fish', 1, '2020-11-02 08:07:49'),
(115, 121, 2, 9, 'Spaghetti marinara with grilled fish', 1, '2020-11-02 08:09:26'),
(117, 123, 2, 14, 'Chicken san chow bow', 1, '2020-11-02 08:10:59'),
(118, 124, 2, 9, 'Spaghetti marinara with grilled fish', 1, '2020-11-02 08:11:34'),
(119, 125, 2, 9, 'Spaghetti marinara with grilled fish', 1, '2020-11-02 08:12:22'),
(120, 126, 2, 14, 'Chicken san chow bow', 1, '2020-11-02 08:12:42'),
(121, 127, 2, 9, 'Spaghetti marinara with grilled fish', 1, '2020-11-02 08:14:08'),
(122, 128, 2, 14, 'Chicken san chow bow', 1, '2020-11-02 08:14:24'),
(123, 129, 2, 9, 'Spaghetti marinara with grilled fish', 1, '2020-11-02 08:15:22'),
(124, 130, 2, 9, 'Spaghetti marinara with grilled fish', 1, '2020-11-02 08:16:56'),
(125, 131, 2, 14, 'Chicken san chow bow', 1, '2020-11-02 08:17:26'),
(126, 132, 2, 14, 'Chicken san chow bow', 2, '2020-11-02 08:18:01'),
(127, 133, 2, 9, 'Spaghetti marinara with grilled fish', 1, '2020-11-02 08:18:49'),
(128, 134, 2, 14, 'Chicken san chow bow', 1, '2020-11-02 08:19:25'),
(129, 135, 2, 14, 'Chicken san chow bow', 1, '2020-11-02 08:20:16'),
(130, 136, 2, 9, 'Spaghetti marinara with grilled fish', 1, '2020-11-02 08:20:32'),
(131, 137, 2, 9, 'Spaghetti marinara with grilled fish', 1, '2020-11-02 08:20:53'),
(132, 138, 2, 14, 'Chicken san chow bow', 1, '2020-11-02 08:21:11'),
(133, 139, 2, 9, 'Spaghetti marinara with grilled fish', 1, '2020-11-02 08:21:30'),
(134, 140, 2, 9, 'Spaghetti marinara with grilled fish', 1, '2020-11-02 08:22:22'),
(135, 141, 2, 9, 'Spaghetti marinara with grilled fish', 1, '2020-11-02 11:35:45'),
(136, 142, 2, 14, 'Chicken san chow bow', 1, '2020-11-02 11:36:00'),
(138, 144, 2, 14, 'Chicken san chow bow', 1, '2020-11-03 04:20:54'),
(139, 145, 2, 10, 'Chicken yogurt sauce', 1, '2020-11-03 23:51:42'),
(140, 146, 2, 15, 'Waldrof salad with sandwich vege mayo', 1, '2020-11-03 23:52:18'),
(141, 147, 2, 10, 'Chicken yogurt sauce', 1, '2020-11-03 23:53:18'),
(142, 148, 2, 10, 'Chicken yogurt sauce', 1, '2020-11-03 23:53:42'),
(143, 149, 2, 15, 'Waldrof salad with sandwich vege mayo', 1, '2020-11-03 23:54:17'),
(144, 150, 2, 10, 'Chicken yogurt sauce', 1, '2020-11-03 23:54:52'),
(145, 151, 2, 10, 'Chicken yogurt sauce', 1, '2020-11-03 23:55:15'),
(146, 152, 2, 15, 'Waldrof salad with sandwich vege mayo', 1, '2020-11-03 23:55:31'),
(147, 153, 2, 10, 'Chicken yogurt sauce', 1, '2020-11-03 23:55:46'),
(148, 154, 2, 15, 'Waldrof salad with sandwich vege mayo', 1, '2020-11-03 23:55:57'),
(149, 155, 2, 10, 'Chicken yogurt sauce', 1, '2020-11-03 23:56:18'),
(150, 156, 2, 10, 'Chicken yogurt sauce', 1, '2020-11-03 23:56:40'),
(151, 157, 2, 15, 'Waldrof salad with sandwich vege mayo', 1, '2020-11-03 23:56:56'),
(152, 158, 2, 15, 'Waldrof salad with sandwich vege mayo', 2, '2020-11-03 23:57:15'),
(153, 159, 2, 10, 'Chicken yogurt sauce', 1, '2020-11-03 23:57:33'),
(154, 160, 2, 15, 'Waldrof salad with sandwich vege mayo', 1, '2020-11-03 23:57:48'),
(155, 161, 2, 10, 'Chicken yogurt sauce', 1, '2020-11-03 23:58:06'),
(156, 162, 2, 15, 'Waldrof salad with sandwich vege mayo', 1, '2020-11-03 23:58:20'),
(157, 163, 2, 10, 'Chicken yogurt sauce', 1, '2020-11-03 23:58:38'),
(158, 164, 2, 15, 'Waldrof salad with sandwich vege mayo', 1, '2020-11-03 23:58:50'),
(159, 165, 2, 10, 'Chicken yogurt sauce', 1, '2020-11-03 23:59:05'),
(160, 166, 2, 10, 'Chicken yogurt sauce', 1, '2020-11-03 23:59:35'),
(161, 167, 2, 15, 'Waldrof salad with sandwich vege mayo', 1, '2020-11-03 23:59:50'),
(162, 168, 2, 15, 'Waldrof salad with sandwich vege mayo', 1, '2020-11-04 00:00:13'),
(164, 170, 3, 17, 'Mushroom patty nourish bowl', 1, '2020-11-07 19:45:43'),
(165, 171, 3, 17, 'Mushroom patty nourish bowl', 1, '2020-11-07 19:45:59'),
(166, 172, 3, 16, 'Chicken sambal matah with Satai Lilit', 1, '2020-11-07 19:46:13'),
(167, 173, 3, 17, 'Mushroom patty nourish bowl', 1, '2020-11-07 19:46:22'),
(168, 174, 3, 16, 'Chicken sambal matah with Satai Lilit', 1, '2020-11-07 19:46:32'),
(169, 175, 3, 17, 'Mushroom patty nourish bowl', 1, '2020-11-07 19:46:42'),
(170, 176, 3, 16, 'Chicken sambal matah with Satai Lilit', 1, '2020-11-07 19:46:56'),
(171, 177, 3, 17, 'Mushroom patty nourish bowl', 1, '2020-11-07 19:47:08'),
(172, 178, 3, 17, 'Mushroom patty nourish bowl', 2, '2020-11-07 19:47:28'),
(173, 179, 3, 16, 'Chicken sambal matah with Satai Lilit', 1, '2020-11-07 19:47:42'),
(174, 180, 3, 17, 'Mushroom patty nourish bowl', 1, '2020-11-07 19:47:51'),
(175, 181, 3, 16, 'Chicken sambal matah with Satai Lilit', 1, '2020-11-07 19:47:59'),
(176, 182, 3, 16, 'Chicken sambal matah with Satai Lilit', 1, '2020-11-07 19:48:06'),
(177, 183, 3, 17, 'Mushroom patty nourish bowl', 1, '2020-11-07 19:48:21'),
(178, 184, 3, 17, 'Mushroom patty nourish bowl', 1, '2020-11-07 19:48:44'),
(179, 185, 3, 16, 'Chicken sambal matah with Satai Lilit', 1, '2020-11-07 19:48:58'),
(180, 186, 3, 16, 'Chicken sambal matah with Satai Lilit', 1, '2020-11-07 19:49:08'),
(181, 187, 3, 16, 'Chicken sambal matah with Satai Lilit', 1, '2020-11-07 19:49:18'),
(182, 188, 3, 17, 'Mushroom patty nourish bowl', 1, '2020-11-07 19:49:30'),
(183, 189, 3, 16, 'Chicken sambal matah with Satai Lilit', 1, '2020-11-07 19:49:44'),
(187, 193, 3, 18, 'Chicken Milanese', 1, '2020-11-08 03:06:53'),
(188, 194, 3, 19, 'Chicken Creamy Glutten Free Zoodles', 1, '2020-11-08 03:07:17'),
(189, 195, 3, 19, 'Chicken Creamy Glutten Free Zoodles', 1, '2020-11-08 03:08:02'),
(190, 196, 3, 18, 'Chicken Milanese', 1, '2020-11-08 03:08:41'),
(191, 197, 3, 19, 'Chicken Creamy Glutten Free Zoodles', 1, '2020-11-08 03:08:59'),
(192, 198, 3, 18, 'Chicken Milanese', 1, '2020-11-08 03:09:29'),
(193, 199, 3, 19, 'Chicken Creamy Glutten Free Zoodles', 1, '2020-11-08 03:09:46'),
(194, 200, 3, 19, 'Chicken Creamy Glutten Free Zoodles', 2, '2020-11-08 03:10:15'),
(197, 203, 3, 18, 'Chicken Milanese', 1, '2020-11-08 03:11:41'),
(198, 204, 3, 18, 'Chicken Milanese', 1, '2020-11-08 03:12:10'),
(199, 205, 3, 19, 'Chicken Creamy Glutten Free Zoodles', 1, '2020-11-08 03:12:35'),
(200, 206, 3, 19, 'Chicken Creamy Glutten Free Zoodles', 1, '2020-11-08 03:13:07'),
(201, 207, 3, 18, 'Chicken Milanese', 1, '2020-11-08 03:31:46'),
(202, 208, 3, 18, 'Chicken Milanese', 1, '2020-11-08 03:32:33'),
(205, 211, 3, 18, 'Chicken Milanese', 1, '2020-11-08 03:34:20'),
(206, 212, 3, 18, 'Chicken Milanese', 1, '2020-11-08 03:52:11'),
(207, 213, 3, 19, 'Chicken Creamy Glutten Free Zoodles', 1, '2020-11-08 03:53:02'),
(208, 214, 3, 18, 'Chicken Milanese', 1, '2020-11-08 04:11:46'),
(209, 215, 3, 19, 'Chicken Creamy Glutten Free Zoodles', 1, '2020-11-08 04:12:05'),
(210, 216, 3, 20, 'Thai Seamed Fish With Jacket Potato', 1, '2020-11-09 00:15:23'),
(211, 217, 3, 20, 'Thai Seamed Fish With Jacket Potato', 1, '2020-11-09 00:40:54'),
(212, 218, 3, 20, 'Thai Seamed Fish With Jacket Potato', 1, '2020-11-09 00:42:23'),
(213, 219, 3, 20, 'Thai Seamed Fish With Jacket Potato', 1, '2020-11-09 00:44:38'),
(214, 220, 3, 20, 'Thai Seamed Fish With Jacket Potato', 1, '2020-11-09 00:45:34'),
(215, 221, 3, 20, 'Thai Seamed Fish With Jacket Potato', 1, '2020-11-09 01:09:10'),
(216, 222, 3, 20, 'Thai Seamed Fish With Jacket Potato', 1, '2020-11-09 01:11:48'),
(217, 223, 3, 20, 'Thai Seamed Fish With Jacket Potato', 1, '2020-11-09 01:12:36'),
(218, 224, 3, 20, 'Thai Seamed Fish With Jacket Potato', 1, '2020-11-09 03:06:10'),
(220, 226, 3, 21, 'Chicken Patty With Potato Wedges', 1, '2020-11-09 03:24:26'),
(221, 227, 3, 21, 'Chicken Patty With Potato Wedges', 1, '2020-11-09 03:25:14'),
(223, 229, 3, 21, 'Chicken Patty With Potato Wedges', 1, '2020-11-09 03:26:53'),
(224, 230, 3, 21, 'Chicken Patty With Potato Wedges', 1, '2020-11-09 03:27:33'),
(226, 232, 3, 21, 'Chicken Patty With Potato Wedges', 2, '2020-11-09 03:28:51'),
(227, 233, 3, 21, 'Chicken Patty With Potato Wedges', 1, '2020-11-09 03:29:37'),
(228, 234, 3, 21, 'Chicken Patty With Potato Wedges', 1, '2020-11-09 03:30:40'),
(229, 235, 3, 21, 'Chicken Patty With Potato Wedges', 1, '2020-11-09 03:38:50'),
(230, 236, 3, 20, 'Thai Seamed Fish With Jacket Potato', 1, '2020-11-09 03:40:41'),
(231, 237, 3, 22, 'Honey Garlic Shrimp With PadThai', 1, '2020-11-09 05:33:42'),
(232, 238, 3, 22, 'Honey Garlic Shrimp With PadThai', 1, '2020-11-09 05:34:28'),
(233, 239, 3, 22, 'Honey Garlic Shrimp With PadThai', 1, '2020-11-09 05:35:13'),
(234, 240, 3, 22, 'Honey Garlic Shrimp With PadThai', 1, '2020-11-09 05:35:55'),
(235, 241, 3, 22, 'Honey Garlic Shrimp With PadThai', 1, '2020-11-09 05:36:31'),
(236, 242, 3, 22, 'Honey Garlic Shrimp With PadThai', 1, '2020-11-09 05:37:25'),
(237, 243, 3, 22, 'Honey Garlic Shrimp With PadThai', 1, '2020-11-09 05:37:59'),
(238, 244, 3, 21, 'Chicken Patty With Potato Wedges', 1, '2020-11-09 05:38:32'),
(239, 245, 3, 22, 'Honey Garlic Shrimp With PadThai', 1, '2020-11-09 05:39:04'),
(240, 246, 3, 22, 'Honey Garlic Shrimp With PadThai', 1, '2020-11-09 05:41:05'),
(241, 247, 3, 23, 'Balinese Shedded Chicken', 1, '2020-11-09 05:42:38'),
(242, 248, 3, 23, 'Balinese Shedded Chicken', 1, '2020-11-09 05:43:15'),
(243, 249, 3, 23, 'Balinese Shedded Chicken', 1, '2020-11-09 05:44:11'),
(244, 250, 3, 23, 'Balinese Shedded Chicken', 1, '2020-11-09 05:44:53'),
(245, 251, 3, 23, 'Balinese Shedded Chicken', 1, '2020-11-09 05:45:17'),
(246, 252, 3, 23, 'Balinese Shedded Chicken', 2, '2020-11-09 05:45:52'),
(247, 253, 3, 23, 'Balinese Shedded Chicken', 1, '2020-11-09 05:46:29'),
(248, 254, 3, 23, 'Balinese Shedded Chicken', 1, '2020-11-09 05:46:53'),
(249, 255, 3, 24, 'Chicken Black Pepper With Corn Soup', 1, '2020-11-10 08:07:05'),
(250, 256, 3, 24, 'Chicken Black Pepper With Corn Soup', 1, '2020-11-10 08:07:50'),
(251, 257, 3, 24, 'Chicken Black Pepper With Corn Soup', 1, '2020-11-10 08:08:41'),
(252, 258, 3, 24, 'Chicken Black Pepper With Corn Soup', 1, '2020-11-10 08:10:07'),
(253, 259, 3, 24, 'Chicken Black Pepper With Corn Soup', 1, '2020-11-10 08:11:27'),
(254, 260, 3, 24, 'Chicken Black Pepper With Corn Soup', 1, '2020-11-10 08:15:00'),
(255, 261, 3, 24, 'Chicken Black Pepper With Corn Soup', 1, '2020-11-10 08:15:42'),
(257, 263, 3, 24, 'Chicken Black Pepper With Corn Soup', 1, '2020-11-10 08:16:31'),
(258, 264, 3, 24, 'Chicken Black Pepper With Corn Soup', 1, '2020-11-10 08:17:06'),
(259, 265, 3, 25, 'Spaghetti Chicken Bolognese', 1, '2020-11-10 08:40:49'),
(260, 266, 3, 25, 'Spaghetti Chicken Bolognese', 1, '2020-11-10 08:42:16'),
(261, 267, 3, 25, 'Spaghetti Chicken Bolognese', 1, '2020-11-10 08:42:56'),
(262, 268, 3, 25, 'Spaghetti Chicken Bolognese', 1, '2020-11-10 09:07:22'),
(263, 269, 3, 25, 'Spaghetti Chicken Bolognese', 2, '2020-11-10 09:08:20'),
(264, 270, 3, 25, 'Spaghetti Chicken Bolognese', 1, '2020-11-10 09:08:59'),
(265, 271, 3, 25, 'Spaghetti Chicken Bolognese', 1, '2020-11-10 09:09:42'),
(266, 272, 3, 22, 'Honey Garlic Shrimp With PadThai', 1, '2020-11-10 10:03:04'),
(267, 273, 3, 24, 'Chicken Black Pepper With Corn Soup', 1, '2020-11-10 10:03:38'),
(268, 274, 4, 26, 'Baked Chiken With Mashed Potato', 1, '2020-11-12 11:30:21'),
(269, 275, 4, 26, 'Baked Chiken With Mashed Potato', 1, '2020-11-12 11:30:39'),
(270, 276, 4, 26, 'Baked Chiken With Mashed Potato', 1, '2020-11-12 11:30:57'),
(271, 277, 4, 26, 'Baked Chiken With Mashed Potato', 1, '2020-11-12 11:31:28'),
(272, 278, 4, 26, 'Baked Chiken With Mashed Potato', 1, '2020-11-12 11:32:04'),
(273, 279, 4, 27, 'Fusilli Signature Skillet Supper', 1, '2020-11-12 11:32:26'),
(274, 280, 4, 27, 'Fusilli Signature Skillet Supper', 1, '2020-11-12 11:32:38'),
(275, 281, 4, 27, 'Fusilli Signature Skillet Supper', 1, '2020-11-12 11:33:06'),
(276, 282, 4, 28, 'Grilled Chicken Taliwang', 1, '2020-11-12 11:33:51'),
(277, 283, 4, 28, 'Grilled Chicken Taliwang', 1, '2020-11-12 11:34:06'),
(278, 284, 4, 28, 'Grilled Chicken Taliwang', 1, '2020-11-12 11:34:24'),
(279, 285, 4, 28, 'Grilled Chicken Taliwang', 1, '2020-11-12 11:34:41'),
(280, 286, 4, 28, 'Grilled Chicken Taliwang', 1, '2020-11-12 11:34:54'),
(281, 287, 4, 29, 'Chicken Kabobs With Grilled Potatoes', 1, '2020-11-12 11:35:16'),
(282, 288, 4, 29, 'Chicken Kabobs With Grilled Potatoes', 1, '2020-11-12 11:35:41'),
(283, 289, 4, 30, 'Chicken Kung Pao', 1, '2020-11-12 11:36:47'),
(284, 290, 4, 30, 'Chicken Kung Pao', 1, '2020-11-12 11:37:13'),
(285, 291, 4, 30, 'Chicken Kung Pao', 1, '2020-11-12 11:37:35'),
(286, 292, 4, 30, 'Chicken Kung Pao', 1, '2020-11-12 11:37:53'),
(287, 293, 4, 30, 'Chicken Kung Pao', 1, '2020-11-12 11:38:12'),
(288, 294, 4, 31, 'Fish Fillet With puree pumpkin sauce', 1, '2020-11-12 11:38:45'),
(289, 295, 4, 31, 'Fish Fillet With puree pumpkin sauce', 1, '2020-11-12 11:39:01'),
(290, 296, 4, 31, 'Fish Fillet With puree pumpkin sauce', 1, '2020-11-12 11:39:26'),
(291, 297, 4, 26, 'Baked Chiken With Mashed Potato', 1, '2020-11-12 17:30:35'),
(292, 298, 4, 27, 'Fusilli Signature Skillet Supper', 1, '2020-11-12 17:30:52'),
(293, 299, 4, 28, 'Grilled Chicken Taliwang', 1, '2020-11-12 17:31:06'),
(294, 300, 4, 29, 'Chicken Kabobs With Grilled Potatoes', 1, '2020-11-12 17:31:19'),
(295, 301, 4, 30, 'Chicken Kung Pao', 1, '2020-11-12 17:31:37'),
(297, 303, 4, 31, 'Fish Fillet With puree pumpkin sauce', 1, '2020-11-12 17:32:15'),
(298, 304, 4, 26, 'Baked Chiken With Mashed Potato', 1, '2020-11-14 12:12:06'),
(299, 305, 4, 26, 'Baked Chiken With Mashed Potato', 1, '2020-11-14 12:12:39'),
(300, 306, 4, 26, 'Baked Chiken With Mashed Potato', 1, '2020-11-14 12:21:03'),
(302, 308, 4, 26, 'Baked Chiken With Mashed Potato', 1, '2020-11-14 12:35:35'),
(303, 309, 4, 26, 'Baked Chiken With Mashed Potato', 1, '2020-11-14 14:03:59'),
(304, 310, 4, 26, 'Baked Chiken With Mashed Potato', 1, '2020-11-14 14:04:09'),
(305, 311, 4, 26, 'Baked Chiken With Mashed Potato', 1, '2020-11-14 14:04:20'),
(306, 312, 4, 26, 'Baked Chiken With Mashed Potato', 2, '2020-11-14 14:52:06'),
(307, 313, 4, 26, 'Baked Chiken With Mashed Potato', 1, '2020-11-14 14:52:42'),
(308, 314, 4, 26, 'Baked Chiken With Mashed Potato', 2, '2020-11-14 15:00:39'),
(309, 315, 4, 27, 'Fusilli Signature Skillet Supper', 2, '2020-11-14 15:00:57'),
(310, 316, 4, 37, 'Vegetarian katsu with mashed potato', 1, '2020-11-14 17:26:49'),
(311, 317, 4, 27, 'Fusilli Signature Skillet Supper', 1, '2020-11-14 17:27:10'),
(312, 318, 4, 38, 'Beef edamames salad', 1, '2020-11-14 17:27:31'),
(313, 319, 4, 40, 'Spaghetti marinara with grilled fish', 1, '2020-11-14 17:27:57'),
(320, 326, 4, 26, 'Baked Chiken With Mashed Potato', 1, '2020-11-14 18:29:32'),
(321, 327, 4, 26, 'Baked Chiken With Mashed Potato', 1, '2020-11-14 18:29:46'),
(322, 328, 4, 27, 'Fusilli Signature Skillet Supper', 1, '2020-11-14 18:30:02'),
(323, 329, 4, 27, 'Fusilli Signature Skillet Supper', 1, '2020-11-14 18:30:18'),
(324, 330, 4, 32, 'Shrimp Black Pepper', 2, '2020-11-14 18:48:15'),
(325, 331, 4, 28, 'Grilled Chicken Taliwang', 1, '2020-11-15 07:04:37'),
(326, 332, 4, 28, 'Grilled Chicken Taliwang', 1, '2020-11-15 07:05:01'),
(327, 333, 4, 28, 'Grilled Chicken Taliwang', 1, '2020-11-15 07:05:56'),
(328, 334, 4, 28, 'Grilled Chicken Taliwang', 1, '2020-11-15 07:06:14'),
(329, 335, 4, 28, 'Grilled Chicken Taliwang', 1, '2020-11-15 07:07:01'),
(330, 336, 4, 28, 'Grilled Chicken Taliwang', 1, '2020-11-15 07:07:22'),
(331, 337, 4, 28, 'Grilled Chicken Taliwang', 1, '2020-11-15 07:07:44'),
(332, 338, 4, 28, 'Grilled Chicken Taliwang', 1, '2020-11-15 07:08:07'),
(333, 339, 4, 28, 'Grilled Chicken Taliwang', 2, '2020-11-15 07:09:12'),
(334, 340, 4, 28, 'Grilled Chicken Taliwang', 1, '2020-11-15 07:09:39'),
(335, 341, 4, 28, 'Grilled Chicken Taliwang', 2, '2020-11-15 07:10:08'),
(336, 342, 4, 28, 'Grilled Chicken Taliwang', 1, '2020-11-15 07:10:53'),
(337, 343, 4, 28, 'Grilled Chicken Taliwang', 1, '2020-11-15 07:11:52'),
(338, 344, 4, 29, 'Chicken Kabobs With Grilled Potatoes', 2, '2020-11-15 07:15:00'),
(339, 345, 4, 29, 'Chicken Kabobs With Grilled Potatoes', 1, '2020-11-15 07:16:50'),
(340, 346, 4, 29, 'Chicken Kabobs With Grilled Potatoes', 1, '2020-11-15 07:17:18'),
(341, 347, 4, 31, 'Fish Fillet With puree pumpkin sauce', 2, '2020-11-15 07:31:41'),
(342, 348, 4, 31, 'Fish Fillet With puree pumpkin sauce', 1, '2020-11-15 07:34:42'),
(343, 349, 4, 31, 'Fish Fillet With puree pumpkin sauce', 1, '2020-11-15 07:35:08'),
(344, 350, 4, 30, 'Chicken Kung Pao', 1, '2020-11-15 07:40:44'),
(345, 351, 4, 30, 'Chicken Kung Pao', 1, '2020-11-15 07:41:10'),
(346, 352, 4, 30, 'Chicken Kung Pao', 1, '2020-11-15 07:41:56'),
(347, 353, 4, 30, 'Chicken Kung Pao', 1, '2020-11-15 07:43:02'),
(348, 354, 4, 30, 'Chicken Kung Pao', 1, '2020-11-15 07:43:57'),
(349, 355, 4, 30, 'Chicken Kung Pao', 1, '2020-11-15 07:46:12'),
(350, 356, 4, 30, 'Chicken Kung Pao', 1, '2020-11-15 07:46:35'),
(351, 357, 4, 30, 'Chicken Kung Pao', 1, '2020-11-15 07:47:10'),
(352, 358, 4, 30, 'Chicken Kung Pao', 2, '2020-11-15 07:47:45'),
(353, 359, 4, 30, 'Chicken Kung Pao', 1, '2020-11-15 07:48:37'),
(354, 360, 4, 30, 'Chicken Kung Pao', 2, '2020-11-15 07:49:04'),
(355, 361, 4, 30, 'Chicken Kung Pao', 1, '2020-11-15 07:50:11'),
(356, 362, 4, 30, 'Chicken Kung Pao', 1, '2020-11-15 07:50:33'),
(358, 364, 4, 32, 'Shrimp Black Pepper', 1, '2020-11-15 07:53:51'),
(359, 365, 4, 32, 'Shrimp Black Pepper', 1, '2020-11-15 07:54:29'),
(360, 366, 4, 32, 'Shrimp Black Pepper', 1, '2020-11-15 07:54:50'),
(361, 367, 4, 32, 'Shrimp Black Pepper', 1, '2020-11-15 07:55:31'),
(362, 368, 4, 32, 'Shrimp Black Pepper', 1, '2020-11-15 07:55:52'),
(363, 369, 4, 32, 'Shrimp Black Pepper', 1, '2020-11-15 07:56:17'),
(364, 370, 4, 32, 'Shrimp Black Pepper', 1, '2020-11-15 07:56:39'),
(365, 371, 4, 32, 'Shrimp Black Pepper', 1, '2020-11-15 07:56:58'),
(366, 372, 4, 32, 'Shrimp Black Pepper', 1, '2020-11-15 07:57:22'),
(367, 373, 4, 32, 'Shrimp Black Pepper', 1, '2020-11-15 07:58:01'),
(368, 374, 4, 32, 'Shrimp Black Pepper', 1, '2020-11-15 07:58:20'),
(369, 375, 4, 32, 'Shrimp Black Pepper', 1, '2020-11-15 07:58:38'),
(370, 376, 4, 32, 'Shrimp Black Pepper', 1, '2020-11-15 07:58:59'),
(371, 377, 4, 32, 'Shrimp Black Pepper', 2, '2020-11-15 07:59:18'),
(372, 378, 4, 32, 'Shrimp Black Pepper', 1, '2020-11-15 07:59:54'),
(373, 379, 4, 32, 'Shrimp Black Pepper', 1, '2020-11-15 08:00:11'),
(374, 380, 4, 32, 'Shrimp Black Pepper', 1, '2020-11-15 08:01:02'),
(375, 381, 4, 33, 'Grilled Chicken With Jacket Potato', 1, '2020-11-15 08:02:56'),
(376, 382, 4, 33, 'Grilled Chicken With Jacket Potato', 1, '2020-11-15 08:03:20'),
(377, 383, 4, 33, 'Grilled Chicken With Jacket Potato', 1, '2020-11-15 08:03:45'),
(378, 384, 4, 33, 'Grilled Chicken With Jacket Potato', 1, '2020-11-15 08:04:08'),
(379, 385, 4, 33, 'Grilled Chicken With Jacket Potato', 2, '2020-11-15 08:04:45'),
(380, 386, 4, 33, 'Grilled Chicken With Jacket Potato', 1, '2020-11-15 08:05:41'),
(381, 387, 4, 33, 'Grilled Chicken With Jacket Potato', 1, '2020-11-15 08:07:20'),
(382, 388, 4, 34, 'Fish Dabu Dabu', 1, '2020-11-15 08:10:27'),
(383, 389, 4, 34, 'Fish Dabu Dabu', 1, '2020-11-15 08:10:47'),
(384, 390, 4, 34, 'Fish Dabu Dabu', 1, '2020-11-15 08:11:17'),
(385, 391, 4, 34, 'Fish Dabu Dabu', 1, '2020-11-15 08:11:34'),
(386, 392, 4, 34, 'Fish Dabu Dabu', 1, '2020-11-15 08:11:58'),
(387, 393, 4, 34, 'Fish Dabu Dabu', 1, '2020-11-15 08:12:28'),
(388, 394, 4, 34, 'Fish Dabu Dabu', 1, '2020-11-15 08:12:45'),
(389, 395, 4, 34, 'Fish Dabu Dabu', 1, '2020-11-15 08:13:17'),
(390, 396, 4, 34, 'Fish Dabu Dabu', 1, '2020-11-15 08:13:40'),
(391, 397, 4, 34, 'Fish Dabu Dabu', 1, '2020-11-15 08:14:02'),
(392, 398, 4, 34, 'Fish Dabu Dabu', 1, '2020-11-15 08:14:24'),
(393, 399, 4, 34, 'Fish Dabu Dabu', 1, '2020-11-15 08:14:48'),
(394, 400, 4, 34, 'Fish Dabu Dabu', 1, '2020-11-15 08:15:19'),
(395, 401, 4, 34, 'Fish Dabu Dabu', 2, '2020-11-15 08:15:46'),
(396, 402, 4, 34, 'Fish Dabu Dabu', 1, '2020-11-15 08:16:13'),
(397, 403, 4, 34, 'Fish Dabu Dabu', 2, '2020-11-15 08:16:37'),
(398, 404, 4, 34, 'Fish Dabu Dabu', 1, '2020-11-15 08:17:19'),
(399, 405, 4, 34, 'Fish Dabu Dabu', 1, '2020-11-15 08:18:12'),
(400, 406, 4, 35, 'Korean Kimbab', 1, '2020-11-15 08:21:06'),
(401, 407, 4, 35, 'Korean Kimbab', 1, '2020-11-15 08:21:34'),
(402, 408, 4, 35, 'Korean Kimbab', 1, '2020-11-15 08:21:54'),
(403, 409, 4, 35, 'Korean Kimbab', 1, '2020-11-15 08:22:11'),
(404, 410, 4, 35, 'Korean Kimbab', 2, '2020-11-15 08:22:45'),
(405, 411, 4, 35, 'Korean Kimbab', 1, '2020-11-15 08:23:24'),
(406, 412, 4, 35, 'Korean Kimbab', 1, '2020-11-15 08:23:40'),
(407, 413, 4, 28, 'Grilled Chicken Taliwang', 1, '2020-11-15 12:22:33'),
(408, 414, 4, 30, 'Chicken Kung Pao', 1, '2020-11-15 12:22:57'),
(409, 415, 4, 32, 'Shrimp Black Pepper', 1, '2020-11-15 12:23:37'),
(410, 416, 4, 34, 'Fish Dabu Dabu', 1, '2020-11-15 12:24:55'),
(412, 418, 4, 47, 'Crispy Mushroom With Red Rice', 1, '2020-11-16 12:42:42'),
(413, 419, 4, 32, 'Shrimp Black Pepper', 1, '2020-11-17 07:49:08'),
(414, 420, 4, 33, 'Grilled Chicken With Jacket Potato', 1, '2020-11-17 07:49:34'),
(415, 421, 4, 34, 'Fish Dabu Dabu', 1, '2020-11-17 07:50:50'),
(416, 422, 4, 35, 'Korean Kimbab', 1, '2020-11-17 07:51:07'),
(417, 423, 5, 48, 'Beef black pepper', 1, '2020-11-19 10:38:41'),
(418, 424, 5, 63, 'Chicken blackpepper', 1, '2020-11-19 10:38:55'),
(419, 425, 5, 48, 'Beef black pepper', 1, '2020-11-19 10:41:12'),
(420, 426, 5, 48, 'Beef black pepper', 1, '2020-11-19 10:41:37'),
(421, 427, 5, 48, 'Beef black pepper', 1, '2020-11-19 10:42:01'),
(422, 428, 5, 62, 'Sandiwich vege mayo', 1, '2020-11-19 10:43:15'),
(423, 429, 5, 48, 'Beef black pepper', 1, '2020-11-19 10:43:42'),
(424, 430, 5, 48, 'Beef black pepper', 1, '2020-11-19 10:45:39'),
(426, 432, 5, 49, 'Spaghetti marinara with grilled fish', 1, '2020-11-19 10:47:03'),
(427, 433, 5, 49, 'Spaghetti marinara with grilled fish', 1, '2020-11-19 10:47:23'),
(428, 434, 5, 49, 'Spaghetti marinara with grilled fish', 1, '2020-11-19 10:47:36'),
(429, 435, 5, 49, 'Spaghetti marinara with grilled fish', 1, '2020-11-19 10:47:47'),
(430, 436, 5, 49, 'Spaghetti marinara with grilled fish', 1, '2020-11-19 10:48:01'),
(431, 437, 5, 49, 'Spaghetti marinara with grilled fish', 1, '2020-11-19 10:48:16'),
(432, 438, 5, 50, 'Chicken basil lettuce wrap', 1, '2020-11-19 10:48:58'),
(433, 439, 5, 52, 'Grilled chicken yogurt sauce', 1, '2020-11-19 10:49:10'),
(434, 440, 5, 54, 'Grillet fish pesto sauce with aglio olio', 1, '2020-11-19 10:49:21'),
(435, 441, 5, 56, 'Chicken penne tomato cream sauce', 1, '2020-11-19 10:49:37'),
(436, 442, 5, 50, 'Chicken basil lettuce wrap', 1, '2020-11-19 10:50:08'),
(437, 443, 5, 51, 'Fish fillet with aioli sauce', 1, '2020-11-19 10:50:20'),
(438, 444, 5, 52, 'Grilled chicken yogurt sauce', 1, '2020-11-19 10:50:37'),
(439, 445, 5, 53, 'Chicken soup with red rice', 1, '2020-11-19 10:50:51'),
(440, 446, 5, 61, 'Spaghetti mushroom stroganoff', 1, '2020-11-19 10:51:40'),
(441, 447, 5, 65, 'Thai Steamed fish fillet', 1, '2020-11-19 10:51:52'),
(442, 448, 5, 59, 'Vegetable kung pao', 1, '2020-11-19 10:52:14'),
(443, 449, 5, 51, 'Fish fillet with aioli sauce', 1, '2020-11-19 10:52:25'),
(444, 450, 5, 58, 'Spicy rice nourish bowl', 1, '2020-11-19 10:53:36'),
(445, 451, 5, 50, 'Chicken basil lettuce wrap', 1, '2020-11-19 10:54:00'),
(446, 452, 5, 51, 'Fish fillet with aioli sauce', 1, '2020-11-19 10:54:12'),
(447, 453, 5, 52, 'Grilled chicken yogurt sauce', 1, '2020-11-19 10:54:24'),
(448, 454, 5, 53, 'Chicken soup with red rice', 1, '2020-11-19 10:54:39'),
(449, 455, 5, 54, 'Grillet fish pesto sauce with aglio olio', 1, '2020-11-19 10:54:56'),
(450, 456, 5, 55, 'Chicken roulade with avocado salad', 1, '2020-11-19 10:55:07'),
(451, 457, 5, 56, 'Chicken penne tomato cream sauce', 1, '2020-11-19 10:55:18'),
(452, 458, 5, 57, 'Sauteed mix mushroom oyster sauce', 1, '2020-11-19 10:55:28'),
(453, 459, 5, 50, 'Chicken basil lettuce wrap', 1, '2020-11-19 10:56:12'),
(454, 460, 5, 52, 'Grilled chicken yogurt sauce', 1, '2020-11-19 10:56:43'),
(455, 461, 5, 54, 'Grillet fish pesto sauce with aglio olio', 1, '2020-11-19 10:57:15'),
(456, 462, 5, 56, 'Chicken penne tomato cream sauce', 1, '2020-11-19 10:57:30'),
(457, 463, 5, 50, 'Chicken basil lettuce wrap', 1, '2020-11-19 10:57:49'),
(458, 464, 5, 50, 'Chicken basil lettuce wrap', 1, '2020-11-19 10:58:40'),
(459, 465, 5, 51, 'Fish fillet with aioli sauce', 1, '2020-11-19 10:58:53'),
(460, 466, 5, 52, 'Grilled chicken yogurt sauce', 1, '2020-11-19 10:59:07'),
(461, 467, 5, 53, 'Chicken soup with red rice', 1, '2020-11-19 10:59:20'),
(462, 468, 5, 54, 'Grillet fish pesto sauce with aglio olio', 1, '2020-11-19 10:59:34'),
(463, 469, 5, 55, 'Chicken roulade with avocado salad', 1, '2020-11-19 10:59:51'),
(464, 470, 5, 56, 'Chicken penne tomato cream sauce', 1, '2020-11-19 11:00:05'),
(465, 471, 5, 57, 'Sauteed mix mushroom oyster sauce', 1, '2020-11-19 11:00:15'),
(466, 472, 5, 56, 'Chicken penne tomato cream sauce', 1, '2020-11-19 11:00:49'),
(467, 473, 5, 57, 'Sauteed mix mushroom oyster sauce', 1, '2020-11-19 11:01:02'),
(468, 474, 5, 54, 'Grillet fish pesto sauce with aglio olio', 1, '2020-11-19 11:01:15'),
(469, 475, 5, 55, 'Chicken roulade with avocado salad', 1, '2020-11-19 11:01:28'),
(470, 476, 5, 52, 'Grilled chicken yogurt sauce', 1, '2020-11-19 11:01:46'),
(471, 477, 5, 53, 'Chicken soup with red rice', 1, '2020-11-19 11:02:03'),
(472, 478, 5, 50, 'Chicken basil lettuce wrap', 1, '2020-11-19 11:02:19'),
(473, 479, 5, 51, 'Fish fillet with aioli sauce', 1, '2020-11-19 11:02:40'),
(475, 481, 5, 57, 'Sauteed mix mushroom oyster sauce', 1, '2020-11-19 11:04:05'),
(476, 482, 5, 53, 'Chicken soup with red rice', 1, '2020-11-19 11:04:21'),
(477, 483, 5, 51, 'Fish fillet with aioli sauce', 1, '2020-11-19 11:04:37'),
(478, 484, 5, 48, 'Beef black pepper', 1, '2020-11-21 07:38:34'),
(479, 485, 5, 50, 'Chicken basil lettuce wrap', 1, '2020-11-21 07:39:24'),
(480, 486, 5, 52, 'Grilled chicken yogurt sauce', 1, '2020-11-21 07:39:59'),
(481, 487, 5, 54, 'Grillet fish pesto sauce with aglio olio', 1, '2020-11-21 07:40:34'),
(482, 488, 5, 56, 'Chicken penne tomato cream sauce', 1, '2020-11-21 07:41:05'),
(483, 489, 5, 48, 'Beef black pepper', 1, '2020-11-21 09:48:44'),
(484, 490, 5, 50, 'Chicken basil lettuce wrap', 1, '2020-11-21 09:49:20'),
(485, 491, 5, 52, 'Grilled chicken yogurt sauce', 1, '2020-11-21 09:49:58'),
(486, 492, 5, 54, 'Grillet fish pesto sauce with aglio olio', 1, '2020-11-21 09:50:25'),
(487, 493, 5, 56, 'Chicken penne tomato cream sauce', 1, '2020-11-21 09:50:59'),
(488, 494, 5, 63, 'Chicken blackpepper', 1, '2020-11-21 10:24:31'),
(489, 495, 5, 48, 'Beef black pepper', 1, '2020-11-21 10:25:00'),
(490, 496, 5, 49, 'Spaghetti marinara with grilled fish', 1, '2020-11-21 10:25:14'),
(491, 497, 5, 50, 'Chicken basil lettuce wrap', 1, '2020-11-21 10:25:34'),
(492, 498, 5, 52, 'Grilled chicken yogurt sauce', 1, '2020-11-21 10:26:36'),
(493, 499, 5, 54, 'Grillet fish pesto sauce with aglio olio', 1, '2020-11-21 10:27:02'),
(494, 500, 5, 56, 'Chicken penne tomato cream sauce', 1, '2020-11-21 10:27:48'),
(495, 501, 5, 48, 'Beef black pepper', 1, '2020-11-21 10:36:11'),
(496, 502, 5, 50, 'Chicken basil lettuce wrap', 1, '2020-11-21 10:36:38'),
(497, 503, 5, 52, 'Grilled chicken yogurt sauce', 1, '2020-11-21 10:37:00'),
(498, 504, 5, 54, 'Grillet fish pesto sauce with aglio olio', 1, '2020-11-21 10:37:38'),
(499, 505, 5, 56, 'Chicken penne tomato cream sauce', 1, '2020-11-21 10:38:18'),
(500, 506, 5, 48, 'Beef black pepper', 1, '2020-11-21 12:33:12'),
(501, 507, 5, 50, 'Chicken basil lettuce wrap', 1, '2020-11-21 12:33:27'),
(502, 508, 5, 52, 'Grilled chicken yogurt sauce', 1, '2020-11-21 12:33:53'),
(503, 509, 5, 54, 'Grillet fish pesto sauce with aglio olio', 1, '2020-11-21 12:34:23'),
(504, 510, 5, 56, 'Chicken penne tomato cream sauce', 1, '2020-11-21 12:35:09'),
(505, 511, 5, 48, 'Beef black pepper', 1, '2020-11-21 17:17:18'),
(506, 512, 5, 48, 'Beef black pepper', 1, '2020-11-21 17:18:22'),
(507, 513, 5, 48, 'Beef black pepper', 1, '2020-11-21 17:38:03'),
(508, 514, 5, 49, 'Spaghetti marinara with grilled fish', 2, '2020-11-21 17:38:18'),
(509, 515, 5, 50, 'Chicken basil lettuce wrap', 1, '2020-11-21 17:38:33'),
(510, 516, 5, 51, 'Fish fillet with aioli sauce', 2, '2020-11-21 17:38:57'),
(511, 517, 5, 52, 'Grilled chicken yogurt sauce', 1, '2020-11-21 17:39:30'),
(512, 518, 5, 53, 'Chicken soup with red rice', 2, '2020-11-21 17:39:55'),
(513, 519, 5, 54, 'Grillet fish pesto sauce with aglio olio', 1, '2020-11-21 17:40:16'),
(514, 520, 5, 55, 'Chicken roulade with avocado salad', 2, '2020-11-21 17:40:36'),
(515, 521, 5, 57, 'Sauteed mix mushroom oyster sauce', 2, '2020-11-21 17:41:07'),
(516, 522, 5, 56, 'Chicken penne tomato cream sauce', 1, '2020-11-21 17:41:37'),
(517, 523, 5, 48, 'Beef black pepper', 1, '2020-11-21 17:43:05'),
(518, 524, 5, 50, 'Chicken basil lettuce wrap', 1, '2020-11-21 17:46:36'),
(519, 525, 5, 52, 'Grilled chicken yogurt sauce', 1, '2020-11-21 17:47:14'),
(520, 526, 5, 54, 'Grillet fish pesto sauce with aglio olio', 1, '2020-11-21 17:47:57'),
(521, 527, 5, 56, 'Chicken penne tomato cream sauce', 1, '2020-11-21 17:48:48'),
(522, 528, 5, 48, 'Beef black pepper', 1, '2020-11-21 18:16:06'),
(523, 529, 5, 49, 'Spaghetti marinara with grilled fish', 1, '2020-11-21 18:16:33'),
(524, 530, 5, 50, 'Chicken basil lettuce wrap', 1, '2020-11-21 18:16:52'),
(525, 531, 5, 51, 'Fish fillet with aioli sauce', 1, '2020-11-21 18:17:18'),
(526, 532, 5, 52, 'Grilled chicken yogurt sauce', 1, '2020-11-21 18:18:00'),
(527, 533, 5, 53, 'Chicken soup with red rice', 1, '2020-11-21 18:18:33'),
(528, 534, 5, 54, 'Grillet fish pesto sauce with aglio olio', 1, '2020-11-21 18:18:55'),
(529, 535, 5, 55, 'Chicken roulade with avocado salad', 1, '2020-11-21 18:19:38'),
(530, 536, 5, 57, 'Sauteed mix mushroom oyster sauce', 1, '2020-11-21 18:20:00'),
(531, 537, 5, 56, 'Chicken penne tomato cream sauce', 1, '2020-11-21 18:20:27'),
(532, 538, 5, 49, 'Spaghetti marinara with grilled fish', 1, '2020-11-21 18:31:31'),
(533, 539, 5, 50, 'Chicken basil lettuce wrap', 1, '2020-11-21 18:31:59'),
(534, 540, 5, 52, 'Grilled chicken yogurt sauce', 1, '2020-11-21 18:32:24'),
(535, 541, 5, 54, 'Grillet fish pesto sauce with aglio olio', 1, '2020-11-21 18:33:12'),
(536, 542, 5, 56, 'Chicken penne tomato cream sauce', 1, '2020-11-21 18:33:28'),
(537, 543, 5, 48, 'Beef black pepper', 1, '2020-11-21 18:45:05'),
(538, 544, 5, 49, 'Spaghetti marinara with grilled fish', 1, '2020-11-21 18:45:20'),
(539, 545, 5, 50, 'Chicken basil lettuce wrap', 1, '2020-11-21 18:46:20'),
(540, 546, 5, 51, 'Fish fillet with aioli sauce', 1, '2020-11-21 18:46:40'),
(541, 547, 5, 57, 'Sauteed mix mushroom oyster sauce', 1, '2020-11-21 18:47:00'),
(542, 548, 5, 56, 'Chicken penne tomato cream sauce', 1, '2020-11-21 18:47:51'),
(543, 549, 5, 55, 'Chicken roulade with avocado salad', 1, '2020-11-21 18:48:36'),
(544, 550, 5, 54, 'Grillet fish pesto sauce with aglio olio', 1, '2020-11-21 18:49:00'),
(545, 551, 5, 53, 'Chicken soup with red rice', 1, '2020-11-21 18:49:34'),
(546, 552, 5, 52, 'Grilled chicken yogurt sauce', 1, '2020-11-21 18:50:03'),
(550, 556, 7, NULL, NULL, 1, '2020-11-22 11:57:42'),
(551, 557, 7, NULL, NULL, 1, '2020-11-22 11:57:47'),
(552, 558, 7, NULL, NULL, 1, '2020-11-22 11:57:53'),
(553, 559, 5, 49, 'Spaghetti marinara with grilled fish', 1, '2020-11-22 15:47:24'),
(554, 560, 5, 51, 'Fish fillet with aioli sauce', 1, '2020-11-22 16:01:47'),
(555, 561, 5, 53, 'Chicken soup with red rice', 1, '2020-11-22 16:02:14'),
(556, 562, 5, 55, 'Chicken roulade with avocado salad', 1, '2020-11-22 16:03:15'),
(557, 563, 5, 57, 'Sauteed mix mushroom oyster sauce', 1, '2020-11-22 16:03:56'),
(558, 564, 5, 52, 'Grilled chicken yogurt sauce', 1, '2020-11-23 16:37:34'),
(559, 565, 5, 54, 'Grillet fish pesto sauce with aglio olio', 1, '2020-11-23 16:38:18'),
(560, 566, 5, 56, 'Chicken penne tomato cream sauce', 1, '2020-11-23 16:39:10'),
(561, 567, 5, 54, 'Grillet fish pesto sauce with aglio olio', 1, '2020-11-25 00:26:55'),
(562, 568, 5, 55, 'Chicken roulade with avocado salad', 2, '2020-11-25 00:27:24'),
(563, 569, 5, 56, 'Chicken penne tomato cream sauce', 1, '2020-11-25 00:28:42'),
(564, 570, 5, 57, 'Sauteed mix mushroom oyster sauce', 2, '2020-11-25 00:29:07'),
(565, 571, 5, 59, 'Vegetable kung pao', 1, '2020-11-25 07:46:30'),
(566, 572, 6, 66, 'Steamed fish with jacket potato', 1, '2020-11-29 10:47:57'),
(567, 573, 6, 66, 'Steamed fish with jacket potato', 1, '2020-11-29 10:48:32'),
(568, 574, 6, 66, 'Steamed fish with jacket potato', 1, '2020-11-29 10:48:50'),
(569, 575, 6, 66, 'Steamed fish with jacket potato', 1, '2020-11-29 10:49:54'),
(570, 576, 6, 66, 'Steamed fish with jacket potato', 1, '2020-11-29 10:50:26'),
(572, 578, 6, 66, 'Steamed fish with jacket potato', 1, '2020-11-29 10:51:38'),
(573, 579, 6, 66, 'Steamed fish with jacket potato', 1, '2020-11-29 11:00:03'),
(574, 580, 6, 66, 'Steamed fish with jacket potato', 1, '2020-11-29 11:00:19'),
(575, 581, 6, 66, 'Steamed fish with jacket potato', 1, '2020-11-29 11:00:39'),
(576, 582, 6, 66, 'Steamed fish with jacket potato', 1, '2020-11-29 11:00:59'),
(577, 583, 6, 66, 'Steamed fish with jacket potato', 1, '2020-11-29 11:06:59'),
(578, 584, 6, 67, 'Waldrof salad with sandwich vege mayo', 2, '2020-11-29 11:07:19'),
(579, 585, 6, 67, 'Waldrof salad with sandwich vege mayo', 1, '2020-11-29 11:07:54'),
(580, 586, 6, 67, 'Waldrof salad with sandwich vege mayo', 1, '2020-11-29 11:08:30'),
(581, 587, 6, 67, 'Waldrof salad with sandwich vege mayo', 1, '2020-11-29 11:08:46'),
(582, 588, 6, 67, 'Waldrof salad with sandwich vege mayo', 1, '2020-11-29 11:10:17'),
(583, 589, 6, 67, 'Waldrof salad with sandwich vege mayo', 1, '2020-11-29 11:10:36'),
(584, 590, 6, 67, 'Waldrof salad with sandwich vege mayo', 1, '2020-11-29 15:28:25'),
(585, 591, 6, 67, 'Waldrof salad with sandwich vege mayo', 1, '2020-11-29 15:28:39'),
(586, 592, 6, 66, 'Steamed fish with jacket potato', 1, '2020-11-29 15:28:52'),
(587, 593, 6, 66, 'Steamed fish with jacket potato', 1, '2020-11-29 15:31:50'),
(588, 594, 6, 66, 'Steamed fish with jacket potato', 1, '2020-11-29 15:34:35'),
(590, 596, 6, 66, 'Steamed fish with jacket potato', 1, '2020-11-29 15:41:25'),
(591, 597, 6, 67, 'Waldrof salad with sandwich vege mayo', 1, '2020-11-29 15:46:07'),
(592, 598, 6, 66, 'Steamed fish with jacket potato', 1, '2020-11-29 15:48:11'),
(593, 599, 6, 66, 'Steamed fish with jacket potato', 1, '2020-11-29 16:02:08'),
(594, 600, 6, 66, 'Steamed fish with jacket potato', 1, '2020-11-29 17:31:33'),
(595, 601, 6, 66, 'Steamed fish with jacket potato', 1, '2020-11-29 17:31:46'),
(596, 602, 6, 68, 'Chicken creamy gluten free zoodles', 1, '2020-11-30 06:15:15'),
(597, 603, 6, 70, 'Thai steamed fish fillet', 1, '2020-11-30 06:16:41'),
(598, 604, 6, 72, 'Chicken cordon bleu', 1, '2020-11-30 06:17:06'),
(599, 605, 6, 74, 'Beef edamame salad', 1, '2020-11-30 06:17:54'),
(600, 606, 6, 68, 'Chicken creamy gluten free zoodles', 1, '2020-11-30 06:18:42'),
(601, 607, 6, 70, 'Thai steamed fish fillet', 1, '2020-11-30 06:19:05'),
(602, 608, 6, 72, 'Chicken cordon bleu', 1, '2020-11-30 06:19:32'),
(603, 609, 6, 74, 'Beef edamame salad', 1, '2020-11-30 06:19:57'),
(604, 610, 6, 68, 'Chicken creamy gluten free zoodles', 1, '2020-11-30 06:20:41'),
(605, 611, 6, 70, 'Thai steamed fish fillet', 1, '2020-11-30 06:20:56'),
(606, 612, 6, 72, 'Chicken cordon bleu', 1, '2020-11-30 06:21:23'),
(607, 613, 6, 74, 'Beef edamame salad', 1, '2020-11-30 06:21:44'),
(608, 614, 6, 68, 'Chicken creamy gluten free zoodles', 1, '2020-11-30 06:22:07'),
(609, 615, 6, 70, 'Thai steamed fish fillet', 1, '2020-11-30 06:22:32'),
(610, 616, 6, 72, 'Chicken cordon bleu', 1, '2020-11-30 06:22:55'),
(611, 617, 6, 76, 'Chicken edamame salad', 1, '2020-11-30 06:23:17'),
(612, 618, 6, 69, 'Sweet and sour fish', 1, '2020-11-30 06:26:34'),
(613, 619, 6, 71, 'Spaghetti chicken mushroom stroganoff', 1, '2020-11-30 06:34:26'),
(614, 620, 6, 73, 'Honey garlic shrimp with padthai', 1, '2020-11-30 06:35:13'),
(615, 621, 6, 75, 'Chicken milanese', 1, '2020-11-30 06:35:30'),
(616, 622, 6, 68, 'Chicken creamy gluten free zoodles', 1, '2020-11-30 06:36:29'),
(617, 623, 6, 70, 'Thai steamed fish fillet', 1, '2020-11-30 06:37:19'),
(618, 624, 6, 72, 'Chicken cordon bleu', 1, '2020-11-30 06:37:46'),
(619, 625, 6, 76, 'Chicken edamame salad', 1, '2020-11-30 06:38:22'),
(620, 626, 6, 68, 'Chicken creamy gluten free zoodles', 1, '2020-11-30 06:39:44'),
(621, 627, 6, 70, 'Thai steamed fish fillet', 1, '2020-11-30 06:40:10'),
(622, 628, 6, 72, 'Chicken cordon bleu', 1, '2020-11-30 06:40:32'),
(623, 629, 6, 74, 'Beef edamame salad', 1, '2020-11-30 06:40:54'),
(628, 634, 6, 68, 'Chicken creamy gluten free zoodles', 1, '2020-11-30 06:44:02'),
(629, 635, 6, 70, 'Thai steamed fish fillet', 1, '2020-11-30 06:44:19'),
(630, 636, 6, 72, 'Chicken cordon bleu', 1, '2020-11-30 06:45:02'),
(631, 637, 6, 74, 'Beef edamame salad', 1, '2020-11-30 06:45:46'),
(632, 638, 6, 74, 'Beef edamame salad', 1, '2020-11-30 06:46:17'),
(633, 639, 6, 72, 'Chicken cordon bleu', 1, '2020-11-30 06:46:44'),
(634, 640, 6, 70, 'Thai steamed fish fillet', 1, '2020-11-30 06:52:28'),
(635, 641, 6, 68, 'Chicken creamy gluten free zoodles', 1, '2020-11-30 06:52:56'),
(636, 642, 6, 68, 'Chicken creamy gluten free zoodles', 1, '2020-11-30 06:53:40'),
(637, 643, 6, 69, 'Sweet and sour fish', 1, '2020-11-30 06:54:01'),
(638, 644, 6, 71, 'Spaghetti chicken mushroom stroganoff', 1, '2020-11-30 06:54:23'),
(639, 645, 6, 73, 'Honey garlic shrimp with padthai', 1, '2020-11-30 06:54:42'),
(640, 646, 6, 75, 'Chicken milanese', 1, '2020-11-30 06:55:03'),
(641, 647, 6, 70, 'Thai steamed fish fillet', 1, '2020-11-30 06:56:15'),
(642, 648, 6, 72, 'Chicken cordon bleu', 1, '2020-11-30 06:58:27'),
(643, 649, 6, 74, 'Beef edamame salad', 1, '2020-11-30 06:58:58'),
(644, 650, 6, 74, 'Beef edamame salad', 1, '2020-11-30 07:00:02'),
(645, 651, 6, 72, 'Chicken cordon bleu', 1, '2020-11-30 07:00:31'),
(646, 652, 6, 70, 'Thai steamed fish fillet', 1, '2020-11-30 07:01:01'),
(647, 653, 6, 68, 'Chicken creamy gluten free zoodles', 1, '2020-11-30 07:01:18'),
(648, 654, 6, 76, 'Chicken edamame salad', 1, '2020-11-30 07:01:59'),
(649, 655, 6, 72, 'Chicken cordon bleu', 1, '2020-11-30 07:03:27'),
(650, 656, 6, 77, 'Spaghetti aglio olio', 1, '2020-11-30 07:19:13'),
(651, 657, 6, 68, 'Chicken creamy gluten free zoodles', 1, '2020-11-30 07:30:03'),
(652, 658, 6, 70, 'Thai steamed fish fillet', 1, '2020-11-30 07:31:03'),
(653, 659, 6, 72, 'Chicken cordon bleu', 1, '2020-11-30 07:31:51'),
(654, 660, 6, 74, 'Beef edamame salad', 1, '2020-11-30 07:32:19'),
(655, 661, 6, 68, 'Chicken creamy gluten free zoodles', 1, '2020-11-30 07:33:30'),
(657, 663, 6, 70, 'Thai steamed fish fillet', 1, '2020-11-30 07:35:19'),
(658, 664, 6, 73, 'Honey garlic shrimp with padthai', 1, '2020-11-30 07:36:10'),
(659, 665, 6, 75, 'Chicken milanese', 1, '2020-11-30 07:36:32'),
(660, 666, 6, 68, 'Chicken creamy gluten free zoodles', 1, '2020-11-30 08:02:20'),
(661, 667, 6, 70, 'Thai steamed fish fillet', 1, '2020-11-30 08:02:40'),
(662, 668, 6, 72, 'Chicken cordon bleu', 1, '2020-11-30 08:03:03'),
(663, 669, 6, 74, 'Beef edamame salad', 1, '2020-11-30 08:03:29'),
(664, 670, 6, 69, 'Sweet and sour fish', 1, '2020-11-30 08:04:45'),
(665, 671, 6, 71, 'Spaghetti chicken mushroom stroganoff', 1, '2020-11-30 08:05:42'),
(666, 672, 6, 73, 'Honey garlic shrimp with padthai', 1, '2020-11-30 08:06:02'),
(667, 673, 6, 75, 'Chicken milanese', 1, '2020-11-30 08:06:20'),
(668, 674, 6, 69, 'Sweet and sour fish', 2, '2020-11-30 08:07:23'),
(669, 675, 6, 68, 'Chicken creamy gluten free zoodles', 1, '2020-11-30 08:07:45'),
(670, 676, 6, 70, 'Thai steamed fish fillet', 1, '2020-11-30 08:08:06'),
(671, 677, 6, 71, 'Spaghetti chicken mushroom stroganoff', 2, '2020-11-30 08:08:31'),
(673, 679, 6, 68, 'Chicken creamy gluten free zoodles', 1, '2020-11-30 08:09:44'),
(674, 680, 6, 70, 'Thai steamed fish fillet', 1, '2020-11-30 08:10:03'),
(675, 681, 6, 72, 'Chicken cordon bleu', 1, '2020-11-30 08:10:26'),
(676, 682, 6, 74, 'Beef edamame salad', 1, '2020-11-30 08:10:58'),
(677, 683, 6, 68, 'Chicken creamy gluten free zoodles', 1, '2020-11-30 08:11:35'),
(678, 684, 6, 70, 'Thai steamed fish fillet', 1, '2020-11-30 08:11:58'),
(679, 685, 6, 72, 'Chicken cordon bleu', 1, '2020-11-30 08:13:05'),
(680, 686, 6, 74, 'Beef edamame salad', 1, '2020-11-30 08:14:01'),
(681, 687, 6, 68, 'Chicken creamy gluten free zoodles', 1, '2020-11-30 08:15:06'),
(682, 688, 6, 68, 'Chicken creamy gluten free zoodles', 1, '2020-11-30 08:15:49'),
(683, 689, 6, 70, 'Thai steamed fish fillet', 1, '2020-11-30 08:16:09'),
(684, 690, 6, 72, 'Chicken cordon bleu', 1, '2020-11-30 08:16:39'),
(685, 691, 6, 74, 'Beef edamame salad', 1, '2020-11-30 08:17:18'),
(686, 692, 6, 68, 'Chicken creamy gluten free zoodles', 1, '2020-11-30 08:17:50'),
(687, 693, 6, 69, 'Sweet and sour fish', 1, '2020-11-30 08:18:09'),
(688, 694, 6, 70, 'Thai steamed fish fillet', 1, '2020-11-30 08:18:34'),
(689, 695, 6, 71, 'Spaghetti chicken mushroom stroganoff', 1, '2020-11-30 08:19:01'),
(690, 696, 6, 72, 'Chicken cordon bleu', 1, '2020-11-30 08:19:38'),
(691, 697, 6, 73, 'Honey garlic shrimp with padthai', 1, '2020-11-30 08:20:04'),
(692, 698, 6, 74, 'Beef edamame salad', 1, '2020-11-30 08:20:34'),
(693, 699, 6, 75, 'Chicken milanese', 1, '2020-11-30 08:20:52'),
(694, 700, 6, 69, 'Sweet and sour fish', 1, '2020-11-30 08:21:35'),
(696, 702, 6, 71, 'Spaghetti chicken mushroom stroganoff', 1, '2020-11-30 08:22:23'),
(697, 703, 6, 73, 'Honey garlic shrimp with padthai', 1, '2020-11-30 08:22:56'),
(698, 704, 6, 75, 'Chicken milanese', 1, '2020-11-30 08:23:16'),
(699, 705, 6, 67, 'Waldrof salad with sandwich vege mayo', 2, '2020-11-30 09:23:11'),
(700, 706, 6, 68, 'Chicken creamy gluten free zoodles', 2, '2020-11-30 09:23:32'),
(701, 707, 6, 69, 'Sweet and sour fish', 2, '2020-11-30 09:24:07'),
(702, 708, 6, 70, 'Thai steamed fish fillet', 2, '2020-11-30 09:24:31'),
(703, 709, 6, 71, 'Spaghetti chicken mushroom stroganoff', 2, '2020-11-30 09:25:42'),
(704, 710, 6, 72, 'Chicken cordon bleu', 2, '2020-11-30 09:26:00'),
(705, 711, 6, 78, 'Spaghetti aglio olio wiht mushroom ball', 2, '2020-11-30 09:26:33'),
(706, 712, 6, 74, 'Beef edamame salad', 2, '2020-11-30 09:29:15'),
(707, 713, 6, 75, 'Chicken milanese', 2, '2020-11-30 09:29:41'),
(708, 714, 6, 69, 'Sweet and sour fish', 1, '2020-12-01 09:03:08'),
(709, 715, 6, 70, 'Thai steamed fish fillet', 1, '2020-12-01 09:14:35'),
(710, 716, 6, 78, 'Spaghetti aglio olio wiht mushroom ball', 1, '2020-12-01 09:16:36'),
(711, 717, 6, 74, 'Beef edamame salad', 1, '2020-12-01 09:17:37'),
(712, 718, 6, 71, 'Spaghetti chicken mushroom stroganoff', 1, '2020-12-01 16:38:42'),
(713, 719, 6, 73, 'Honey garlic shrimp with padthai', 1, '2020-12-01 16:39:14'),
(714, 720, 6, 75, 'Chicken milanese', 1, '2020-12-01 16:40:27'),
(715, 721, 6, 70, 'Thai steamed fish fillet', 1, '2020-12-02 01:44:01'),
(716, 722, 6, 70, 'Thai steamed fish fillet', 1, '2020-12-02 01:44:22'),
(718, 724, 6, 71, 'Spaghetti chicken mushroom stroganoff', 1, '2020-12-02 01:45:17'),
(719, 725, 6, 72, 'Chicken cordon bleu', 1, '2020-12-02 01:45:52'),
(720, 726, 6, 72, 'Chicken cordon bleu', 1, '2020-12-02 01:46:28'),
(721, 727, 6, 73, 'Honey garlic shrimp with padthai', 1, '2020-12-02 01:48:27'),
(722, 728, 6, 74, 'Beef edamame salad', 1, '2020-12-02 01:49:16'),
(723, 729, 6, 74, 'Beef edamame salad', 1, '2020-12-02 01:49:45'),
(724, 730, 6, 75, 'Chicken milanese', 1, '2020-12-02 01:51:08'),
(725, 731, 6, 72, 'Chicken cordon bleu', 1, '2020-12-02 06:20:17'),
(726, 732, 6, 73, 'Honey garlic shrimp with padthai', 1, '2020-12-02 06:25:04'),
(727, 733, 6, 78, 'Spaghetti aglio olio wiht mushroom ball', 1, '2020-12-02 07:34:24'),
(728, 734, 7, 79, 'Baked chicken nourish bowl', 1, '2020-12-06 16:18:37'),
(729, 735, 7, 89, 'Baked fish nourish bowl', 1, '2020-12-06 16:18:59'),
(730, 736, 7, 80, 'Mushroom stuffed potato', 1, '2020-12-06 16:19:13'),
(731, 737, 7, 79, 'Baked chicken nourish bowl', 1, '2020-12-06 16:19:28'),
(732, 738, 7, 80, 'Mushroom stuffed potato', 1, '2020-12-06 16:19:44'),
(733, 739, 7, 80, 'Mushroom stuffed potato', 1, '2020-12-06 16:20:04'),
(734, 740, 7, 80, 'Mushroom stuffed potato', 1, '2020-12-06 16:20:31'),
(735, 741, 7, 79, 'Baked chicken nourish bowl', 1, '2020-12-06 16:20:53'),
(736, 742, 7, 79, 'Baked chicken nourish bowl', 1, '2020-12-06 16:21:15'),
(737, 743, 7, 79, 'Baked chicken nourish bowl', 1, '2020-12-06 16:21:32'),
(738, 744, 7, 79, 'Baked chicken nourish bowl', 1, '2020-12-06 16:21:50'),
(739, 745, 7, 80, 'Mushroom stuffed potato', 1, '2020-12-06 16:22:08'),
(740, 746, 7, 79, 'Baked chicken nourish bowl', 1, '2020-12-06 16:22:25'),
(741, 747, 7, 79, 'Baked chicken nourish bowl', 1, '2020-12-06 16:22:42'),
(742, 748, 7, 79, 'Baked chicken nourish bowl', 1, '2020-12-06 16:23:26'),
(743, 749, 7, 79, 'Baked chicken nourish bowl', 1, '2020-12-06 16:23:47'),
(744, 750, 7, 79, 'Baked chicken nourish bowl', 1, '2020-12-06 16:24:13'),
(745, 751, 7, 79, 'Baked chicken nourish bowl', 1, '2020-12-06 16:24:40'),
(746, 752, 7, 79, 'Baked chicken nourish bowl', 1, '2020-12-06 16:25:12'),
(748, 754, 7, 79, 'Baked chicken nourish bowl', 1, '2020-12-06 16:25:46'),
(749, 755, 7, 79, 'Baked chicken nourish bowl', 1, '2020-12-06 16:26:17'),
(750, 756, 7, 79, 'Baked chicken nourish bowl', 1, '2020-12-06 16:26:39'),
(751, 757, 7, 79, 'Baked chicken nourish bowl', 1, '2020-12-06 16:26:53'),
(752, 758, 7, 79, 'Baked chicken nourish bowl', 1, '2020-12-06 16:27:10'),
(753, 759, 7, 79, 'Baked chicken nourish bowl', 1, '2020-12-06 16:27:48'),
(754, 760, 7, 79, 'Baked chicken nourish bowl', 1, '2020-12-06 16:28:19'),
(755, 761, 7, 80, 'Mushroom stuffed potato', 1, '2020-12-06 16:28:40'),
(756, 762, 7, 89, 'Baked fish nourish bowl', 1, '2020-12-06 16:29:07'),
(757, 763, 7, 79, 'Baked chicken nourish bowl', 1, '2020-12-06 16:29:27'),
(758, 764, 7, 79, 'Baked chicken nourish bowl', 1, '2020-12-06 16:30:26'),
(759, 765, 7, 80, 'Mushroom stuffed potato', 1, '2020-12-06 16:31:01'),
(760, 766, 7, 79, 'Baked chicken nourish bowl', 1, '2020-12-06 16:31:24'),
(761, 767, 7, 80, 'Mushroom stuffed potato', 1, '2020-12-06 16:31:51'),
(762, 768, 7, 79, 'Baked chicken nourish bowl', 1, '2020-12-06 17:34:41');
INSERT INTO `catering_order_item` (`id`, `order_detail_id`, `order_batch_id`, `menu_id`, `food_name`, `quantity`, `created_time`) VALUES
(763, 769, 7, 80, 'Mushroom stuffed potato', 1, '2020-12-06 17:35:11'),
(764, 770, 7, 79, 'Baked chicken nourish bowl', 1, '2020-12-07 00:11:19'),
(765, 771, 7, 80, 'Mushroom stuffed potato', 1, '2020-12-07 00:11:37'),
(766, 772, 7, 79, 'Baked chicken nourish bowl', 1, '2020-12-07 00:11:48'),
(767, 773, 7, 80, 'Mushroom stuffed potato', 1, '2020-12-07 00:12:05'),
(768, 774, 7, 93, 'Sauteed mix mushroom oyster sauce', 1, '2020-12-07 07:27:52'),
(769, 775, 7, 81, 'Scrembled egg with sauteed shrimp ', 1, '2020-12-07 07:28:10'),
(770, 776, 7, 82, 'Crispy tofu with grilled potato', 1, '2020-12-07 07:28:29'),
(771, 777, 7, 93, 'Sauteed mix mushroom oyster sauce', 1, '2020-12-07 07:29:07'),
(772, 778, 7, 82, 'Crispy tofu with grilled potato', 1, '2020-12-07 07:29:29'),
(773, 779, 7, 81, 'Scrembled egg with sauteed shrimp ', 1, '2020-12-07 07:30:02'),
(774, 780, 7, 82, 'Crispy tofu with grilled potato', 1, '2020-12-07 07:30:40'),
(775, 781, 7, 82, 'Crispy tofu with grilled potato', 1, '2020-12-07 07:31:02'),
(776, 782, 7, 81, 'Scrembled egg with sauteed shrimp ', 1, '2020-12-07 07:31:22'),
(777, 783, 7, 81, 'Scrembled egg with sauteed shrimp ', 1, '2020-12-07 07:32:02'),
(778, 784, 7, 81, 'Scrembled egg with sauteed shrimp ', 1, '2020-12-07 07:42:35'),
(779, 785, 7, 82, 'Crispy tofu with grilled potato', 1, '2020-12-07 07:42:59'),
(780, 786, 7, 83, 'Chicken fillet with aioli sauce', 1, '2020-12-07 07:43:22'),
(781, 787, 7, 85, 'Fish dabu dabu ', 1, '2020-12-07 07:43:40'),
(782, 788, 7, 87, 'San choy bow roll maki', 1, '2020-12-07 07:44:02'),
(783, 789, 7, 83, 'Chicken fillet with aioli sauce', 1, '2020-12-07 07:44:54'),
(784, 790, 7, 84, 'Vegetable fusili skillet supper', 1, '2020-12-07 07:45:18'),
(785, 791, 7, 85, 'Fish dabu dabu ', 1, '2020-12-07 07:45:59'),
(786, 792, 7, 86, 'Tofu Mushroom Teriyaki', 1, '2020-12-07 07:46:18'),
(787, 793, 7, 87, 'San choy bow roll maki', 1, '2020-12-07 07:46:55'),
(788, 794, 7, 88, 'Steam kailan garlic tomyum', 1, '2020-12-07 07:48:54'),
(789, 795, 7, 83, 'Chicken fillet with aioli sauce', 1, '2020-12-07 07:49:52'),
(790, 796, 7, 84, 'Vegetable fusili skillet supper', 1, '2020-12-07 07:50:29'),
(791, 797, 7, 85, 'Fish dabu dabu ', 1, '2020-12-07 07:51:02'),
(792, 798, 7, 86, 'Tofu Mushroom Teriyaki', 1, '2020-12-07 07:51:23'),
(793, 799, 7, 87, 'San choy bow roll maki', 1, '2020-12-07 07:51:54'),
(794, 800, 7, 88, 'Steam kailan garlic tomyum', 1, '2020-12-07 07:52:14'),
(795, 801, 7, 83, 'Chicken fillet with aioli sauce', 1, '2020-12-07 08:02:02'),
(796, 802, 7, 84, 'Vegetable fusili skillet supper', 1, '2020-12-07 08:07:27'),
(797, 803, 7, 85, 'Fish dabu dabu ', 1, '2020-12-07 08:08:33'),
(798, 804, 7, 83, 'Chicken fillet with aioli sauce', 1, '2020-12-07 08:09:54'),
(799, 805, 7, 87, 'San choy bow roll maki', 1, '2020-12-07 08:10:33'),
(800, 806, 7, 88, 'Steam kailan garlic tomyum', 1, '2020-12-07 08:13:56'),
(801, 807, 7, 86, 'Tofu Mushroom Teriyaki', 1, '2020-12-07 08:14:18'),
(802, 808, 7, 84, 'Vegetable fusili skillet supper', 1, '2020-12-07 08:14:46'),
(803, 809, 7, 83, 'Chicken fillet with aioli sauce', 1, '2020-12-07 08:18:39'),
(804, 810, 7, 85, 'Fish dabu dabu ', 1, '2020-12-07 08:20:46'),
(805, 811, 7, 87, 'San choy bow roll maki', 1, '2020-12-07 08:22:40'),
(806, 812, 7, 91, 'Vegetable sushi with onion  ring', 1, '2020-12-07 08:23:30'),
(807, 813, 7, 88, 'Steam kailan garlic tomyum', 1, '2020-12-07 08:24:15'),
(808, 814, 7, 85, 'Fish dabu dabu ', 1, '2020-12-07 08:25:01'),
(809, 815, 7, 86, 'Tofu Mushroom Teriyaki', 1, '2020-12-07 08:25:45'),
(810, 816, 7, 92, 'Fish fillet with aioli sauce', 1, '2020-12-07 08:29:04'),
(811, 817, 7, 84, 'Vegetable fusili skillet supper', 1, '2020-12-07 08:31:34'),
(812, 818, 7, 81, 'Scrembled egg with sauteed shrimp ', 1, '2020-12-07 08:33:29'),
(813, 819, 7, 82, 'Crispy tofu with grilled potato', 1, '2020-12-07 08:33:49'),
(814, 820, 7, 82, 'Crispy tofu with grilled potato', 1, '2020-12-07 08:42:59'),
(815, 821, 7, 84, 'Vegetable fusili skillet supper', 1, '2020-12-07 08:44:04'),
(816, 822, 7, 86, 'Tofu Mushroom Teriyaki', 1, '2020-12-07 08:44:25'),
(817, 823, 7, 88, 'Steam kailan garlic tomyum', 1, '2020-12-07 08:45:42'),
(818, 824, 7, 83, 'Chicken fillet with aioli sauce', 1, '2020-12-07 08:46:48'),
(819, 825, 7, 85, 'Fish dabu dabu ', 1, '2020-12-07 08:47:56'),
(821, 827, 7, 81, 'Scrembled egg with sauteed shrimp ', 1, '2020-12-07 08:50:01'),
(822, 828, 7, 83, 'Chicken fillet with aioli sauce', 1, '2020-12-07 08:50:24'),
(823, 829, 7, 85, 'Fish dabu dabu ', 1, '2020-12-07 08:51:17'),
(824, 830, 7, 87, 'San choy bow roll maki', 1, '2020-12-07 08:51:55'),
(825, 831, 7, 87, 'San choy bow roll maki', 1, '2020-12-07 08:53:46'),
(826, 832, 7, 85, 'Fish dabu dabu ', 1, '2020-12-07 08:54:14'),
(827, 833, 7, 83, 'Chicken fillet with aioli sauce', 1, '2020-12-07 08:55:14'),
(828, 834, 7, 81, 'Scrembled egg with sauteed shrimp ', 1, '2020-12-07 08:57:27'),
(829, 835, 7, 81, 'Scrembled egg with sauteed shrimp ', 1, '2020-12-07 09:00:45'),
(831, 837, 7, 85, 'Fish dabu dabu ', 1, '2020-12-07 09:03:00'),
(832, 838, 7, 87, 'San choy bow roll maki', 1, '2020-12-07 09:03:29'),
(833, 839, 7, 81, 'Scrembled egg with sauteed shrimp ', 1, '2020-12-07 10:21:11'),
(834, 840, 7, 83, 'Chicken fillet with aioli sauce', 1, '2020-12-07 10:21:34'),
(835, 841, 7, 82, 'Crispy tofu with grilled potato', 1, '2020-12-07 10:22:01'),
(836, 842, 7, 84, 'Vegetable fusili skillet supper', 1, '2020-12-07 10:22:25'),
(837, 843, 7, 85, 'Fish dabu dabu ', 1, '2020-12-07 10:23:05'),
(838, 844, 7, 86, 'Tofu Mushroom Teriyaki', 1, '2020-12-07 10:23:23'),
(839, 845, 7, 87, 'San choy bow roll maki', 1, '2020-12-07 10:23:52'),
(840, 846, 7, 88, 'Steam kailan garlic tomyum', 1, '2020-12-07 10:24:11'),
(841, 847, 7, 81, 'Scrembled egg with sauteed shrimp ', 1, '2020-12-07 10:24:38'),
(842, 848, 7, 83, 'Chicken fillet with aioli sauce', 1, '2020-12-07 10:25:26'),
(843, 849, 7, 85, 'Fish dabu dabu ', 1, '2020-12-07 10:26:03'),
(844, 850, 7, 87, 'San choy bow roll maki', 1, '2020-12-07 10:26:37'),
(845, 851, 7, 87, 'San choy bow roll maki', 1, '2020-12-07 10:28:25'),
(846, 852, 7, 85, 'Fish dabu dabu ', 1, '2020-12-07 10:28:46'),
(847, 853, 7, 83, 'Chicken fillet with aioli sauce', 1, '2020-12-07 10:29:07'),
(848, 854, 7, 81, 'Scrembled egg with sauteed shrimp ', 1, '2020-12-07 10:29:21'),
(849, 855, 7, 87, 'San choy bow roll maki', 1, '2020-12-07 10:29:49'),
(850, 856, 7, 85, 'Fish dabu dabu ', 1, '2020-12-07 10:30:18'),
(851, 857, 7, 83, 'Chicken fillet with aioli sauce', 1, '2020-12-07 10:30:42'),
(852, 858, 7, 81, 'Scrembled egg with sauteed shrimp ', 1, '2020-12-07 10:31:09'),
(853, 859, 7, 87, 'San choy bow roll maki', 1, '2020-12-07 10:31:48'),
(854, 860, 7, 85, 'Fish dabu dabu ', 1, '2020-12-07 10:32:05'),
(855, 861, 7, 83, 'Chicken fillet with aioli sauce', 1, '2020-12-07 10:32:34'),
(856, 862, 7, 81, 'Scrembled egg with sauteed shrimp ', 1, '2020-12-07 10:32:59'),
(857, 863, 7, 81, 'Scrembled egg with sauteed shrimp ', 1, '2020-12-07 10:34:29'),
(858, 864, 7, 83, 'Chicken fillet with aioli sauce', 1, '2020-12-07 10:34:48'),
(859, 865, 7, 85, 'Fish dabu dabu ', 1, '2020-12-07 10:35:12'),
(860, 866, 7, 87, 'San choy bow roll maki', 1, '2020-12-07 10:35:33'),
(861, 867, 7, 81, 'Scrembled egg with sauteed shrimp ', 1, '2020-12-07 10:36:07'),
(862, 868, 7, 81, 'Scrembled egg with sauteed shrimp ', 1, '2020-12-07 10:36:23'),
(863, 869, 7, 83, 'Chicken fillet with aioli sauce', 1, '2020-12-07 10:36:43'),
(864, 870, 7, 83, 'Chicken fillet with aioli sauce', 1, '2020-12-07 10:37:03'),
(865, 871, 7, 85, 'Fish dabu dabu ', 1, '2020-12-07 10:37:49'),
(866, 872, 7, 85, 'Fish dabu dabu ', 1, '2020-12-07 10:38:11'),
(867, 873, 7, 95, 'Chicken san chow bow', 1, '2020-12-07 10:38:35'),
(868, 874, 7, 95, 'Chicken san chow bow', 1, '2020-12-07 10:38:51'),
(869, 875, 7, 81, 'Scrembled egg with sauteed shrimp ', 1, '2020-12-07 10:39:23'),
(870, 876, 7, 81, 'Scrembled egg with sauteed shrimp ', 1, '2020-12-07 10:39:38'),
(871, 877, 7, 83, 'Chicken fillet with aioli sauce', 1, '2020-12-07 10:40:17'),
(872, 878, 7, 83, 'Chicken fillet with aioli sauce', 1, '2020-12-07 10:40:45'),
(873, 879, 7, 85, 'Fish dabu dabu ', 1, '2020-12-07 10:41:08'),
(874, 880, 7, 85, 'Fish dabu dabu ', 1, '2020-12-07 10:43:40'),
(875, 881, 7, 95, 'Chicken san chow bow', 1, '2020-12-07 10:44:25'),
(876, 882, 7, 87, 'San choy bow roll maki', 1, '2020-12-07 10:44:45'),
(877, 883, 7, 87, 'San choy bow roll maki', 1, '2020-12-07 10:45:31'),
(878, 884, 7, 87, 'San choy bow roll maki', 1, '2020-12-07 10:46:18'),
(879, 885, 7, 90, 'Scrembled egg with sauteed shrimp', 1, '2020-12-07 10:46:58'),
(880, 886, 7, 90, 'Scrembled egg with sauteed shrimp', 1, '2020-12-07 10:47:42'),
(881, 887, 7, 83, 'Chicken fillet with aioli sauce', 1, '2020-12-07 10:48:25'),
(882, 888, 7, 83, 'Chicken fillet with aioli sauce', 1, '2020-12-07 10:49:36'),
(883, 889, 7, 85, 'Fish dabu dabu ', 1, '2020-12-07 10:50:03'),
(884, 890, 7, 85, 'Fish dabu dabu ', 1, '2020-12-07 10:50:33'),
(885, 891, 7, 81, 'Scrembled egg with sauteed shrimp ', 1, '2020-12-07 10:52:03'),
(887, 893, 7, 94, 'chicken dabu dabu', 1, '2020-12-07 10:53:00'),
(888, 894, 7, 87, 'San choy bow roll maki', 1, '2020-12-07 10:53:22'),
(889, 895, 7, 81, 'Scrembled egg with sauteed shrimp ', 1, '2020-12-07 10:54:23'),
(890, 896, 7, 82, 'Crispy tofu with grilled potato', 1, '2020-12-07 10:54:42'),
(891, 897, 7, 83, 'Chicken fillet with aioli sauce', 1, '2020-12-07 10:56:14'),
(892, 898, 7, 84, 'Vegetable fusili skillet supper', 1, '2020-12-07 10:56:39'),
(893, 899, 7, 85, 'Fish dabu dabu ', 1, '2020-12-07 10:57:06'),
(894, 900, 7, 86, 'Tofu Mushroom Teriyaki', 1, '2020-12-07 10:57:27'),
(895, 901, 7, 87, 'San choy bow roll maki', 1, '2020-12-07 10:58:14'),
(896, 902, 7, 88, 'Steam kailan garlic tomyum', 1, '2020-12-07 10:58:33'),
(897, 903, 7, 81, 'Scrembled egg with sauteed shrimp ', 1, '2020-12-07 10:59:14'),
(898, 904, 7, 92, 'Fish fillet with aioli sauce', 1, '2020-12-07 11:00:09'),
(900, 906, 7, 85, 'Fish dabu dabu ', 1, '2020-12-07 11:02:18'),
(901, 907, 7, 87, 'San choy bow roll maki', 1, '2020-12-07 11:05:22'),
(902, 908, 7, 88, 'Steam kailan garlic tomyum', 1, '2020-12-07 11:05:39'),
(903, 909, 7, 85, 'Fish dabu dabu ', 1, '2020-12-07 11:06:05'),
(904, 910, 7, 86, 'Tofu Mushroom Teriyaki', 1, '2020-12-07 11:06:21'),
(905, 911, 7, 81, 'Scrembled egg with sauteed shrimp ', 1, '2020-12-07 11:06:35'),
(906, 912, 7, 82, 'Crispy tofu with grilled potato', 1, '2020-12-07 11:06:55'),
(907, 913, 7, 83, 'Chicken fillet with aioli sauce', 1, '2020-12-07 11:07:12'),
(908, 914, 7, 84, 'Vegetable fusili skillet supper', 1, '2020-12-07 11:07:33'),
(912, 918, 7, 81, 'Scrembled egg with sauteed shrimp ', 1, '2020-12-07 11:09:30'),
(913, 919, 7, 84, 'Vegetable fusili skillet supper', 1, '2020-12-07 11:13:58'),
(914, 920, 7, 86, 'Tofu Mushroom Teriyaki', 1, '2020-12-07 11:14:49'),
(916, 922, 7, 82, 'Crispy tofu with grilled potato', 1, '2020-12-07 13:21:01'),
(918, 924, 7, 84, 'Vegetable fusili skillet supper', 1, '2020-12-07 13:34:04'),
(919, 925, 7, 86, 'Tofu Mushroom Teriyaki', 1, '2020-12-07 13:35:58'),
(920, 926, 7, 88, 'Steam kailan garlic tomyum', 1, '2020-12-07 13:37:51'),
(921, 927, 7, 81, 'Scrembled egg with sauteed shrimp ', 1, '2020-12-07 14:01:33'),
(923, 929, 7, 83, 'Chicken fillet with aioli sauce', 1, '2020-12-07 14:03:53'),
(924, 930, 7, 85, 'Fish dabu dabu ', 1, '2020-12-07 14:04:15'),
(925, 931, 7, 87, 'San choy bow roll maki', 1, '2020-12-07 14:05:08'),
(926, 932, 7, 84, 'Vegetable fusili skillet supper', 1, '2020-12-08 11:29:01'),
(929, 935, 7, 85, 'Fish dabu dabu ', 1, '2020-12-08 13:48:41'),
(933, 939, 7, 85, 'Fish dabu dabu ', 1, '2020-12-09 15:15:01'),
(935, 941, 7, 86, 'Tofu Mushroom Teriyaki', 1, '2020-12-09 15:24:00'),
(936, 942, 7, 86, 'Tofu Mushroom Teriyaki', 1, '2020-12-09 15:27:55'),
(937, 943, 8, 96, 'chicken fillet with aioli sauce and garlic bread', 1, '2020-12-10 07:47:54'),
(939, 945, 8, 96, 'chicken fillet with aioli sauce and garlic bread', 1, '2020-12-10 07:48:45'),
(940, 946, 8, 96, 'chicken fillet with aioli sauce and garlic bread', 1, '2020-12-10 07:48:59'),
(941, 947, 8, 96, 'chicken fillet with aioli sauce and garlic bread', 1, '2020-12-10 07:49:16'),
(942, 948, 8, 96, 'chicken fillet with aioli sauce and garlic bread', 1, '2020-12-10 07:49:30'),
(943, 949, 8, 96, 'chicken fillet with aioli sauce and garlic bread', 1, '2020-12-10 07:49:49'),
(944, 950, 8, 96, 'chicken fillet with aioli sauce and garlic bread', 1, '2020-12-10 07:50:01'),
(945, 951, 8, 96, 'chicken fillet with aioli sauce and garlic bread', 1, '2020-12-10 07:50:13'),
(946, 952, 8, 96, 'chicken fillet with aioli sauce and garlic bread', 1, '2020-12-10 07:50:30'),
(947, 953, 8, 96, 'chicken fillet with aioli sauce and garlic bread', 1, '2020-12-10 07:50:47'),
(948, 954, 8, 96, 'chicken fillet with aioli sauce and garlic bread', 1, '2020-12-10 07:51:00'),
(949, 955, 8, 96, 'chicken fillet with aioli sauce and garlic bread', 1, '2020-12-10 07:51:12'),
(950, 956, 8, 96, 'chicken fillet with aioli sauce and garlic bread', 1, '2020-12-10 07:51:30'),
(951, 957, 8, 96, 'chicken fillet with aioli sauce and garlic bread', 1, '2020-12-10 07:51:40'),
(952, 958, 8, 96, 'chicken fillet with aioli sauce and garlic bread', 2, '2020-12-10 07:51:54'),
(954, 960, 8, 96, 'chicken fillet with aioli sauce and garlic bread', 1, '2020-12-10 07:52:27'),
(955, 961, 8, 97, 'fish fillet with aioli sauce and garlic bread', 1, '2020-12-10 07:52:37'),
(956, 962, 8, 96, 'chicken fillet with aioli sauce and garlic bread', 1, '2020-12-10 07:52:48'),
(957, 963, 8, 96, 'chicken fillet with aioli sauce and garlic bread', 1, '2020-12-10 07:53:31'),
(958, 964, 8, 96, 'chicken fillet with aioli sauce and garlic bread', 1, '2020-12-10 07:53:45'),
(959, 965, 8, 96, 'chicken fillet with aioli sauce and garlic bread', 1, '2020-12-10 07:56:26'),
(960, 966, 7, 91, 'Vegetable sushi with onion  ring', 1, '2020-12-10 09:39:16'),
(961, 967, 8, 97, 'fish fillet with aioli sauce and garlic bread', 1, '2020-12-10 09:39:48'),
(962, 968, 8, 101, 'barbeque beef skewers with spaghetti marinara', 1, '2020-12-10 09:39:59'),
(963, 969, 8, 103, 'pesto panne with girlled fish', 1, '2020-12-10 09:40:15'),
(964, 970, 8, 107, 'crispy mushroom with mashed potato', 1, '2020-12-10 09:40:27'),
(965, 971, 8, 96, 'chicken fillet with aioli sauce and garlic bread', 1, '2020-12-10 09:47:11'),
(966, 972, 8, 96, 'chicken fillet with aioli sauce and garlic bread', 1, '2020-12-10 09:47:21'),
(967, 973, 8, 101, 'barbeque beef skewers with spaghetti marinara', 1, '2020-12-10 09:48:05'),
(968, 974, 8, 100, 'barbeque seafood skewers with spaghetti marinara', 1, '2020-12-10 09:48:28'),
(969, 975, 8, 96, 'chicken fillet with aioli sauce and garlic bread', 1, '2020-12-10 11:22:56'),
(971, 977, 8, 96, 'chicken fillet with aioli sauce and garlic bread', 1, '2020-12-10 11:23:06'),
(972, 978, 8, 100, 'barbeque seafood skewers with spaghetti marinara', 1, '2020-12-10 11:23:17'),
(973, 979, 8, 100, 'barbeque seafood skewers with spaghetti marinara', 1, '2020-12-10 11:23:25'),
(974, 980, 8, 103, 'pesto panne with girlled fish', 1, '2020-12-10 11:23:35'),
(975, 981, 8, 103, 'pesto panne with girlled fish', 1, '2020-12-10 11:23:45'),
(976, 982, 8, 107, 'crispy mushroom with mashed potato', 1, '2020-12-10 11:24:09'),
(977, 983, 8, 107, 'crispy mushroom with mashed potato', 1, '2020-12-10 11:24:21'),
(978, 984, 8, 111, 'chicken blackpepper with corn soup', 1, '2020-12-10 11:24:40'),
(979, 985, 8, 111, 'chicken blackpepper with corn soup', 1, '2020-12-10 11:24:49'),
(981, 987, 8, 98, 'baked chicken with mashed  potato', 1, '2020-12-10 11:34:59'),
(982, 988, 8, 98, 'baked chicken with mashed  potato', 1, '2020-12-10 11:35:16'),
(983, 989, 8, 99, 'baked fish with mashed  potato', 1, '2020-12-10 11:35:24'),
(984, 990, 8, 98, 'baked chicken with mashed  potato', 1, '2020-12-10 11:38:08'),
(985, 991, 8, 98, 'baked chicken with mashed  potato', 1, '2020-12-10 11:38:32'),
(986, 992, 8, 98, 'baked chicken with mashed  potato', 1, '2020-12-10 11:38:50'),
(987, 993, 8, 98, 'baked chicken with mashed  potato', 1, '2020-12-10 11:38:57'),
(988, 994, 8, 98, 'baked chicken with mashed  potato', 1, '2020-12-10 11:39:16'),
(989, 995, 8, 98, 'baked chicken with mashed  potato', 1, '2020-12-10 11:39:30'),
(990, 996, 8, 98, 'baked chicken with mashed  potato', 1, '2020-12-10 11:39:47'),
(991, 997, 8, 98, 'baked chicken with mashed  potato', 1, '2020-12-10 11:40:01'),
(992, 998, 7, 88, 'Steam kailan garlic tomyum', 1, '2020-12-10 13:22:00'),
(993, 999, 7, 88, 'Steam kailan garlic tomyum', 1, '2020-12-10 13:22:17'),
(994, 1000, 8, 98, 'baked chicken with mashed  potato', 1, '2020-12-10 14:23:02'),
(997, 1003, 8, 100, 'barbeque seafood skewers with spaghetti marinara', 1, '2020-12-10 14:24:15'),
(998, 1004, 8, 102, 'fish sandwich with alvocado salad', 1, '2020-12-10 14:25:15'),
(999, 1005, 8, 100, 'barbeque seafood skewers with spaghetti marinara', 1, '2020-12-11 02:10:38'),
(1000, 1006, 8, 103, 'pesto panne with girlled fish', 1, '2020-12-11 02:10:47'),
(1001, 1007, 8, 107, 'crispy mushroom with mashed potato', 1, '2020-12-11 02:10:59'),
(1002, 1008, 8, 111, 'chicken blackpepper with corn soup', 1, '2020-12-11 02:11:09'),
(1004, 1010, 8, 96, 'chicken fillet with aioli sauce and garlic bread', 1, '2020-12-12 12:53:21'),
(1005, 1011, 8, 100, 'barbeque seafood skewers with spaghetti marinara', 1, '2020-12-12 12:54:05'),
(1007, 1013, 8, 107, 'crispy mushroom with mashed potato', 1, '2020-12-12 12:57:14'),
(1008, 1014, 8, 111, 'chicken blackpepper with corn soup', 1, '2020-12-12 12:57:47'),
(1009, 1015, 8, 109, 'shrimp blackpepper', 1, '2020-12-12 14:44:33'),
(1010, 1016, 8, 100, 'barbeque seafood skewers with spaghetti marinara', 1, '2020-12-13 12:57:41'),
(1014, 1020, 8, 107, 'crispy mushroom with mashed potato', 1, '2020-12-13 13:03:05'),
(1015, 1021, 8, 109, 'shrimp blackpepper', 1, '2020-12-13 13:03:59'),
(1016, 1022, 8, 111, 'chicken blackpepper with corn soup', 1, '2020-12-13 13:04:18'),
(1017, 1023, 8, 113, 'spaghetti aglio olio with mushroom ball', 1, '2020-12-13 13:05:02'),
(1018, 1024, 8, 96, 'chicken fillet with aioli sauce and garlic bread', 2, '2020-12-13 13:21:29'),
(1019, 1025, 8, 98, 'baked chicken with mashed  potato', 2, '2020-12-13 13:21:54'),
(1020, 1026, 8, 96, 'chicken fillet with aioli sauce and garlic bread', 1, '2020-12-13 13:22:43'),
(1021, 1027, 8, 96, 'chicken fillet with aioli sauce and garlic bread', 1, '2020-12-13 13:23:51'),
(1023, 1029, 8, 100, 'barbeque seafood skewers with spaghetti marinara', 1, '2020-12-13 13:25:38'),
(1024, 1030, 8, 96, 'chicken fillet with aioli sauce and garlic bread', 1, '2020-12-13 13:26:18'),
(1027, 1033, 8, 103, 'pesto panne with girlled fish', 1, '2020-12-13 13:28:07'),
(1028, 1034, 8, 96, 'chicken fillet with aioli sauce and garlic bread', 1, '2020-12-13 15:54:49'),
(1030, 1036, 8, 98, 'baked chicken with mashed  potato', 1, '2020-12-13 15:58:37'),
(1031, 1037, 8, 101, 'barbeque beef skewers with spaghetti marinara', 2, '2020-12-14 07:54:41'),
(1032, 1038, 8, 100, 'barbeque seafood skewers with spaghetti marinara', 1, '2020-12-14 07:55:06'),
(1033, 1039, 8, 100, 'barbeque seafood skewers with spaghetti marinara', 1, '2020-12-14 07:55:36'),
(1034, 1040, 8, 100, 'barbeque seafood skewers with spaghetti marinara', 1, '2020-12-14 07:56:25'),
(1035, 1041, 8, 100, 'barbeque seafood skewers with spaghetti marinara', 1, '2020-12-14 07:57:30'),
(1036, 1042, 8, 100, 'barbeque seafood skewers with spaghetti marinara', 1, '2020-12-14 08:10:27'),
(1037, 1043, 8, 100, 'barbeque seafood skewers with spaghetti marinara', 1, '2020-12-14 08:15:07'),
(1038, 1044, 8, 100, 'barbeque seafood skewers with spaghetti marinara', 1, '2020-12-14 08:53:32'),
(1039, 1045, 8, 100, 'barbeque seafood skewers with spaghetti marinara', 1, '2020-12-14 09:37:28'),
(1040, 1046, 8, 102, 'fish sandwich with alvocado salad', 1, '2020-12-14 09:38:09'),
(1041, 1047, 8, 108, 'baked chicken with mashed potato', 1, '2020-12-14 09:39:21'),
(1042, 1048, 8, 102, 'fish sandwich with alvocado salad', 1, '2020-12-14 09:39:45'),
(1043, 1049, 8, 102, 'fish sandwich with alvocado salad', 1, '2020-12-14 09:40:06'),
(1044, 1050, 8, 102, 'fish sandwich with alvocado salad', 1, '2020-12-14 09:40:43'),
(1045, 1051, 8, 102, 'fish sandwich with alvocado salad', 1, '2020-12-14 09:41:13'),
(1046, 1052, 8, 102, 'fish sandwich with alvocado salad', 1, '2020-12-14 09:41:43'),
(1047, 1053, 8, 103, 'pesto panne with girlled fish', 2, '2020-12-14 09:48:17'),
(1048, 1054, 8, 103, 'pesto panne with girlled fish', 1, '2020-12-14 09:51:34'),
(1049, 1055, 8, 103, 'pesto panne with girlled fish', 1, '2020-12-14 09:51:56'),
(1050, 1056, 8, 103, 'pesto panne with girlled fish', 1, '2020-12-14 10:41:12'),
(1051, 1057, 8, 103, 'pesto panne with girlled fish', 1, '2020-12-14 10:41:37'),
(1052, 1058, 8, 103, 'pesto panne with girlled fish', 1, '2020-12-14 10:42:07'),
(1053, 1059, 8, 103, 'pesto panne with girlled fish', 1, '2020-12-14 10:42:27'),
(1054, 1060, 8, 103, 'pesto panne with girlled fish', 1, '2020-12-14 10:43:29'),
(1055, 1061, 8, 103, 'pesto panne with girlled fish', 1, '2020-12-14 10:43:50'),
(1056, 1062, 8, 105, 'balinese shreddded chicken', 2, '2020-12-14 10:45:49'),
(1057, 1063, 8, 105, 'balinese shreddded chicken', 1, '2020-12-14 10:57:01'),
(1058, 1064, 8, 105, 'balinese shreddded chicken', 1, '2020-12-14 10:57:38'),
(1059, 1065, 8, 105, 'balinese shreddded chicken', 1, '2020-12-14 10:58:18'),
(1060, 1066, 8, 105, 'balinese shreddded chicken', 1, '2020-12-14 10:59:30'),
(1061, 1067, 8, 103, 'pesto panne with girlled fish', 1, '2020-12-14 10:59:55'),
(1062, 1068, 8, 107, 'crispy mushroom with mashed potato', 2, '2020-12-14 11:10:00'),
(1064, 1070, 8, 107, 'crispy mushroom with mashed potato', 1, '2020-12-14 11:11:00'),
(1065, 1071, 8, 107, 'crispy mushroom with mashed potato', 1, '2020-12-14 11:11:30'),
(1068, 1074, 8, 107, 'crispy mushroom with mashed potato', 1, '2020-12-14 11:14:33'),
(1069, 1075, 8, 107, 'crispy mushroom with mashed potato', 1, '2020-12-14 11:20:31'),
(1070, 1076, 8, 107, 'crispy mushroom with mashed potato', 1, '2020-12-14 11:21:19'),
(1071, 1077, 8, 107, 'crispy mushroom with mashed potato', 1, '2020-12-14 11:21:53'),
(1072, 1078, 8, 107, 'crispy mushroom with mashed potato', 1, '2020-12-14 11:22:22'),
(1074, 1080, 8, 107, 'crispy mushroom with mashed potato', 1, '2020-12-14 11:23:42'),
(1075, 1081, 8, 110, 'beef blackpepper', 2, '2020-12-14 11:29:18'),
(1076, 1082, 8, 109, 'shrimp blackpepper', 1, '2020-12-14 11:30:05'),
(1077, 1083, 8, 109, 'shrimp blackpepper', 1, '2020-12-14 11:30:41'),
(1078, 1084, 8, 109, 'shrimp blackpepper', 1, '2020-12-14 11:31:09'),
(1079, 1085, 8, 109, 'shrimp blackpepper', 1, '2020-12-14 11:31:44'),
(1080, 1086, 8, 109, 'shrimp blackpepper', 1, '2020-12-14 11:32:20'),
(1081, 1087, 8, 108, 'baked chicken with mashed potato', 1, '2020-12-14 11:32:49'),
(1082, 1088, 8, 111, 'chicken blackpepper with corn soup', 2, '2020-12-14 11:41:50'),
(1083, 1089, 8, 111, 'chicken blackpepper with corn soup', 1, '2020-12-14 11:42:15'),
(1085, 1091, 8, 111, 'chicken blackpepper with corn soup', 1, '2020-12-14 11:42:47'),
(1086, 1092, 8, 111, 'chicken blackpepper with corn soup', 1, '2020-12-14 11:43:15'),
(1087, 1093, 8, 111, 'chicken blackpepper with corn soup', 1, '2020-12-14 11:43:32'),
(1088, 1094, 8, 111, 'chicken blackpepper with corn soup', 1, '2020-12-14 11:44:13'),
(1089, 1095, 8, 111, 'chicken blackpepper with corn soup', 1, '2020-12-14 11:44:49'),
(1090, 1096, 8, 111, 'chicken blackpepper with corn soup', 1, '2020-12-14 11:45:11'),
(1092, 1098, 8, 113, 'spaghetti aglio olio with mushroom ball', 2, '2020-12-14 11:47:34'),
(1093, 1099, 8, 113, 'spaghetti aglio olio with mushroom ball', 1, '2020-12-14 11:47:55'),
(1094, 1100, 8, 113, 'spaghetti aglio olio with mushroom ball', 1, '2020-12-14 11:48:20'),
(1095, 1101, 8, 113, 'spaghetti aglio olio with mushroom ball', 1, '2020-12-14 11:48:45'),
(1096, 1102, 8, 113, 'spaghetti aglio olio with mushroom ball', 1, '2020-12-14 11:49:04'),
(1097, 1103, 8, 113, 'spaghetti aglio olio with mushroom ball', 1, '2020-12-14 11:49:28'),
(1098, 1104, 8, 111, 'chicken blackpepper with corn soup', 1, '2020-12-14 11:49:52'),
(1099, 1105, 8, 100, 'barbeque seafood skewers with spaghetti marinara', 1, '2020-12-14 13:56:57'),
(1100, 1106, 8, 103, 'pesto panne with girlled fish', 1, '2020-12-14 13:57:33'),
(1101, 1107, 8, 107, 'crispy mushroom with mashed potato', 1, '2020-12-14 13:57:58'),
(1102, 1108, 8, 111, 'chicken blackpepper with corn soup', 1, '2020-12-14 13:58:59'),
(1103, 1109, 8, 102, 'fish sandwich with alvocado salad', 2, '2020-12-14 15:26:41'),
(1104, 1110, 8, 103, 'pesto panne with girlled fish', 1, '2020-12-14 15:37:16'),
(1105, 1111, 8, 101, 'barbeque beef skewers with spaghetti marinara', 1, '2020-12-14 15:47:36'),
(1106, 1112, 8, 102, 'fish sandwich with alvocado salad', 1, '2020-12-14 16:25:13'),
(1107, 1113, 8, 105, 'balinese shreddded chicken', 1, '2020-12-15 00:34:38'),
(1108, 1114, 8, 109, 'shrimp blackpepper', 1, '2020-12-15 00:35:51'),
(1109, 1115, 8, 113, 'spaghetti aglio olio with mushroom ball', 1, '2020-12-15 00:36:44'),
(1110, 1116, 8, 104, 'pesto panne with girlled chicken', 1, '2020-12-15 08:11:00'),
(1111, 1117, 8, 107, 'crispy mushroom with mashed potato', 1, '2020-12-15 08:11:46'),
(1112, 1118, 8, 111, 'chicken blackpepper with corn soup', 1, '2020-12-15 08:13:20'),
(1113, 1119, 8, 111, 'chicken blackpepper with corn soup', 2, '2020-12-15 09:27:57'),
(1114, 1120, 8, 103, 'pesto panne with girlled fish', 1, '2020-12-15 10:58:06'),
(1115, 1121, 8, 105, 'balinese shreddded chicken', 1, '2020-12-15 10:59:16'),
(1116, 1122, 8, 103, 'pesto panne with girlled fish', 1, '2020-12-15 13:37:51'),
(1117, 1123, 8, 107, 'crispy mushroom with mashed potato', 1, '2020-12-15 13:38:40'),
(1118, 1124, 8, 105, 'balinese shreddded chicken', 1, '2020-12-15 15:02:42'),
(1119, 1125, 8, 107, 'crispy mushroom with mashed potato', 1, '2020-12-16 03:43:26'),
(1120, 1126, 8, 111, 'chicken blackpepper with corn soup', 1, '2020-12-16 03:46:59'),
(1121, 1127, 8, 111, 'chicken blackpepper with corn soup', 1, '2020-12-16 03:47:29'),
(1122, 1128, 8, 113, 'spaghetti aglio olio with mushroom ball', 1, '2020-12-16 03:47:57'),
(1123, 1129, 8, 113, 'spaghetti aglio olio with mushroom ball', 1, '2020-12-16 03:48:35'),
(1124, 1130, 8, 109, 'shrimp blackpepper', 1, '2020-12-16 03:49:13'),
(1125, 1131, 8, 109, 'shrimp blackpepper', 1, '2020-12-16 03:49:33'),
(1126, 1132, 8, 107, 'crispy mushroom with mashed potato', 3, '2020-12-16 08:26:35'),
(1127, 1133, 8, 111, 'chicken blackpepper with corn soup', 3, '2020-12-16 08:27:52'),
(1128, 1134, 8, 111, 'chicken blackpepper with corn soup', 1, '2020-12-16 10:58:31'),
(1129, 1135, 8, 107, 'crispy mushroom with mashed potato', 1, '2020-12-17 00:42:26'),
(1130, 1136, 8, 111, 'chicken blackpepper with corn soup', 1, '2020-12-17 00:54:34'),
(1131, 1137, 8, 109, 'shrimp blackpepper', 1, '2020-12-17 00:55:17'),
(1133, 1139, 8, 109, 'shrimp blackpepper', 1, '2020-12-17 01:01:03'),
(1134, 1140, 8, 113, 'spaghetti aglio olio with mushroom ball', 1, '2020-12-17 01:03:21'),
(1135, 1141, 8, 113, 'spaghetti aglio olio with mushroom ball', 1, '2020-12-17 01:03:49'),
(1136, 1142, 8, 112, 'beef blackpepper with corn soup', 1, '2020-12-17 05:57:44'),
(1137, 1143, 8, 111, 'chicken blackpepper with corn soup', 1, '2020-12-17 06:23:17'),
(1138, 1144, 8, 111, 'chicken blackpepper with corn soup', 1, '2020-12-17 15:23:50'),
(1139, 1145, 9, 114, 'Grilled fish yogurt sauce with sweet potato', 1, '2020-12-20 16:07:57'),
(1140, 1146, 9, 114, 'Grilled fish yogurt sauce with sweet potato', 1, '2020-12-20 16:08:11'),
(1141, 1147, 9, 115, 'Grilled chicken yogurt sauce with sweet potato', 1, '2020-12-20 16:08:27'),
(1143, 1149, 9, 114, 'Grilled fish yogurt sauce with sweet potato', 1, '2020-12-20 16:09:27'),
(1144, 1150, 9, 114, 'Grilled fish yogurt sauce with sweet potato', 1, '2020-12-20 16:09:43'),
(1145, 1151, 9, 114, 'Grilled fish yogurt sauce with sweet potato', 1, '2020-12-20 16:10:02'),
(1146, 1152, 9, 115, 'Grilled chicken yogurt sauce with sweet potato', 1, '2020-12-20 16:10:27'),
(1147, 1153, 9, 114, 'Grilled fish yogurt sauce with sweet potato', 1, '2020-12-20 16:10:48'),
(1148, 1154, 9, 114, 'Grilled fish yogurt sauce with sweet potato', 1, '2020-12-20 16:11:10'),
(1149, 1155, 9, 114, 'Grilled fish yogurt sauce with sweet potato', 1, '2020-12-20 16:11:30'),
(1150, 1156, 9, 114, 'Grilled fish yogurt sauce with sweet potato', 1, '2020-12-20 16:11:52'),
(1151, 1157, 9, 114, 'Grilled fish yogurt sauce with sweet potato', 1, '2020-12-20 16:12:48'),
(1152, 1158, 9, 114, 'Grilled fish yogurt sauce with sweet potato', 1, '2020-12-20 16:13:28'),
(1153, 1159, 9, 115, 'Grilled chicken yogurt sauce with sweet potato', 3, '2020-12-20 16:14:07'),
(1154, 1160, 9, 114, 'Grilled fish yogurt sauce with sweet potato', 1, '2020-12-20 16:14:33'),
(1155, 1161, 9, 114, 'Grilled fish yogurt sauce with sweet potato', 1, '2020-12-20 16:14:54'),
(1156, 1162, 9, 114, 'Grilled fish yogurt sauce with sweet potato', 1, '2020-12-20 16:15:16'),
(1157, 1163, 9, 115, 'Grilled chicken yogurt sauce with sweet potato', 1, '2020-12-20 16:15:43'),
(1158, 1164, 9, 114, 'Grilled fish yogurt sauce with sweet potato', 1, '2020-12-20 16:16:04'),
(1159, 1165, 9, 114, 'Grilled fish yogurt sauce with sweet potato', 1, '2020-12-20 16:16:41'),
(1160, 1166, 9, 114, 'Grilled fish yogurt sauce with sweet potato', 1, '2020-12-20 16:17:10'),
(1161, 1167, 9, 114, 'Grilled fish yogurt sauce with sweet potato', 1, '2020-12-20 16:18:39'),
(1162, 1168, 9, 114, 'Grilled fish yogurt sauce with sweet potato', 1, '2020-12-20 16:19:19'),
(1163, 1169, 9, 114, 'Grilled fish yogurt sauce with sweet potato', 1, '2020-12-20 16:19:46'),
(1165, 1171, 9, 116, 'Soto sapi with red rice', 1, '2020-12-20 16:28:34'),
(1166, 1172, 9, 117, 'Soto ayam with red rice', 1, '2020-12-20 16:29:17'),
(1167, 1173, 9, 116, 'Soto sapi with red rice', 1, '2020-12-20 16:29:46'),
(1168, 1174, 9, 116, 'Soto sapi with red rice', 1, '2020-12-20 16:30:08'),
(1169, 1175, 9, 116, 'Soto sapi with red rice', 1, '2020-12-20 16:31:02'),
(1170, 1176, 9, 116, 'Soto sapi with red rice', 1, '2020-12-20 16:31:22'),
(1172, 1178, 9, 116, 'Soto sapi with red rice', 1, '2020-12-20 16:35:22'),
(1173, 1179, 9, 116, 'Soto sapi with red rice', 1, '2020-12-20 16:35:40'),
(1174, 1180, 9, 117, 'Soto ayam with red rice', 1, '2020-12-20 16:35:58'),
(1175, 1181, 9, 116, 'Soto sapi with red rice', 1, '2020-12-20 16:36:14'),
(1176, 1182, 9, 116, 'Soto sapi with red rice', 1, '2020-12-20 16:38:02'),
(1177, 1183, 9, 116, 'Soto sapi with red rice', 1, '2020-12-20 16:38:23'),
(1178, 1184, 9, 117, 'Soto ayam with red rice', 1, '2020-12-20 16:38:36'),
(1179, 1185, 9, 114, 'Grilled fish yogurt sauce with sweet potato', 1, '2020-12-20 16:38:54'),
(1180, 1186, 9, 116, 'Soto sapi with red rice', 1, '2020-12-20 16:39:12'),
(1181, 1187, 9, 116, 'Soto sapi with red rice', 1, '2020-12-21 03:20:14'),
(1182, 1188, 9, 116, 'Soto sapi with red rice', 1, '2020-12-21 05:39:38'),
(1183, 1189, 9, 118, 'Chicken hainan with hainan rice', 1, '2020-12-21 07:26:25'),
(1184, 1190, 9, 118, 'Chicken hainan with hainan rice', 1, '2020-12-21 07:26:59'),
(1185, 1191, 9, 118, 'Chicken hainan with hainan rice', 1, '2020-12-21 07:27:39'),
(1186, 1192, 9, 118, 'Chicken hainan with hainan rice', 1, '2020-12-21 07:28:38'),
(1187, 1193, 9, 118, 'Chicken hainan with hainan rice', 1, '2020-12-21 07:29:04'),
(1188, 1194, 9, 118, 'Chicken hainan with hainan rice', 1, '2020-12-21 07:29:32'),
(1189, 1195, 9, 118, 'Chicken hainan with hainan rice', 1, '2020-12-21 07:29:57'),
(1190, 1196, 9, 118, 'Chicken hainan with hainan rice', 1, '2020-12-21 07:30:24'),
(1191, 1197, 9, 118, 'Chicken hainan with hainan rice', 1, '2020-12-21 07:30:59'),
(1192, 1198, 9, 118, 'Chicken hainan with hainan rice', 1, '2020-12-21 07:31:26'),
(1193, 1199, 9, 118, 'Chicken hainan with hainan rice', 1, '2020-12-21 07:31:59'),
(1195, 1201, 9, 118, 'Chicken hainan with hainan rice', 1, '2020-12-21 07:32:50'),
(1196, 1202, 9, 118, 'Chicken hainan with hainan rice', 1, '2020-12-21 07:33:10'),
(1197, 1203, 9, 118, 'Chicken hainan with hainan rice', 1, '2020-12-21 07:33:48'),
(1199, 1205, 9, 118, 'Chicken hainan with hainan rice', 3, '2020-12-21 07:36:36'),
(1200, 1206, 9, 118, 'Chicken hainan with hainan rice', 1, '2020-12-21 07:37:19'),
(1201, 1207, 9, 118, 'Chicken hainan with hainan rice', 1, '2020-12-21 07:38:04'),
(1202, 1208, 9, 118, 'Chicken hainan with hainan rice', 1, '2020-12-21 07:40:10'),
(1203, 1209, 9, 118, 'Chicken hainan with hainan rice', 1, '2020-12-21 07:40:55'),
(1204, 1210, 9, 118, 'Chicken hainan with hainan rice', 1, '2020-12-21 07:41:24'),
(1205, 1211, 9, 118, 'Chicken hainan with hainan rice', 1, '2020-12-21 07:41:50'),
(1206, 1212, 9, 118, 'Chicken hainan with hainan rice', 1, '2020-12-21 07:42:12'),
(1207, 1213, 9, 119, 'Chicken hainan with baked potato', 1, '2020-12-21 07:42:50'),
(1208, 1214, 9, 120, 'Chicken burger with baked french fries', 1, '2020-12-21 07:51:26'),
(1209, 1215, 9, 120, 'Chicken burger with baked french fries', 1, '2020-12-21 07:52:40'),
(1210, 1216, 9, 120, 'Chicken burger with baked french fries', 1, '2020-12-21 07:55:07'),
(1211, 1217, 9, 120, 'Chicken burger with baked french fries', 1, '2020-12-21 07:56:29'),
(1212, 1218, 9, 120, 'Chicken burger with baked french fries', 1, '2020-12-21 08:00:08'),
(1213, 1219, 9, 120, 'Chicken burger with baked french fries', 1, '2020-12-21 08:02:05'),
(1214, 1220, 9, 120, 'Chicken burger with baked french fries', 1, '2020-12-21 08:02:48'),
(1216, 1222, 9, 120, 'Chicken burger with baked french fries', 1, '2020-12-21 08:09:31'),
(1217, 1223, 9, 120, 'Chicken burger with baked french fries', 1, '2020-12-21 08:10:04'),
(1218, 1224, 9, 120, 'Chicken burger with baked french fries', 1, '2020-12-21 08:10:41'),
(1219, 1225, 9, 120, 'Chicken burger with baked french fries', 1, '2020-12-21 08:11:44'),
(1220, 1226, 9, 120, 'Chicken burger with baked french fries', 1, '2020-12-21 13:53:28'),
(1221, 1227, 9, 120, 'Chicken burger with baked french fries', 1, '2020-12-21 13:53:58'),
(1222, 1228, 9, 120, 'Chicken burger with baked french fries', 1, '2020-12-21 13:54:33'),
(1223, 1229, 9, 118, 'Chicken hainan with hainan rice', 1, '2020-12-21 14:07:04'),
(1224, 1230, 9, 118, 'Chicken hainan with hainan rice', 1, '2020-12-22 02:37:45'),
(1225, 1231, 9, 121, 'Spaghetti Chicken Bolognese with chicken patty', 1, '2020-12-22 13:17:10'),
(1226, 1232, 9, 121, 'Spaghetti Chicken Bolognese with chicken patty', 1, '2020-12-22 13:18:49'),
(1227, 1233, 9, 121, 'Spaghetti Chicken Bolognese with chicken patty', 1, '2020-12-22 13:19:15'),
(1229, 1235, 9, 121, 'Spaghetti Chicken Bolognese with chicken patty', 1, '2020-12-22 13:20:23'),
(1230, 1236, 9, 121, 'Spaghetti Chicken Bolognese with chicken patty', 1, '2020-12-22 13:20:42'),
(1231, 1237, 9, 121, 'Spaghetti Chicken Bolognese with chicken patty', 1, '2020-12-22 13:21:15'),
(1232, 1238, 9, 121, 'Spaghetti Chicken Bolognese with chicken patty', 1, '2020-12-22 13:21:35'),
(1233, 1239, 9, 121, 'Spaghetti Chicken Bolognese with chicken patty', 1, '2020-12-22 13:22:03'),
(1234, 1240, 9, 121, 'Spaghetti Chicken Bolognese with chicken patty', 1, '2020-12-22 13:22:51'),
(1235, 1241, 9, 121, 'Spaghetti Chicken Bolognese with chicken patty', 1, '2020-12-22 13:23:11'),
(1236, 1242, 9, 121, 'Spaghetti Chicken Bolognese with chicken patty', 1, '2020-12-22 13:23:35'),
(1237, 1243, 9, 121, 'Spaghetti Chicken Bolognese with chicken patty', 1, '2020-12-22 13:23:57'),
(1238, 1244, 9, 121, 'Spaghetti Chicken Bolognese with chicken patty', 1, '2020-12-22 13:24:21'),
(1239, 1245, 9, 121, 'Spaghetti Chicken Bolognese with chicken patty', 1, '2020-12-22 13:24:45'),
(1240, 1246, 9, 121, 'Spaghetti Chicken Bolognese with chicken patty', 1, '2020-12-22 13:25:02'),
(1241, 1247, 9, 121, 'Spaghetti Chicken Bolognese with chicken patty', 1, '2020-12-22 13:25:24'),
(1242, 1248, 9, 121, 'Spaghetti Chicken Bolognese with chicken patty', 1, '2020-12-22 13:25:55'),
(1243, 1249, 9, 122, 'Steamed fish with mashed potato', 1, '2020-12-22 13:27:25'),
(1244, 1250, 9, 122, 'Steamed fish with mashed potato', 1, '2020-12-22 13:28:05'),
(1245, 1251, 9, 122, 'Steamed fish with mashed potato', 1, '2020-12-22 13:28:24'),
(1246, 1252, 9, 122, 'Steamed fish with mashed potato', 1, '2020-12-22 13:28:47'),
(1247, 1253, 9, 122, 'Steamed fish with mashed potato', 1, '2020-12-22 13:29:51'),
(1248, 1254, 9, 122, 'Steamed fish with mashed potato', 1, '2020-12-22 13:30:19'),
(1249, 1255, 9, 122, 'Steamed fish with mashed potato', 1, '2020-12-22 13:30:43'),
(1250, 1256, 9, 122, 'Steamed fish with mashed potato', 1, '2020-12-22 13:31:13'),
(1251, 1257, 9, 122, 'Steamed fish with mashed potato', 1, '2020-12-22 13:31:33'),
(1252, 1258, 9, 122, 'Steamed fish with mashed potato', 1, '2020-12-22 13:31:53'),
(1253, 1259, 9, 122, 'Steamed fish with mashed potato', 1, '2020-12-22 13:32:12'),
(1254, 1260, 9, 121, 'Spaghetti Chicken Bolognese with chicken patty', 1, '2020-12-22 13:32:40'),
(1255, 1261, 9, 121, 'Spaghetti Chicken Bolognese with chicken patty', 3, '2020-12-22 14:30:16'),
(1256, 1262, 9, 122, 'Steamed fish with mashed potato', 1, '2020-12-23 09:45:33'),
(1257, 1263, 10, 124, 'Fish Fillet With puree pumpkin sauce', 1, '2020-12-27 15:44:23'),
(1258, 1264, 10, 133, 'Chicken Fillet With puree pumpkin sauce', 3, '2020-12-27 15:46:16'),
(1259, 1265, 10, 133, 'Chicken Fillet With puree pumpkin sauce', 1, '2020-12-27 15:46:30'),
(1260, 1266, 10, 124, 'Fish Fillet With puree pumpkin sauce', 1, '2020-12-27 15:46:43'),
(1261, 1267, 10, 124, 'Fish Fillet With puree pumpkin sauce', 1, '2020-12-27 15:47:01'),
(1262, 1268, 10, 124, 'Fish Fillet With puree pumpkin sauce', 1, '2020-12-27 15:47:23'),
(1263, 1269, 10, 124, 'Fish Fillet With puree pumpkin sauce', 1, '2020-12-27 15:47:53'),
(1264, 1270, 10, 124, 'Fish Fillet With puree pumpkin sauce', 1, '2020-12-27 15:48:04'),
(1265, 1271, 10, 134, 'Fish fillet with aioli sauce', 1, '2020-12-27 15:48:30'),
(1267, 1273, 10, 124, 'Fish Fillet With puree pumpkin sauce', 1, '2020-12-27 15:50:13'),
(1268, 1274, 10, 133, 'Chicken Fillet With puree pumpkin sauce', 1, '2020-12-27 15:50:24'),
(1269, 1275, 10, 124, 'Fish Fillet With puree pumpkin sauce', 1, '2020-12-27 15:50:38'),
(1270, 1276, 10, 124, 'Fish Fillet With puree pumpkin sauce', 1, '2020-12-27 15:50:57'),
(1271, 1277, 10, 124, 'Fish Fillet With puree pumpkin sauce', 1, '2020-12-27 15:51:18'),
(1272, 1278, 10, 124, 'Fish Fillet With puree pumpkin sauce', 1, '2020-12-27 15:51:47'),
(1273, 1279, 10, 124, 'Fish Fillet With puree pumpkin sauce', 1, '2020-12-27 15:52:00'),
(1274, 1280, 10, 125, 'Chicken soup with corn rice', 1, '2020-12-27 16:45:34'),
(1275, 1281, 10, 125, 'Chicken soup with corn rice', 1, '2020-12-27 16:45:46'),
(1276, 1282, 10, 125, 'Chicken soup with corn rice', 1, '2020-12-27 16:46:00'),
(1277, 1283, 10, 125, 'Chicken soup with corn rice', 1, '2020-12-27 16:46:19'),
(1278, 1284, 10, 125, 'Chicken soup with corn rice', 1, '2020-12-27 16:46:32'),
(1279, 1285, 10, 125, 'Chicken soup with corn rice', 1, '2020-12-27 16:46:47'),
(1280, 1286, 10, 125, 'Chicken soup with corn rice', 1, '2020-12-27 16:46:59'),
(1281, 1287, 10, 124, 'Fish Fillet With puree pumpkin sauce', 1, '2020-12-27 16:47:14'),
(1282, 1288, 10, 125, 'Chicken soup with corn rice', 1, '2020-12-27 16:47:45'),
(1283, 1289, 10, 124, 'Fish Fillet With puree pumpkin sauce', 1, '2020-12-27 17:32:08'),
(1284, 1290, 10, 124, 'Fish Fillet With puree pumpkin sauce', 1, '2020-12-28 03:09:46'),
(1285, 1291, 10, 125, 'Chicken soup with corn rice', 1, '2020-12-28 04:26:40'),
(1286, 1292, 10, 126, 'Ayam pop with baked pumpkin', 1, '2020-12-28 16:10:14'),
(1287, 1293, 10, 126, 'Ayam pop with baked pumpkin', 1, '2020-12-28 16:10:32'),
(1288, 1294, 10, 126, 'Ayam pop with baked pumpkin', 3, '2020-12-28 16:11:01'),
(1289, 1295, 10, 126, 'Ayam pop with baked pumpkin', 1, '2020-12-28 16:11:58'),
(1290, 1296, 10, 126, 'Ayam pop with baked pumpkin', 1, '2020-12-28 16:12:31'),
(1291, 1297, 10, 126, 'Ayam pop with baked pumpkin', 1, '2020-12-28 16:12:58'),
(1292, 1298, 10, 126, 'Ayam pop with baked pumpkin', 1, '2020-12-28 16:13:29'),
(1293, 1299, 10, 126, 'Ayam pop with baked pumpkin', 1, '2020-12-28 16:13:52'),
(1294, 1300, 10, 126, 'Ayam pop with baked pumpkin', 1, '2020-12-28 16:14:31'),
(1295, 1301, 10, 135, 'Ayam pop with baked potato', 1, '2020-12-28 16:15:04'),
(1296, 1302, 10, 126, 'Ayam pop with baked pumpkin', 1, '2020-12-28 16:15:29'),
(1297, 1303, 10, 126, 'Ayam pop with baked pumpkin', 1, '2020-12-28 16:16:05'),
(1298, 1304, 10, 126, 'Ayam pop with baked pumpkin', 1, '2020-12-28 16:16:31'),
(1299, 1305, 10, 126, 'Ayam pop with baked pumpkin', 1, '2020-12-28 16:16:58'),
(1300, 1306, 10, 126, 'Ayam pop with baked pumpkin', 1, '2020-12-28 16:17:29'),
(1301, 1307, 10, 126, 'Ayam pop with baked pumpkin', 1, '2020-12-28 16:17:50'),
(1302, 1308, 10, 126, 'Ayam pop with baked pumpkin', 1, '2020-12-28 16:18:11'),
(1303, 1309, 10, 126, 'Ayam pop with baked pumpkin', 1, '2020-12-28 16:18:35'),
(1304, 1310, 10, 130, 'Fish curry', 1, '2020-12-28 16:21:03'),
(1305, 1311, 10, 136, 'chicken curry', 1, '2020-12-28 16:21:49'),
(1306, 1312, 10, 130, 'Fish curry', 1, '2020-12-28 16:23:51'),
(1307, 1313, 10, 130, 'Fish curry', 1, '2020-12-28 16:24:19'),
(1308, 1314, 10, 130, 'Fish curry', 1, '2020-12-28 16:24:44'),
(1310, 1316, 10, 130, 'Fish curry', 1, '2020-12-28 16:25:40'),
(1311, 1317, 10, 130, 'Fish curry', 1, '2020-12-28 16:26:05'),
(1312, 1318, 10, 130, 'Fish curry', 1, '2020-12-28 16:26:58'),
(1313, 1319, 10, 130, 'Fish curry', 1, '2020-12-28 16:35:23'),
(1314, 1320, 10, 130, 'Fish curry', 1, '2020-12-28 16:35:42'),
(1315, 1321, 10, 126, 'Ayam pop with baked pumpkin', 1, '2020-12-29 02:07:44'),
(1316, 1322, 10, 132, 'Red rice sushi roll with chicken teriaki', 1, '2020-12-29 05:35:24'),
(1317, 1323, 10, 131, 'Honey Garlic Shrimp With Creamy Fettucine', 1, '2020-12-29 16:07:50'),
(1318, 1324, 10, 131, 'Honey Garlic Shrimp With Creamy Fettucine', 1, '2020-12-29 16:08:09'),
(1320, 1326, 10, 131, 'Honey Garlic Shrimp With Creamy Fettucine', 1, '2020-12-29 16:22:10'),
(1321, 1327, 10, 131, 'Honey Garlic Shrimp With Creamy Fettucine', 1, '2020-12-29 16:22:33'),
(1322, 1328, 10, 131, 'Honey Garlic Shrimp With Creamy Fettucine', 1, '2020-12-29 16:22:51'),
(1323, 1329, 10, 131, 'Honey Garlic Shrimp With Creamy Fettucine', 1, '2020-12-29 16:23:24'),
(1324, 1330, 10, 131, 'Honey Garlic Shrimp With Creamy Fettucine', 1, '2020-12-29 16:23:49'),
(1325, 1331, 10, 131, 'Honey Garlic Shrimp With Creamy Fettucine', 1, '2020-12-29 16:24:07'),
(1326, 1332, 10, 131, 'Honey Garlic Shrimp With Creamy Fettucine', 1, '2020-12-29 16:24:25'),
(1327, 1333, 10, 131, 'Honey Garlic Shrimp With Creamy Fettucine', 1, '2020-12-29 16:24:47'),
(1328, 1334, 10, 131, 'Honey Garlic Shrimp With Creamy Fettucine', 1, '2020-12-29 16:25:03'),
(1329, 1335, 10, 131, 'Honey Garlic Shrimp With Creamy Fettucine', 1, '2020-12-29 16:25:43'),
(1330, 1336, 10, 131, 'Honey Garlic Shrimp With Creamy Fettucine', 1, '2020-12-29 16:25:59'),
(1331, 1337, 10, 132, 'Red rice sushi roll with chicken teriaki', 1, '2020-12-29 16:27:33'),
(1332, 1338, 10, 132, 'Red rice sushi roll with chicken teriaki', 1, '2020-12-29 16:27:50'),
(1333, 1339, 10, 132, 'Red rice sushi roll with chicken teriaki', 1, '2020-12-29 16:28:08'),
(1334, 1340, 10, 132, 'Red rice sushi roll with chicken teriaki', 1, '2020-12-29 16:28:34'),
(1335, 1341, 10, 132, 'Red rice sushi roll with chicken teriaki', 1, '2020-12-29 16:28:59'),
(1336, 1342, 10, 132, 'Red rice sushi roll with chicken teriaki', 1, '2020-12-29 16:29:22'),
(1337, 1343, 10, 132, 'Red rice sushi roll with chicken teriaki', 1, '2020-12-29 16:35:18'),
(1339, 1345, 10, 132, 'Red rice sushi roll with chicken teriaki', 1, '2020-12-29 16:36:36'),
(1340, 1346, 10, 132, 'Red rice sushi roll with chicken teriaki', 1, '2020-12-29 16:36:58'),
(1341, 1347, 10, 131, 'Honey Garlic Shrimp With Creamy Fettucine', 1, '2020-12-29 18:24:51'),
(1342, 1348, 10, 132, 'Red rice sushi roll with chicken teriaki', 2, '2020-12-30 08:24:41'),
(1344, 1350, 11, 140, 'Chicken Creamy Glutten Free Zoodles', 1, '2021-01-03 16:16:45'),
(1345, 1351, 11, 138, 'Baked fish with sweet and sour sauce', 1, '2021-01-03 16:17:01'),
(1346, 1352, 11, 140, 'Chicken Creamy Glutten Free Zoodles', 1, '2021-01-03 16:17:18'),
(1347, 1353, 11, 138, 'Baked fish with sweet and sour sauce', 1, '2021-01-03 16:17:29'),
(1348, 1354, 11, 140, 'Chicken Creamy Glutten Free Zoodles', 1, '2021-01-03 16:17:55'),
(1349, 1355, 11, 138, 'Baked fish with sweet and sour sauce', 1, '2021-01-03 16:18:34'),
(1350, 1356, 11, 140, 'Chicken Creamy Glutten Free Zoodles', 1, '2021-01-03 16:18:54'),
(1351, 1357, 11, 138, 'Baked fish with sweet and sour sauce', 1, '2021-01-03 16:19:08'),
(1352, 1358, 11, 140, 'Chicken Creamy Glutten Free Zoodles', 1, '2021-01-03 16:19:20'),
(1353, 1359, 11, 140, 'Chicken Creamy Glutten Free Zoodles', 1, '2021-01-03 16:19:39'),
(1354, 1360, 11, 138, 'Baked fish with sweet and sour sauce', 1, '2021-01-03 16:19:56'),
(1355, 1361, 11, 140, 'Chicken Creamy Glutten Free Zoodles', 1, '2021-01-03 16:20:07'),
(1356, 1362, 11, 138, 'Baked fish with sweet and sour sauce', 1, '2021-01-03 16:20:23'),
(1357, 1363, 11, 140, 'Chicken Creamy Glutten Free Zoodles', 1, '2021-01-03 16:20:50'),
(1358, 1364, 11, 140, 'Chicken Creamy Glutten Free Zoodles', 1, '2021-01-03 16:21:08'),
(1359, 1365, 11, 138, 'Baked fish with sweet and sour sauce', 1, '2021-01-04 00:51:45'),
(1360, 1366, 11, 140, 'Chicken Creamy Glutten Free Zoodles', 1, '2021-01-04 01:29:12'),
(1361, 1367, 11, 138, 'Baked fish with sweet and sour sauce', 1, '2021-01-04 03:20:27'),
(1362, 1368, 11, 141, 'Baked chicken and chips with milanese sauce', 1, '2021-01-04 14:45:28'),
(1363, 1369, 11, 141, 'Baked chicken and chips with milanese sauce', 1, '2021-01-04 14:45:59'),
(1364, 1370, 11, 141, 'Baked chicken and chips with milanese sauce', 1, '2021-01-04 14:46:29'),
(1365, 1371, 11, 141, 'Baked chicken and chips with milanese sauce', 1, '2021-01-04 14:46:59'),
(1366, 1372, 11, 141, 'Baked chicken and chips with milanese sauce', 1, '2021-01-04 14:47:35'),
(1367, 1373, 11, 141, 'Baked chicken and chips with milanese sauce', 2, '2021-01-04 14:47:57'),
(1368, 1374, 11, 141, 'Baked chicken and chips with milanese sauce', 1, '2021-01-04 14:48:17'),
(1369, 1375, 11, 141, 'Baked chicken and chips with milanese sauce', 1, '2021-01-04 14:48:42'),
(1371, 1377, 11, 142, 'Grilled fish pesto sauce with aglio olio', 1, '2021-01-04 14:51:02'),
(1372, 1378, 11, 142, 'Grilled fish pesto sauce with aglio olio', 1, '2021-01-04 14:52:47'),
(1373, 1379, 11, 142, 'Grilled fish pesto sauce with aglio olio', 1, '2021-01-04 14:53:13'),
(1374, 1380, 11, 149, 'Grilled chicken pesto sauce with aglio olio', 1, '2021-01-04 14:53:45'),
(1375, 1381, 11, 142, 'Grilled fish pesto sauce with aglio olio', 1, '2021-01-04 14:54:02'),
(1376, 1382, 11, 142, 'Grilled fish pesto sauce with aglio olio', 1, '2021-01-04 14:54:30'),
(1377, 1383, 11, 142, 'Grilled fish pesto sauce with aglio olio', 2, '2021-01-04 14:55:20'),
(1378, 1384, 11, 142, 'Grilled fish pesto sauce with aglio olio', 1, '2021-01-04 14:55:41'),
(1379, 1385, 11, 141, 'Baked chicken and chips with milanese sauce', 2, '2021-01-05 00:57:37'),
(1380, 1386, 11, 141, 'Baked chicken and chips with milanese sauce', 1, '2021-01-05 00:57:52'),
(1381, 1387, 11, 143, 'Spaghetti chicken mushroom stroganoff', 1, '2021-01-05 08:46:30'),
(1382, 1388, 11, 145, 'Kailan ifumie with tempeh orek and sunny side up', 1, '2021-01-05 08:46:54'),
(1383, 1389, 11, 144, 'Steam kailan tomyum seafood ', 1, '2021-01-05 08:47:17'),
(1384, 1390, 11, 146, 'Chicken kabobs with grilled potato', 1, '2021-01-05 08:47:34'),
(1385, 1391, 11, 147, 'Chicken roulade with avocado salad', 1, '2021-01-05 08:47:56'),
(1386, 1392, 11, 148, 'Chicken sambal matah with satai lilit', 1, '2021-01-05 09:41:27'),
(1387, 1393, 11, 143, 'Spaghetti chicken mushroom stroganoff', 1, '2021-01-05 14:25:41'),
(1388, 1394, 11, 143, 'Spaghetti chicken mushroom stroganoff', 2, '2021-01-05 14:26:38'),
(1389, 1395, 11, 143, 'Spaghetti chicken mushroom stroganoff', 2, '2021-01-05 14:27:00'),
(1390, 1396, 11, 143, 'Spaghetti chicken mushroom stroganoff', 1, '2021-01-05 14:27:24'),
(1391, 1397, 11, 143, 'Spaghetti chicken mushroom stroganoff', 1, '2021-01-05 14:27:51'),
(1392, 1398, 11, 143, 'Spaghetti chicken mushroom stroganoff', 1, '2021-01-05 14:28:21'),
(1393, 1399, 11, 143, 'Spaghetti chicken mushroom stroganoff', 1, '2021-01-05 14:28:46'),
(1394, 1400, 11, 143, 'Spaghetti chicken mushroom stroganoff', 1, '2021-01-05 14:29:21'),
(1395, 1401, 11, 143, 'Spaghetti chicken mushroom stroganoff', 1, '2021-01-05 14:30:13'),
(1397, 1403, 11, 144, 'Steam kailan tomyum seafood ', 1, '2021-01-05 14:41:33'),
(1398, 1404, 11, 144, 'Steam kailan tomyum seafood ', 1, '2021-01-05 14:42:00'),
(1399, 1405, 11, 144, 'Steam kailan tomyum seafood ', 1, '2021-01-05 14:42:38'),
(1400, 1406, 11, 144, 'Steam kailan tomyum seafood ', 1, '2021-01-05 14:43:01'),
(1401, 1407, 11, 144, 'Steam kailan tomyum seafood ', 2, '2021-01-05 14:43:33'),
(1402, 1408, 11, 144, 'Steam kailan tomyum seafood ', 1, '2021-01-05 14:43:50'),
(1403, 1409, 11, 145, 'Kailan ifumie with tempeh orek and sunny side up', 1, '2021-01-05 14:48:14'),
(1404, 1410, 11, 146, 'Chicken kabobs with grilled potato', 1, '2021-01-05 14:48:32'),
(1405, 1411, 11, 145, 'Kailan ifumie with tempeh orek and sunny side up', 1, '2021-01-05 15:01:57'),
(1406, 1412, 11, 145, 'Kailan ifumie with tempeh orek and sunny side up', 1, '2021-01-05 15:02:16'),
(1407, 1413, 11, 145, 'Kailan ifumie with tempeh orek and sunny side up', 1, '2021-01-05 15:02:50'),
(1408, 1414, 11, 145, 'Kailan ifumie with tempeh orek and sunny side up', 2, '2021-01-05 15:03:15'),
(1409, 1415, 11, 145, 'Kailan ifumie with tempeh orek and sunny side up', 1, '2021-01-05 15:03:35'),
(1410, 1416, 11, 145, 'Kailan ifumie with tempeh orek and sunny side up', 2, '2021-01-05 15:03:57'),
(1411, 1417, 11, 146, 'Chicken kabobs with grilled potato', 2, '2021-01-05 15:05:47'),
(1412, 1418, 11, 146, 'Chicken kabobs with grilled potato', 1, '2021-01-05 15:06:38'),
(1414, 1420, 11, 146, 'Chicken kabobs with grilled potato', 1, '2021-01-05 15:07:43'),
(1415, 1421, 11, 146, 'Chicken kabobs with grilled potato', 1, '2021-01-05 15:08:02'),
(1416, 1422, 11, 146, 'Chicken kabobs with grilled potato', 1, '2021-01-05 15:08:21'),
(1417, 1423, 11, 147, 'Chicken roulade with avocado salad', 1, '2021-01-05 15:36:33'),
(1418, 1424, 11, 147, 'Chicken roulade with avocado salad', 1, '2021-01-05 15:37:14'),
(1419, 1425, 11, 147, 'Chicken roulade with avocado salad', 1, '2021-01-05 15:37:40'),
(1420, 1426, 11, 147, 'Chicken roulade with avocado salad', 1, '2021-01-05 15:37:57'),
(1421, 1427, 11, 147, 'Chicken roulade with avocado salad', 2, '2021-01-05 15:38:20');
INSERT INTO `catering_order_item` (`id`, `order_detail_id`, `order_batch_id`, `menu_id`, `food_name`, `quantity`, `created_time`) VALUES
(1422, 1428, 11, 147, 'Chicken roulade with avocado salad', 2, '2021-01-05 15:38:38'),
(1423, 1429, 11, 147, 'Chicken roulade with avocado salad', 1, '2021-01-05 15:38:51'),
(1424, 1430, 11, 147, 'Chicken roulade with avocado salad', 1, '2021-01-05 15:39:54'),
(1425, 1431, 11, 148, 'Chicken sambal matah with satai lilit', 1, '2021-01-05 15:40:12'),
(1426, 1432, 11, 148, 'Chicken sambal matah with satai lilit', 1, '2021-01-05 15:40:27'),
(1428, 1434, 11, 148, 'Chicken sambal matah with satai lilit', 1, '2021-01-05 15:41:10'),
(1429, 1435, 11, 148, 'Chicken sambal matah with satai lilit', 2, '2021-01-05 15:41:31'),
(1430, 1436, 11, 145, 'Kailan ifumie with tempeh orek and sunny side up', 1, '2021-01-06 06:32:23'),
(1431, 1437, 11, 145, 'Kailan ifumie with tempeh orek and sunny side up', 1, '2021-01-06 06:32:40'),
(1432, 1438, 11, 147, 'Chicken roulade with avocado salad', 1, '2021-01-06 06:33:09'),
(1434, 1440, 12, 150, 'Grilled chicken with jacket potato', 1, '2021-01-09 13:56:55'),
(1435, 1441, 12, 151, 'Thai Steamed Fish', 1, '2021-01-09 13:57:34'),
(1436, 1442, 12, 150, 'Grilled chicken with jacket potato', 1, '2021-01-10 15:52:10'),
(1437, 1443, 12, 150, 'Grilled chicken with jacket potato', 1, '2021-01-10 15:52:50'),
(1438, 1444, 12, 150, 'Grilled chicken with jacket potato', 2, '2021-01-10 15:53:09'),
(1439, 1445, 12, 150, 'Grilled chicken with jacket potato', 1, '2021-01-10 15:53:23'),
(1440, 1446, 12, 150, 'Grilled chicken with jacket potato', 1, '2021-01-10 15:53:46'),
(1441, 1447, 12, 150, 'Grilled chicken with jacket potato', 1, '2021-01-10 15:54:01'),
(1442, 1448, 12, 150, 'Grilled chicken with jacket potato', 1, '2021-01-10 15:54:58'),
(1443, 1449, 12, 150, 'Grilled chicken with jacket potato', 1, '2021-01-10 15:55:15'),
(1444, 1450, 12, 160, 'Thai Steamed chicken', 1, '2021-01-10 16:00:36'),
(1445, 1451, 12, 151, 'Thai Steamed Fish', 1, '2021-01-10 16:00:58'),
(1446, 1452, 12, 151, 'Thai Steamed Fish', 1, '2021-01-10 16:01:23'),
(1447, 1453, 12, 151, 'Thai Steamed Fish', 1, '2021-01-10 16:01:53'),
(1448, 1454, 12, 151, 'Thai Steamed Fish', 1, '2021-01-10 16:08:21'),
(1449, 1455, 12, 151, 'Thai Steamed Fish', 1, '2021-01-10 16:08:42'),
(1450, 1456, 12, 150, 'Grilled chicken with jacket potato', 1, '2021-01-10 16:20:04'),
(1451, 1457, 12, 151, 'Thai Steamed Fish', 1, '2021-01-10 16:20:25'),
(1452, 1458, 12, 150, 'Grilled chicken with jacket potato', 1, '2021-01-10 16:25:10'),
(1453, 1459, 12, 150, 'Grilled chicken with jacket potato', 1, '2021-01-11 06:02:58'),
(1454, 1460, 12, 151, 'Thai Steamed Fish', 1, '2021-01-11 06:20:46'),
(1455, 1461, 12, 154, 'Salmon kimbab with korean fried cauliflower', 1, '2021-01-11 08:10:49'),
(1456, 1462, 12, 151, 'Thai Steamed Fish', 1, '2021-01-11 10:22:07'),
(1457, 1463, 12, 152, 'Stuffed baked egglpant bolognese sauce', 1, '2021-01-11 15:06:47'),
(1458, 1464, 12, 152, 'Stuffed baked egglpant bolognese sauce', 1, '2021-01-11 15:07:27'),
(1459, 1465, 12, 152, 'Stuffed baked egglpant bolognese sauce', 1, '2021-01-11 15:10:04'),
(1460, 1466, 12, 152, 'Stuffed baked egglpant bolognese sauce', 1, '2021-01-11 15:12:34'),
(1461, 1467, 12, 152, 'Stuffed baked egglpant bolognese sauce', 1, '2021-01-11 15:17:23'),
(1462, 1468, 12, 152, 'Stuffed baked egglpant bolognese sauce', 1, '2021-01-11 15:17:55'),
(1463, 1469, 12, 152, 'Stuffed baked egglpant bolognese sauce', 1, '2021-01-11 15:19:23'),
(1464, 1470, 12, 152, 'Stuffed baked egglpant bolognese sauce', 1, '2021-01-11 15:24:09'),
(1466, 1472, 12, 153, 'Baked chicken katsu with aioli sauce', 1, '2021-01-11 15:30:21'),
(1467, 1473, 12, 153, 'Baked chicken katsu with aioli sauce', 1, '2021-01-11 15:32:21'),
(1468, 1474, 12, 153, 'Baked chicken katsu with aioli sauce', 1, '2021-01-11 15:32:59'),
(1469, 1475, 12, 153, 'Baked chicken katsu with aioli sauce', 1, '2021-01-11 15:33:22'),
(1470, 1476, 12, 153, 'Baked chicken katsu with aioli sauce', 1, '2021-01-11 15:33:50'),
(1471, 1477, 12, 153, 'Baked chicken katsu with aioli sauce', 1, '2021-01-11 15:34:12'),
(1472, 1478, 12, 153, 'Baked chicken katsu with aioli sauce', 1, '2021-01-11 15:34:30'),
(1473, 1479, 12, 153, 'Baked chicken katsu with aioli sauce', 1, '2021-01-11 15:34:54'),
(1474, 1480, 12, 153, 'Baked chicken katsu with aioli sauce', 1, '2021-01-11 15:35:29'),
(1475, 1481, 12, 154, 'Salmon kimbab with korean fried cauliflower', 1, '2021-01-12 11:34:08'),
(1476, 1482, 12, 154, 'Salmon kimbab with korean fried cauliflower', 1, '2021-01-12 11:36:03'),
(1477, 1483, 12, 154, 'Salmon kimbab with korean fried cauliflower', 1, '2021-01-12 11:36:47'),
(1478, 1484, 12, 154, 'Salmon kimbab with korean fried cauliflower', 1, '2021-01-12 14:09:24'),
(1479, 1485, 12, 154, 'Salmon kimbab with korean fried cauliflower', 1, '2021-01-12 14:29:24'),
(1480, 1486, 12, 154, 'Salmon kimbab with korean fried cauliflower', 1, '2021-01-12 14:30:36'),
(1481, 1487, 12, 161, 'chicken kimbab with korean fried cauliflower', 1, '2021-01-12 14:32:22'),
(1482, 1488, 12, 154, 'Salmon kimbab with korean fried cauliflower', 1, '2021-01-12 14:32:38'),
(1483, 1489, 12, 155, 'Beef fusili skillet supper', 1, '2021-01-12 14:34:11'),
(1484, 1490, 12, 155, 'Beef fusili skillet supper', 1, '2021-01-12 14:34:31'),
(1485, 1491, 12, 155, 'Beef fusili skillet supper', 1, '2021-01-12 14:35:01'),
(1486, 1492, 12, 162, 'chicken fusilli skillet supper', 1, '2021-01-12 14:35:24'),
(1487, 1493, 12, 155, 'Beef fusili skillet supper', 1, '2021-01-12 14:36:01'),
(1488, 1494, 12, 155, 'Beef fusili skillet supper', 1, '2021-01-12 14:36:22'),
(1489, 1495, 12, 155, 'Beef fusili skillet supper', 1, '2021-01-12 14:36:38'),
(1490, 1496, 12, 155, 'Beef fusili skillet supper', 1, '2021-01-13 03:52:28'),
(1491, 1497, 12, 156, 'Spaghetti beef carbonara', 1, '2021-01-13 10:55:24'),
(1492, 1498, 12, 157, 'Baked chicken nourish bowl', 1, '2021-01-13 10:55:51'),
(1493, 1499, 12, 156, 'Spaghetti beef carbonara', 1, '2021-01-13 11:23:45'),
(1494, 1500, 12, 156, 'Spaghetti beef carbonara', 1, '2021-01-13 11:24:08'),
(1495, 1501, 12, 156, 'Spaghetti beef carbonara', 1, '2021-01-13 11:24:50'),
(1496, 1502, 12, 163, 'Spaghetti chicken carbonara', 1, '2021-01-13 11:25:12'),
(1497, 1503, 12, 163, 'Spaghetti chicken carbonara', 1, '2021-01-13 11:25:29'),
(1498, 1504, 12, 156, 'Spaghetti beef carbonara', 1, '2021-01-13 11:26:04'),
(1499, 1505, 12, 156, 'Spaghetti beef carbonara', 1, '2021-01-13 11:27:23'),
(1500, 1506, 12, 157, 'Baked chicken nourish bowl', 1, '2021-01-13 11:29:56'),
(1501, 1507, 12, 157, 'Baked chicken nourish bowl', 1, '2021-01-13 11:30:22'),
(1502, 1508, 12, 157, 'Baked chicken nourish bowl', 1, '2021-01-13 11:31:27'),
(1503, 1509, 12, 157, 'Baked chicken nourish bowl', 1, '2021-01-13 11:32:33'),
(1504, 1510, 12, 157, 'Baked chicken nourish bowl', 1, '2021-01-13 11:33:26'),
(1505, 1511, 12, 157, 'Baked chicken nourish bowl', 1, '2021-01-13 11:33:47'),
(1506, 1512, 12, 157, 'Baked chicken nourish bowl', 1, '2021-01-13 11:34:12'),
(1507, 1513, 12, 157, 'Baked chicken nourish bowl', 1, '2021-01-13 11:34:35'),
(1508, 1514, 12, 157, 'Baked chicken nourish bowl', 1, '2021-01-14 03:25:38'),
(1509, 1515, 12, 158, 'Chicken cordon blue with greek salad', 1, '2021-01-14 16:00:43'),
(1510, 1516, 12, 158, 'Chicken cordon blue with greek salad', 1, '2021-01-14 16:01:03'),
(1511, 1517, 12, 158, 'Chicken cordon blue with greek salad', 1, '2021-01-14 16:01:28'),
(1512, 1518, 12, 158, 'Chicken cordon blue with greek salad', 1, '2021-01-14 16:01:56'),
(1513, 1519, 12, 158, 'Chicken cordon blue with greek salad', 1, '2021-01-14 16:02:12'),
(1514, 1520, 12, 158, 'Chicken cordon blue with greek salad', 1, '2021-01-14 16:02:30'),
(1515, 1521, 12, 158, 'Chicken cordon blue with greek salad', 1, '2021-01-14 16:03:06'),
(1516, 1522, 12, 158, 'Chicken cordon blue with greek salad', 1, '2021-01-14 16:03:29'),
(1517, 1523, 12, 159, 'Chicken taliwang', 1, '2021-01-14 16:04:12'),
(1518, 1524, 12, 159, 'Chicken taliwang', 1, '2021-01-14 16:04:33'),
(1519, 1525, 12, 159, 'Chicken taliwang', 1, '2021-01-14 16:05:07'),
(1521, 1527, 12, 159, 'Chicken taliwang', 1, '2021-01-14 16:05:39'),
(1522, 1528, 12, 159, 'Chicken taliwang', 1, '2021-01-14 16:05:51'),
(1523, 1529, 12, 159, 'Chicken taliwang', 1, '2021-01-14 16:06:21'),
(1524, 1530, 12, 159, 'Chicken taliwang', 1, '2021-01-14 16:06:39'),
(1525, 1531, 12, 159, 'Chicken taliwang', 1, '2021-01-14 16:06:59');

-- --------------------------------------------------------

--
-- Struktur dari tabel `catering_package`
--

CREATE TABLE `catering_package` (
  `id` int(11) NOT NULL,
  `name` varchar(100) DEFAULT NULL,
  `duration` varchar(50) DEFAULT NULL,
  `price` varchar(15) DEFAULT NULL,
  `is_active` tinyint(1) NOT NULL DEFAULT '1',
  `created_time` timestamp NOT NULL DEFAULT CURRENT_TIMESTAMP
) ENGINE=InnoDB DEFAULT CHARSET=latin1;

--
-- Dumping data untuk tabel `catering_package`
--

INSERT INTO `catering_package` (`id`, `name`, `duration`, `price`, `is_active`, `created_time`) VALUES
(1, 'Weekly Lunch', '5 hari', '220000', 1, '2020-10-30 06:11:12'),
(2, 'Weekly Dinner', '5 Hari', '220000', 1, '2020-10-30 06:11:12'),
(3, 'Weekly Lunch + Dinner', '5 Hari', '395000', 1, '2020-10-30 06:12:38'),
(4, 'Monthly Lunch', '5 Hari x 4 Minggu', '795000', 1, '2020-10-30 06:12:38'),
(5, 'Monthly Dinner', '5 Hari x 4 Minggu', '795000', 1, '2020-10-30 06:13:28'),
(6, 'Monthly Lunch + Dinner', '5 Hari x 4 Minggu', '1450000', 1, '2020-10-30 06:13:28');

-- --------------------------------------------------------

--
-- Struktur dari tabel `day`
--

CREATE TABLE `day` (
  `id` int(11) NOT NULL,
  `name` varchar(20) NOT NULL
) ENGINE=InnoDB DEFAULT CHARSET=latin1;

--
-- Dumping data untuk tabel `day`
--

INSERT INTO `day` (`id`, `name`) VALUES
(1, 'Senin'),
(2, 'Selasa'),
(3, 'Rabu'),
(4, 'Kamis'),
(5, 'Jumat');

-- --------------------------------------------------------

--
-- Struktur dari tabel `delivery_data`
--

CREATE TABLE `delivery_data` (
  `id` int(11) NOT NULL,
  `driver_name` varchar(50) DEFAULT NULL,
  `driver_phone` varchar(15) DEFAULT NULL,
  `num_delivery` int(11) DEFAULT NULL,
  `start_delivered` varchar(50) DEFAULT NULL,
  `end_delivered` varchar(50) DEFAULT NULL,
  `delivery_date` varchar(20) DEFAULT NULL,
  `created_time` timestamp NULL DEFAULT CURRENT_TIMESTAMP
) ENGINE=InnoDB DEFAULT CHARSET=latin1;

--
-- Dumping data untuk tabel `delivery_data`
--

INSERT INTO `delivery_data` (`id`, `driver_name`, `driver_phone`, `num_delivery`, `start_delivered`, `end_delivered`, `delivery_date`, `created_time`) VALUES
(64, 'Hanif', '08232323232', 6, '21-11-2020 06:07:16', '21-11-2020 08:14:25', '21-11-2020', '2020-11-20 09:07:16'),
(65, 'Hanif', '08235938243', 3, '21-11-2020 08:41:17', '-', '21-11-2020', '2020-11-20 11:41:17'),
(66, 'Hanif', '08235938243', 3, '21-11-2020 08:42:51', '-', '21-11-2020', '2020-11-20 11:42:51'),
(67, 'Hanif', '0823232', 3, '21-11-2020 12:42:07', '21-11-2020 13:29:44', '21-11-2020', '2020-11-20 15:42:07'),
(68, 'Hanif', '08236943345', 3, '21-11-2020 14:14:21', '-', '21-11-2020', '2020-11-20 17:14:21'),
(69, 'Hanif', '082369433456', 3, '21-11-2020 14:31:35', '-', '21-11-2020', '2020-11-20 17:31:35'),
(70, 'Hanif', '082369433456', 3, '21-11-2020 14:32:41', '-', '21-11-2020', '2020-11-20 17:32:41'),
(71, 'Hanif', '082369433456', 3, '21-11-2020 14:33:13', '-', '21-11-2020', '2020-11-20 17:33:13'),
(72, 'Hanif', '0809273232', 3, '21-11-2020 14:33:52', '-', '21-11-2020', '2020-11-20 17:33:52'),
(73, 'Hanif', '0809273232', 3, '21-11-2020 14:34:13', '-', '21-11-2020', '2020-11-20 17:34:13'),
(74, 'Hanif', '0809273232', 3, '21-11-2020 14:35:38', '-', '21-11-2020', '2020-11-20 17:35:38'),
(75, 'Hanif', '0809273232', 3, '21-11-2020 14:36:52', '-', '21-11-2020', '2020-11-20 17:36:52'),
(76, 'Hanif', '0809273232', 3, '21-11-2020 14:37:10', '-', '21-11-2020', '2020-11-20 17:37:10'),
(77, 'Hanif', '0809273232', 3, '21-11-2020 14:37:17', '-', '21-11-2020', '2020-11-20 17:37:17'),
(78, 'Hanif', '0809273232', 3, '21-11-2020 14:37:21', '-', '21-11-2020', '2020-11-20 17:37:21'),
(79, 'Hanif', '0809273232', 3, '21-11-2020 14:38:11', '-', '21-11-2020', '2020-11-20 17:38:11'),
(80, 'Hanif', '0809273232', 3, '21-11-2020 14:38:26', '-', '21-11-2020', '2020-11-20 17:38:26'),
(81, 'Hanif', '0809273232', 3, '21-11-2020 14:41:42', '-', '21-11-2020', '2020-11-20 17:41:42'),
(82, 'Hanif', '0809273232', 3, '21-11-2020 14:58:54', '-', '21-11-2020', '2020-11-20 17:58:54'),
(83, 'Hanif', '0809273232', 3, '21-11-2020 14:59:35', '-', '21-11-2020', '2020-11-20 17:59:35'),
(84, 'Hanif', '0809273232', 3, '21-11-2020 15:00:08', '-', '21-11-2020', '2020-11-20 18:00:08'),
(85, 'Hanif', '0809273232', 3, '21-11-2020 15:00:26', '-', '21-11-2020', '2020-11-20 18:00:26'),
(86, 'Hanif', '0809273232', 3, '21-11-2020 15:00:46', '-', '21-11-2020', '2020-11-20 18:00:46'),
(87, 'Hanif', '0809273232', 3, '21-11-2020 15:00:53', '-', '21-11-2020', '2020-11-20 18:00:53'),
(88, 'Hanif', '0809273232', 3, '21-11-2020 15:01:13', '-', '21-11-2020', '2020-11-20 18:01:13'),
(89, 'Hanif', '0809273232', 3, '21-11-2020 15:02:48', '-', '21-11-2020', '2020-11-20 18:02:48'),
(90, 'Hanif', '0809273232', 3, '21-11-2020 15:03:18', '-', '21-11-2020', '2020-11-20 18:03:18'),
(91, 'Hanif', '0809273232', 3, '21-11-2020 15:05:49', '-', '21-11-2020', '2020-11-20 18:05:49'),
(92, 'Hanif', '0809273232', 3, '21-11-2020 15:07:13', '-', '21-11-2020', '2020-11-20 18:07:13'),
(93, 'Hanif', '0809273232', 3, '21-11-2020 15:07:59', '-', '21-11-2020', '2020-11-20 18:07:59'),
(94, 'Hanif', '0809273232', 3, '21-11-2020 15:09:30', '-', '21-11-2020', '2020-11-20 18:09:30'),
(95, 'Hanif', '0809273232', 3, '21-11-2020 15:11:57', '-', '21-11-2020', '2020-11-20 18:11:57'),
(96, 'Hanif', '0809273232', 3, '21-11-2020 15:12:06', '-', '21-11-2020', '2020-11-20 18:12:06'),
(97, 'Hanif', '0809273232', 3, '21-11-2020 15:12:30', '-', '21-11-2020', '2020-11-20 18:12:30'),
(98, 'Hanif', '0809273232', 3, '21-11-2020 15:12:59', '-', '21-11-2020', '2020-11-20 18:12:59'),
(99, 'Hanif', '0809273232', 3, '21-11-2020 15:15:16', '-', '21-11-2020', '2020-11-20 18:15:16'),
(100, 'Hanif', '082323233', 3, '21-11-2020 15:22:41', '-', '21-11-2020', '2020-11-20 18:22:41'),
(101, 'Hanif', '082323233', 3, '21-11-2020 15:28:05', '-', '21-11-2020', '2020-11-20 18:28:05'),
(102, 'Hanif', '082323233', 3, '21-11-2020 15:39:35', '-', '21-11-2020', '2020-11-20 18:39:35'),
(103, 'Hanif', '0809273232', 3, '21-11-2020 15:39:40', '-', '21-11-2020', '2020-11-20 18:39:40'),
(104, 'Hanif', '0809273232', 3, '21-11-2020 15:44:17', '-', '21-11-2020', '2020-11-20 18:44:17'),
(105, 'Hanif', '0809273232', 3, '21-11-2020 16:13:14', '-', '21-11-2020', '2020-11-20 19:13:14'),
(106, 'Hanif', '0809273232', 3, '21-11-2020 16:13:49', '-', '21-11-2020', '2020-11-20 19:13:49'),
(107, 'Hanif', '0809273232', 3, '21-11-2020 16:14:17', '-', '21-11-2020', '2020-11-20 19:14:17'),
(108, 'Hanif', '0823769433456', 3, '21-11-2020 16:18:10', '-', '21-11-2020', '2020-11-20 19:18:10'),
(109, 'Hanif', '0823769433456', 3, '21-11-2020 16:20:29', '-', '21-11-2020', '2020-11-20 19:20:29'),
(110, 'Hanif', '0823769433456', 3, '21-11-2020 16:24:15', '-', '21-11-2020', '2020-11-20 19:24:15'),
(111, 'Hanif', '0823769433456', 3, '21-11-2020 16:24:31', '-', '21-11-2020', '2020-11-20 19:24:31'),
(112, 'Hanif', '0823769433456', 3, '21-11-2020 16:27:02', '-', '21-11-2020', '2020-11-20 19:27:02'),
(113, 'Hanif', '0823769433456', 3, '21-11-2020 16:27:29', '-', '21-11-2020', '2020-11-20 19:27:29'),
(114, 'Hanif', '0823769433456', 3, '21-11-2020 16:32:33', '-', '21-11-2020', '2020-11-20 19:32:33'),
(115, 'Hanif', '0823769433456', 3, '21-11-2020 16:32:36', '-', '21-11-2020', '2020-11-20 19:32:36'),
(116, 'Hanif', '0823769433456', 3, '21-11-2020 16:32:38', '-', '21-11-2020', '2020-11-20 19:32:38'),
(117, 'Hanif', '0823769433456', 3, '21-11-2020 16:35:58', '-', '21-11-2020', '2020-11-20 19:35:58'),
(118, 'Hanif', '0823769433456', 3, '21-11-2020 16:36:27', '-', '21-11-2020', '2020-11-20 19:36:27'),
(119, 'Hanif', '0823769433456', 3, '21-11-2020 16:39:54', '-', '21-11-2020', '2020-11-20 19:39:54'),
(120, 'Hanif', '0823769433456', 3, '21-11-2020 16:40:16', '-', '21-11-2020', '2020-11-20 19:40:16'),
(121, 'Hanif', '0823769433456', 3, '21-11-2020 16:40:58', '-', '21-11-2020', '2020-11-20 19:40:58'),
(122, 'Hanif', '0823769433456', 3, '21-11-2020 17:08:11', '21-11-2020 17:11:04', '21-11-2020', '2020-11-20 19:41:15'),
(123, 'Hanif', '082369544545', 3, '-', '-', '21-11-2020', '2020-11-20 20:17:50'),
(124, 'Hanif', '08236943434', 3, '22-11-2020 10:33:49', '22-11-2020 05:37:34', '22-11-2020', '2020-11-21 08:18:29'),
(125, 'hanif', '082369433456', 3, '22-11-2020 08:36:15', '22-11-2020 08:39:07', '22-11-2020', '2020-11-21 11:35:00'),
(126, 'hanif', '08232322323', 3, '22-11-2020 08:54:05', '22-11-2020 09:06:52', '22-11-2020', '2020-11-21 11:53:56'),
(127, 'Hanif', '082323232', 3, '22-11-2020 09:17:53', '22-11-2020 10:28:10', '22-11-2020', '2020-11-21 12:17:45'),
(128, 'Hanif', '082323232', 3, '-', '-', '22-11-2020', '2020-11-21 16:05:19'),
(129, 'Hanif', '082369433456', 3, '23-11-2020 05:18:27', '23-11-2020 05:19:41', '23-11-2020', '2020-11-22 08:18:16'),
(130, 'Sutan', '08236373748', 3, '23-11-2020 09:07:05', '23-11-2020 09:09:29', '23-11-2020', '2020-11-22 12:06:29'),
(131, 'Sutan', '082363837434', 3, '23-11-2020 09:30:32', '-', '23-11-2020', '2020-11-22 12:30:05'),
(132, 'Sutan', '082364847473', 3, '23-11-2020 09:32:11', '23-11-2020 09:33:41', '23-11-2020', '2020-11-22 12:31:50'),
(133, 'Sutan', '08237373738', 3, '23-11-2020 09:35:38', '23-11-2020 09:39:04', '23-11-2020', '2020-11-22 12:35:26'),
(134, 'Hanif', '08232323232', 3, '23-11-2020 09:36:32', '23-11-2020 09:37:56', '23-11-2020', '2020-11-22 12:36:29'),
(135, 'hanif', '0823232323', 3, '23-11-2020 09:40:35', '23-11-2020 09:44:06', '23-11-2020', '2020-11-22 12:39:54'),
(136, 'hanif', '0923823232', 3, '23-11-2020 09:46:52', '23-11-2020 09:47:29', '23-11-2020', '2020-11-22 12:45:57'),
(137, 'Sutan', '08236363737', 3, '23-11-2020 10:15:43', '-', '23-11-2020', '2020-11-22 13:14:56'),
(138, 'Sutan', '08273636373', 3, '23-11-2020 10:18:02', '23-11-2020 10:18:59', '23-11-2020', '2020-11-22 13:17:32'),
(139, 'Sutan', '082360789162', 10, '23-11-2020 11:07:56', '23-11-2020 11:07:47', '23-11-2020', '2020-11-22 13:56:37'),
(140, 'Feldy helmisyah', '08984875432', 10, '23-11-2020 11:00:53', '23-11-2020 11:23:37', '23-11-2020', '2020-11-22 14:00:44'),
(141, 'Sutan', '082360789162', 10, '-', '23-11-2020 11:14:16', '23-11-2020', '2020-11-22 14:13:59'),
(142, 'Sutan', '082360789162', 10, '23-11-2020 11:00:53', '23-11-2020 12:29:55', '23-11-2020', '2020-11-22 14:14:54'),
(143, 'Hanif', '0823737373', 10, '-', '-', '23-11-2020', '2020-11-22 16:36:08'),
(144, 'Hanif', '082369473637', 10, '-', '-', '23-11-2020', '2020-11-22 16:42:16'),
(145, 'Hanif', '082369433456', 3, '25-11-2020 09:36:42', '25-11-2020 09:38:28', '25-11-2020', '2020-11-24 19:36:22'),
(146, 'hanif', '08273636', 8, '-', '-', '26-11-2020', '2020-11-25 17:08:49'),
(147, 'Sutan', '082360789162', 9, '-', '-', '26-11-2020', '2020-11-25 20:37:21'),
(148, 'Sutan', '082360789162', 9, '-', '-', '26-11-2020', '2020-11-25 20:37:55'),
(149, 'Sutan', '082360789162', 9, '-', '26-11-2020 11:51:11', '26-11-2020', '2020-11-25 20:38:02'),
(150, 'Feldi', '08984875432', 8, '-', '-', '26-11-2020', '2020-11-25 20:38:57'),
(151, 'Feldi', '08984875432', 8, '-', '26-11-2020 12:04:38', '26-11-2020', '2020-11-25 20:39:51'),
(152, 'Feldy', '08984875432', 6, '-', '-', '26-11-2020', '2020-11-26 03:34:19'),
(153, 'Feldy', '0895475432', 6, '-', '-', '26-11-2020', '2020-11-26 03:40:04'),
(154, 'Feldy', '08984875432', 6, '26-11-2020 18:06:09', '26-11-2020 18:07:26', '26-11-2020', '2020-11-26 04:05:29'),
(155, 'Sutan', '082360789162', 8, '27-11-2020 11:17:03', '-', '27-11-2020', '2020-11-27 03:40:25'),
(156, 'Sutan', '082360789162', 8, '-', '-', '27-11-2020', '2020-11-27 03:41:47'),
(157, 'Feldi', '08984875432', 8, '-', '-', '27-11-2020', '2020-11-27 03:51:22'),
(158, 'Feldi', '', 8, '27-11-2020 10:52:58', '-', '27-11-2020', '2020-11-27 03:52:58'),
(159, 'Feldy helmisyah', '08984875432', 7, '-', '-', '30-11-2020', '2020-11-30 05:00:16'),
(160, 'Feldy helmisyah', '08984875432', 7, '-', '30-11-2020 13:39:26', '30-11-2020', '2020-11-30 05:00:37'),
(161, 'Feldy', '08984875342', 7, '-', '30-11-2020 18:30:20', '30-11-2020', '2020-11-30 10:08:23'),
(162, 'feldi', '08984875432', 7, '-', '-', '30-11-2020', '2020-11-30 10:10:31'),
(163, 'Feldy helmisyah', '08984875432', 8, '01-12-2020 11:07:58', '01-12-2020 12:38:54', '01-12-2020', '2020-12-01 03:55:31'),
(164, 'Feldi', '08984875432', 8, '-', '-', '01-12-2020', '2020-12-01 04:02:14'),
(165, 'Sutan', '082360789162', 7, '-', '-', '01-12-2020', '2020-12-01 04:02:30'),
(166, 'Sutan', '082360789162', 7, '-', '-', '01-12-2020', '2020-12-01 04:10:38'),
(167, 'Sutan', '082360789162', 7, '-', '-', '01-12-2020', '2020-12-01 04:12:46'),
(168, 'Feldi', '08984875432', 4, '-', '-', '01-12-2020', '2020-12-01 10:07:12'),
(169, 'Sutan', '082360789162', 5, '01-12-2020 17:15:23', '-', '01-12-2020', '2020-12-01 10:15:09'),
(170, 'Sutan', '082360789162', 5, '-', '-', '01-12-2020', '2020-12-01 10:15:29'),
(171, 'Feldy helmisyah', '08984575432', 8, '-', '-', '02-12-2020', '2020-12-02 04:01:53'),
(172, 'Sutan', '082273647417', 9, '02-12-2020 11:02:37', '02-12-2020 12:13:18', '02-12-2020', '2020-12-02 04:02:29'),
(173, 'Sutan', '082360789162', 7, '-', '-', '02-12-2020', '2020-12-02 10:15:13'),
(174, 'Feldy helmisyah', '08984875432', 10, '-', '-', '03-12-2020', '2020-12-03 04:03:57'),
(175, 'Sutan', '082360789162', 10, '-', '-', '03-12-2020', '2020-12-03 04:12:11'),
(176, 'Sutan', '082360789162', 10, '03-12-2020 11:12:40', '03-12-2020 12:10:26', '03-12-2020', '2020-12-03 04:12:11'),
(177, 'Sutan', '082360789162', 6, '03-12-2020 17:19:32', '-', '03-12-2020', '2020-12-03 10:19:13'),
(178, 'Sutan', '082360789162', 10, '-', '-', '04-12-2020', '2020-12-04 03:45:39'),
(179, 'Sutan', '082360789162', 10, '-', '-', '04-12-2020', '2020-12-04 03:48:55'),
(180, 'Sutan', '082360789162', 10, '-', '-', '04-12-2020', '2020-12-04 03:49:13'),
(181, 'Sutan', '082360789162', 10, '-', '-', '04-12-2020', '2020-12-04 03:49:18'),
(182, 'Sutan', '082360789162', 10, '-', '-', '04-12-2020', '2020-12-04 03:57:53'),
(183, 'Sutan', '082360789162', 10, '04-12-2020 11:05:04', '-', '04-12-2020', '2020-12-04 04:04:36'),
(184, 'Sutan', '082360789162', 9, '08-12-2020 10:49:41', '-', '08-12-2020', '2020-12-08 03:49:32'),
(185, 'Feldy helmisyah', '', 6, '-', '-', '08-12-2020', '2020-12-08 11:08:22'),
(186, 'Sutan', '082360789162', 9, '10-12-2020 10:47:01', '-', '10-12-2020', '2020-12-10 03:46:52'),
(187, '', '', 8, '-', '-', '10-12-2020', '2020-12-10 03:50:27'),
(188, 'Feldy helmisyah', '', 9, '-', '-', '10-12-2020', '2020-12-10 04:15:37'),
(189, '', '', 8, '11-12-2020 10:55:04', '-', '11-12-2020', '2020-12-11 03:53:40'),
(190, 'Sutan', '082360789162', 9, '11-12-2020 11:09:00', '-', '11-12-2020', '2020-12-11 04:08:40'),
(191, 'Feldy helmisyah', '', 9, '-', '-', '11-12-2020', '2020-12-11 04:22:10'),
(192, 'Sutan', '082360789162', 7, '11-12-2020 18:14:08', '11-12-2020 19:26:52', '11-12-2020', '2020-12-11 11:13:58'),
(193, '', '', 10, '14-12-2020 11:12:21', '14-12-2020 12:10:01', '14-12-2020', '2020-12-14 04:12:52'),
(194, 'Feldy helmisyah', '', 10, '14-12-2020 11:14:17', '-', '14-12-2020', '2020-12-14 04:14:04'),
(195, 'Sutan', '082360789162', 10, '14-12-2020 11:40:29', '14-12-2020 12:12:42', '14-12-2020', '2020-12-14 04:40:24'),
(196, 'Sutan', '082360789162', 8, '14-12-2020 18:29:45', '14-12-2020 18:51:09', '14-12-2020', '2020-12-14 11:29:37'),
(197, 'Sutan', '082360789162', 7, '-', '-', '15-12-2020', '2020-12-15 03:58:18'),
(198, '', '', 7, '15-12-2020 11:04:54', '15-12-2020 12:01:04', '15-12-2020', '2020-12-15 04:04:49'),
(199, 'Feldy helmisyah', '', 7, '15-12-2020 11:06:36', '15-12-2020 12:03:54', '15-12-2020', '2020-12-15 04:06:30'),
(200, 'Feldy helmisyah', '', 7, '16-12-2020 10:37:35', '16-12-2020 12:01:36', '16-12-2020', '2020-12-16 03:37:26'),
(201, 'Sutan', '082360789162', 7, '-', '-', '16-12-2020', '2020-12-16 03:37:59'),
(202, 'Sutan', '082360789162', 7, '16-12-2020 10:51:44', '16-12-2020 11:51:25', '16-12-2020', '2020-12-16 03:39:42'),
(203, '', '', 5, '16-12-2020 11:04:24', '-', '16-12-2020', '2020-12-16 04:04:19'),
(204, '', '', 5, '16-12-2020 11:11:43', '-', '16-12-2020', '2020-12-16 04:11:38'),
(205, 'Feldy helmisyah', '', 4, '16-12-2020 17:21:27', '16-12-2020 18:07:24', '16-12-2020', '2020-12-16 10:21:15'),
(206, 'Sutan', '082360789162', 5, '16-12-2020 17:31:38', '-', '16-12-2020', '2020-12-16 10:31:21'),
(207, 'Feldy helmisyah', '', 7, '17-12-2020 11:06:36', '-', '17-12-2020', '2020-12-17 04:06:30'),
(208, '', '', 7, '17-12-2020 11:09:51', '17-12-2020 12:01:30', '17-12-2020', '2020-12-17 04:09:42'),
(209, '', '', 7, '17-12-2020 11:09:48', '17-12-2020 12:22:28', '17-12-2020', '2020-12-17 04:09:43'),
(210, 'Feldy helmisyah', '', 7, '-', '-', '17-12-2020', '2020-12-17 04:32:56'),
(211, 'Sutan', '082360789162', 7, '17-12-2020 17:05:36', '-', '17-12-2020', '2020-12-17 10:05:29'),
(212, 'Feldy helmisyah', '', 6, '17-12-2020 17:20:10', '17-12-2020 18:02:27', '17-12-2020', '2020-12-17 10:20:01'),
(213, 'Sutan', '082360789162', 7, '18-12-2020 10:41:06', '-', '18-12-2020', '2020-12-18 03:40:59'),
(214, 'Feldy helmisyah', '', 8, '-', '-', '18-12-2020', '2020-12-18 03:46:11'),
(215, '', '', 8, '18-12-2020 10:56:35', '18-12-2020 11:51:36', '18-12-2020', '2020-12-18 03:56:19'),
(216, 'Sutan', '082360789162', 6, '18-12-2020 17:12:09', '18-12-2020 18:03:24', '18-12-2020', '2020-12-18 10:12:01'),
(217, 'Feldy helmisyah', '', 6, '18-12-2020 17:16:43', '-', '18-12-2020', '2020-12-18 10:16:29'),
(218, 'Sutan', '082360789162', 9, '21-12-2020 11:03:01', '-', '21-12-2020', '2020-12-21 04:02:53'),
(219, 'Sutan', '082360789162', 9, '21-12-2020 17:20:40', '-', '21-12-2020', '2020-12-21 10:20:33'),
(220, 'Sutan', '082360789162', 9, '21-12-2020 18:08:37', '-', '21-12-2020', '2020-12-21 11:08:31'),
(221, 'Sutan', '082360789162', 9, '22-12-2020 10:47:38', '-', '22-12-2020', '2020-12-22 03:46:57'),
(222, 'Sutan', '082360789162', 6, '23-12-2020 10:48:26', '-', '23-12-2020', '2020-12-23 03:30:09'),
(223, '', '', 6, '23-12-2020 10:42:25', '23-12-2020 11:27:12', '23-12-2020', '2020-12-23 03:42:19'),
(224, 'Feldy helmisyah', '', 5, '-', '-', '23-12-2020', '2020-12-23 03:48:07'),
(225, 'Feldy helmisyah', '', 10, '-', '28-12-2020 12:39:37', '28-12-2020', '2020-12-28 04:15:44'),
(226, 'Feldy helmisyah', '', 7, '-', '28-12-2020 18:34:13', '28-12-2020', '2020-12-28 10:31:11'),
(227, 'Feldy helmisyah', '', 6, '-', '-', '29-12-2020', '2020-12-29 04:05:17'),
(228, '', '', 8, '29-12-2020 11:14:24', '-', '29-12-2020', '2020-12-29 04:14:18'),
(229, '', '', 5, '29-12-2020 11:21:40', '29-12-2020 12:42:24', '29-12-2020', '2020-12-29 04:21:32'),
(230, 'Feldy helmisyah', '', 8, '-', '-', '29-12-2020', '2020-12-29 11:10:39'),
(231, '', '', 6, '30-12-2020 10:23:12', '-', '30-12-2020', '2020-12-30 03:23:06'),
(232, '', '', 6, '30-12-2020 10:26:43', '-', '30-12-2020', '2020-12-30 03:26:38'),
(233, 'Feldy helmisyah', '', 6, '-', '-', '30-12-2020', '2020-12-30 03:42:12'),
(234, '', '', 6, '30-12-2020 11:19:44', '30-12-2020 11:54:06', '30-12-2020', '2020-12-30 04:19:36'),
(235, 'Feldy helmisyah', '', 7, '-', '-', '30-12-2020', '2020-12-30 10:16:50'),
(236, 'Sutan', '082360789162', 6, '04-01-2021 10:16:58', '-', '04-01-2021', '2021-01-04 03:13:22'),
(237, 'Sutan', '082360789162', 6, '04-01-2021 10:58:03', '04-01-2021 11:38:59', '04-01-2021', '2021-01-04 03:57:57'),
(238, 'Sutan', '082360789162', 7, '04-01-2021 17:09:28', '-', '04-01-2021', '2021-01-04 10:09:07'),
(239, 'Sutan', '082360789162', 7, '05-01-2021 10:27:05', '-', '05-01-2021', '2021-01-05 03:10:10'),
(240, 'Sutan', '082360789162', 6, '05-01-2021 17:00:27', '-', '05-01-2021', '2021-01-05 10:00:21'),
(241, 'Sutan', '082360789162', 6, '06-01-2021 16:59:32', '-', '06-01-2021', '2021-01-06 09:59:22'),
(242, 'Sutan', '082360789162', 8, '07-01-2021 10:28:13', '-', '07-01-2021', '2021-01-07 03:14:21'),
(243, 'Sutan', '082360789162', 6, '07-01-2021 17:13:25', '07-01-2021 18:54:45', '07-01-2021', '2021-01-07 10:08:53'),
(244, 'Sutan', '082273647417', 6, '08-01-2021 17:01:53', '-', '08-01-2021', '2021-01-08 10:01:45'),
(245, 'Sutan', '082360789162', 8, '11-01-2021 17:37:12', '-', '11-01-2021', '2021-01-11 10:37:04'),
(246, 'Sutan', '082360789162', 9, '12-01-2021 10:23:19', '-', '12-01-2021', '2021-01-12 03:21:01'),
(247, 'Sutan', '082360789162', 7, '12-01-2021 17:07:43', '-', '12-01-2021', '2021-01-12 10:07:33'),
(248, 'Sutan', '082360789162', 9, '13-01-2021 11:03:38', '-', '13-01-2021', '2021-01-13 04:03:31'),
(249, 'Sutan', '082360789162', 8, '14-01-2021 10:25:43', '14-01-2021 11:42:35', '14-01-2021', '2021-01-14 03:20:58'),
(250, 'Sutan', '082360789162', 8, '14-01-2021 17:16:06', '-', '14-01-2021', '2021-01-14 10:14:59'),
(251, 'Sutan', '082360789162', 8, '15-01-2021 10:53:10', '-', '15-01-2021', '2021-01-15 03:53:03'),
(252, 'Sutan', '082360789162', 7, '15-01-2021 17:25:33', '-', '15-01-2021', '2021-01-15 10:25:26');

-- --------------------------------------------------------

--
-- Struktur dari tabel `delivery_point`
--

CREATE TABLE `delivery_point` (
  `id` int(11) NOT NULL,
  `catering_order_detail_id` int(11) DEFAULT NULL,
  `delivery_data_id` int(11) DEFAULT NULL,
  `delivery_time` int(11) DEFAULT NULL,
  `position` int(11) DEFAULT NULL,
  `status` double DEFAULT '0',
  `created_time` timestamp NULL DEFAULT CURRENT_TIMESTAMP,
  `updated_time` varchar(50) DEFAULT NULL
) ENGINE=InnoDB DEFAULT CHARSET=latin1;

--
-- Dumping data untuk tabel `delivery_point`
--

INSERT INTO `delivery_point` (`id`, `catering_order_detail_id`, `delivery_data_id`, `delivery_time`, `position`, `status`, `created_time`, `updated_time`) VALUES
(78, 78, 64, NULL, 1, 1, '2020-11-20 09:07:16', NULL),
(79, 74, 64, NULL, 0, 1, '2020-11-20 09:07:16', NULL),
(80, 71, 64, NULL, 2, 1, '2020-11-20 09:07:16', NULL),
(81, 62, 64, NULL, 3, 1, '2020-11-20 09:07:16', NULL),
(82, 59, 64, NULL, 4, 1, '2020-11-20 09:07:16', NULL),
(83, 67, 64, NULL, 5, 1, '2020-11-20 09:07:16', NULL),
(84, 255, 65, NULL, 0, 0, '2020-11-20 11:41:17', NULL),
(85, 256, 65, NULL, 1, 0, '2020-11-20 11:41:17', NULL),
(86, 257, 65, NULL, 2, 0, '2020-11-20 11:41:17', NULL),
(87, 255, 66, NULL, 0, 0, '2020-11-20 11:42:51', NULL),
(88, 256, 66, NULL, 1, 0, '2020-11-20 11:42:51', NULL),
(89, 257, 66, NULL, 2, 0, '2020-11-20 11:42:51', NULL),
(90, 258, 67, NULL, 0, 1, '2020-11-20 15:42:07', NULL),
(91, 260, 67, NULL, 1, 1, '2020-11-20 15:42:07', NULL),
(92, 259, 67, NULL, 2, 1, '2020-11-20 15:42:07', NULL),
(93, 258, 68, NULL, 0, 0, '2020-11-20 17:14:21', NULL),
(94, 260, 68, NULL, 1, 0, '2020-11-20 17:14:21', NULL),
(95, 259, 68, NULL, 2, 0, '2020-11-20 17:14:21', NULL),
(96, 258, 69, NULL, 0, 0, '2020-11-20 17:31:37', NULL),
(97, 260, 69, NULL, 1, 0, '2020-11-20 17:31:37', NULL),
(98, 259, 69, NULL, 2, 0, '2020-11-20 17:31:37', NULL),
(99, 258, 70, NULL, 0, 0, '2020-11-20 17:32:41', NULL),
(100, 260, 70, NULL, 1, 0, '2020-11-20 17:32:41', NULL),
(101, 259, 70, NULL, 2, 0, '2020-11-20 17:32:41', NULL),
(102, 258, 71, NULL, 0, 0, '2020-11-20 17:33:13', NULL),
(103, 260, 71, NULL, 1, 0, '2020-11-20 17:33:13', NULL),
(104, 259, 71, NULL, 2, 0, '2020-11-20 17:33:13', NULL),
(105, 258, 72, NULL, 0, 0, '2020-11-20 17:33:52', NULL),
(106, 260, 72, NULL, 1, 0, '2020-11-20 17:33:52', NULL),
(107, 259, 72, NULL, 2, 0, '2020-11-20 17:33:52', NULL),
(108, 258, 73, NULL, 0, 0, '2020-11-20 17:34:13', NULL),
(109, 260, 73, NULL, 1, 0, '2020-11-20 17:34:13', NULL),
(110, 259, 73, NULL, 2, 0, '2020-11-20 17:34:13', NULL),
(111, 258, 74, NULL, 0, 0, '2020-11-20 17:35:38', NULL),
(112, 260, 74, NULL, 1, 0, '2020-11-20 17:35:38', NULL),
(113, 259, 74, NULL, 2, 0, '2020-11-20 17:35:38', NULL),
(114, 258, 75, NULL, 0, 0, '2020-11-20 17:36:52', NULL),
(115, 260, 75, NULL, 1, 0, '2020-11-20 17:36:52', NULL),
(116, 259, 75, NULL, 2, 0, '2020-11-20 17:36:52', NULL),
(117, 258, 76, NULL, 0, 0, '2020-11-20 17:37:10', NULL),
(118, 260, 76, NULL, 1, 0, '2020-11-20 17:37:10', NULL),
(119, 259, 76, NULL, 2, 0, '2020-11-20 17:37:10', NULL),
(120, 258, 77, NULL, 0, 0, '2020-11-20 17:37:17', NULL),
(121, 260, 77, NULL, 1, 0, '2020-11-20 17:37:17', NULL),
(122, 259, 77, NULL, 2, 0, '2020-11-20 17:37:17', NULL),
(123, 258, 78, NULL, 0, 0, '2020-11-20 17:37:21', NULL),
(124, 260, 78, NULL, 1, 0, '2020-11-20 17:37:21', NULL),
(125, 259, 78, NULL, 2, 0, '2020-11-20 17:37:21', NULL),
(126, 258, 79, NULL, 0, 0, '2020-11-20 17:38:11', NULL),
(127, 260, 79, NULL, 1, 0, '2020-11-20 17:38:11', NULL),
(128, 259, 79, NULL, 2, 0, '2020-11-20 17:38:11', NULL),
(129, 258, 80, NULL, 0, 0, '2020-11-20 17:38:26', NULL),
(130, 260, 80, NULL, 1, 0, '2020-11-20 17:38:26', NULL),
(131, 259, 80, NULL, 2, 0, '2020-11-20 17:38:26', NULL),
(132, 258, 81, NULL, 0, 0, '2020-11-20 17:41:42', NULL),
(133, 260, 81, NULL, 1, 0, '2020-11-20 17:41:42', NULL),
(134, 259, 81, NULL, 2, 0, '2020-11-20 17:41:42', NULL),
(135, 258, 82, NULL, 0, 0, '2020-11-20 17:58:54', NULL),
(136, 260, 82, NULL, 1, 0, '2020-11-20 17:58:54', NULL),
(137, 259, 82, NULL, 2, 0, '2020-11-20 17:58:54', NULL),
(138, 258, 83, NULL, 0, 0, '2020-11-20 17:59:35', NULL),
(139, 260, 83, NULL, 1, 0, '2020-11-20 17:59:35', NULL),
(140, 259, 83, NULL, 2, 0, '2020-11-20 17:59:35', NULL),
(141, 258, 84, NULL, 0, 0, '2020-11-20 18:00:08', NULL),
(142, 260, 84, NULL, 1, 0, '2020-11-20 18:00:08', NULL),
(143, 259, 84, NULL, 2, 0, '2020-11-20 18:00:08', NULL),
(144, 258, 85, NULL, 0, 0, '2020-11-20 18:00:26', NULL),
(145, 260, 85, NULL, 1, 0, '2020-11-20 18:00:26', NULL),
(146, 259, 85, NULL, 2, 0, '2020-11-20 18:00:26', NULL),
(147, 258, 86, NULL, 0, 0, '2020-11-20 18:00:46', NULL),
(148, 260, 86, NULL, 1, 0, '2020-11-20 18:00:46', NULL),
(149, 259, 86, NULL, 2, 0, '2020-11-20 18:00:46', NULL),
(150, 258, 87, NULL, 0, 0, '2020-11-20 18:00:53', NULL),
(151, 260, 87, NULL, 1, 0, '2020-11-20 18:00:53', NULL),
(152, 259, 87, NULL, 2, 0, '2020-11-20 18:00:53', NULL),
(153, 258, 88, NULL, 0, 0, '2020-11-20 18:01:13', NULL),
(154, 260, 88, NULL, 1, 0, '2020-11-20 18:01:13', NULL),
(155, 259, 88, NULL, 2, 0, '2020-11-20 18:01:13', NULL),
(156, 258, 89, NULL, 0, 0, '2020-11-20 18:02:48', NULL),
(157, 260, 89, NULL, 1, 0, '2020-11-20 18:02:48', NULL),
(158, 259, 89, NULL, 2, 0, '2020-11-20 18:02:48', NULL),
(159, 258, 90, NULL, 0, 0, '2020-11-20 18:03:18', NULL),
(160, 260, 90, NULL, 1, 0, '2020-11-20 18:03:18', NULL),
(161, 259, 90, NULL, 2, 0, '2020-11-20 18:03:18', NULL),
(162, 258, 91, NULL, 0, 0, '2020-11-20 18:05:49', NULL),
(163, 260, 91, NULL, 1, 0, '2020-11-20 18:05:49', NULL),
(164, 259, 91, NULL, 2, 0, '2020-11-20 18:05:49', NULL),
(165, 258, 92, NULL, 0, 0, '2020-11-20 18:07:13', NULL),
(166, 260, 92, NULL, 1, 0, '2020-11-20 18:07:13', NULL),
(167, 259, 92, NULL, 2, 0, '2020-11-20 18:07:13', NULL),
(168, 258, 93, NULL, 0, 0, '2020-11-20 18:07:59', NULL),
(169, 260, 93, NULL, 1, 0, '2020-11-20 18:07:59', NULL),
(170, 259, 93, NULL, 2, 0, '2020-11-20 18:07:59', NULL),
(171, 258, 94, NULL, 0, 0, '2020-11-20 18:09:30', NULL),
(172, 260, 94, NULL, 1, 0, '2020-11-20 18:09:30', NULL),
(173, 259, 94, NULL, 2, 0, '2020-11-20 18:09:30', NULL),
(174, 258, 95, NULL, 0, 0, '2020-11-20 18:11:57', NULL),
(175, 260, 95, NULL, 1, 0, '2020-11-20 18:11:57', NULL),
(176, 259, 95, NULL, 2, 0, '2020-11-20 18:11:57', NULL),
(177, 258, 96, NULL, 0, 0, '2020-11-20 18:12:06', NULL),
(178, 260, 96, NULL, 1, 0, '2020-11-20 18:12:06', NULL),
(179, 259, 96, NULL, 2, 0, '2020-11-20 18:12:06', NULL),
(180, 258, 97, NULL, 0, 0, '2020-11-20 18:12:30', NULL),
(181, 260, 97, NULL, 1, 0, '2020-11-20 18:12:30', NULL),
(182, 259, 97, NULL, 2, 0, '2020-11-20 18:12:30', NULL),
(183, 258, 98, NULL, 0, 0, '2020-11-20 18:12:59', NULL),
(184, 260, 98, NULL, 1, 0, '2020-11-20 18:12:59', NULL),
(185, 259, 98, NULL, 2, 0, '2020-11-20 18:12:59', NULL),
(186, 258, 99, NULL, 0, 0, '2020-11-20 18:15:16', NULL),
(187, 260, 99, NULL, 1, 0, '2020-11-20 18:15:16', NULL),
(188, 259, 99, NULL, 2, 0, '2020-11-20 18:15:16', NULL),
(189, 258, 100, NULL, 0, 0, '2020-11-20 18:22:41', NULL),
(190, 260, 100, NULL, 1, 0, '2020-11-20 18:22:41', NULL),
(191, 259, 100, NULL, 2, 0, '2020-11-20 18:22:41', NULL),
(192, 258, 101, NULL, 0, 0, '2020-11-20 18:28:05', NULL),
(193, 260, 101, NULL, 1, 0, '2020-11-20 18:28:05', NULL),
(194, 259, 101, NULL, 2, 0, '2020-11-20 18:28:05', NULL),
(195, 258, 102, NULL, 0, 0, '2020-11-20 18:39:35', NULL),
(196, 260, 102, NULL, 1, 0, '2020-11-20 18:39:35', NULL),
(197, 259, 102, NULL, 2, 0, '2020-11-20 18:39:35', NULL),
(198, 258, 103, NULL, 0, 0, '2020-11-20 18:39:40', NULL),
(199, 260, 103, NULL, 1, 0, '2020-11-20 18:39:40', NULL),
(200, 259, 103, NULL, 2, 0, '2020-11-20 18:39:40', NULL),
(201, 258, 104, NULL, 0, 0, '2020-11-20 18:44:17', NULL),
(202, 260, 104, NULL, 1, 0, '2020-11-20 18:44:17', NULL),
(203, 259, 104, NULL, 2, 0, '2020-11-20 18:44:17', NULL),
(204, 258, 105, NULL, 0, 0, '2020-11-20 19:13:14', NULL),
(205, 260, 105, NULL, 1, 0, '2020-11-20 19:13:14', NULL),
(206, 259, 105, NULL, 2, 0, '2020-11-20 19:13:14', NULL),
(207, 258, 106, NULL, 0, 0, '2020-11-20 19:13:49', NULL),
(208, 260, 106, NULL, 1, 0, '2020-11-20 19:13:49', NULL),
(209, 259, 106, NULL, 2, 0, '2020-11-20 19:13:49', NULL),
(210, 258, 107, NULL, 0, 0, '2020-11-20 19:14:17', NULL),
(211, 260, 107, NULL, 1, 0, '2020-11-20 19:14:17', NULL),
(212, 259, 107, NULL, 2, 0, '2020-11-20 19:14:17', NULL),
(213, 259, 108, NULL, 0, 0, '2020-11-20 19:18:10', NULL),
(214, 260, 108, NULL, 2, 0, '2020-11-20 19:18:10', NULL),
(215, 258, 108, NULL, 1, 0, '2020-11-20 19:18:10', NULL),
(216, 259, 109, NULL, 0, 0, '2020-11-20 19:20:29', NULL),
(217, 260, 109, NULL, 2, 0, '2020-11-20 19:20:29', NULL),
(218, 258, 109, NULL, 1, 0, '2020-11-20 19:20:29', NULL),
(219, 259, 110, NULL, 0, 0, '2020-11-20 19:24:15', NULL),
(220, 260, 110, NULL, 2, 0, '2020-11-20 19:24:15', NULL),
(221, 258, 110, NULL, 1, 0, '2020-11-20 19:24:15', NULL),
(222, 259, 111, NULL, 0, 0, '2020-11-20 19:24:31', NULL),
(223, 260, 111, NULL, 2, 0, '2020-11-20 19:24:31', NULL),
(224, 258, 111, NULL, 1, 0, '2020-11-20 19:24:31', NULL),
(225, 259, 112, NULL, 0, 0, '2020-11-20 19:27:02', NULL),
(226, 260, 112, NULL, 2, 0, '2020-11-20 19:27:02', NULL),
(227, 258, 112, NULL, 1, 0, '2020-11-20 19:27:02', NULL),
(228, 259, 113, NULL, 0, 0, '2020-11-20 19:27:29', NULL),
(229, 260, 113, NULL, 2, 0, '2020-11-20 19:27:29', NULL),
(230, 258, 113, NULL, 1, 0, '2020-11-20 19:27:29', NULL),
(231, 259, 114, NULL, 0, 0, '2020-11-20 19:32:33', NULL),
(232, 260, 114, NULL, 2, 0, '2020-11-20 19:32:33', NULL),
(233, 258, 114, NULL, 1, 0, '2020-11-20 19:32:33', NULL),
(234, 259, 115, NULL, 0, 0, '2020-11-20 19:32:36', NULL),
(235, 260, 115, NULL, 2, 0, '2020-11-20 19:32:36', NULL),
(236, 258, 115, NULL, 1, 0, '2020-11-20 19:32:36', NULL),
(237, 259, 116, NULL, 0, 0, '2020-11-20 19:32:38', NULL),
(238, 260, 116, NULL, 2, 0, '2020-11-20 19:32:38', NULL),
(239, 258, 116, NULL, 1, 0, '2020-11-20 19:32:38', NULL),
(240, 259, 117, NULL, 0, 0, '2020-11-20 19:35:58', NULL),
(241, 260, 117, NULL, 2, 0, '2020-11-20 19:35:58', NULL),
(242, 258, 117, NULL, 1, 0, '2020-11-20 19:35:58', NULL),
(243, 259, 118, NULL, 0, 0, '2020-11-20 19:36:27', NULL),
(244, 260, 118, NULL, 2, 0, '2020-11-20 19:36:27', NULL),
(245, 258, 118, NULL, 1, 0, '2020-11-20 19:36:27', NULL),
(246, 259, 119, NULL, 0, 0, '2020-11-20 19:39:55', NULL),
(247, 260, 119, NULL, 2, 0, '2020-11-20 19:39:55', NULL),
(248, 258, 119, NULL, 1, 0, '2020-11-20 19:39:55', NULL),
(249, 259, 120, NULL, 0, 0, '2020-11-20 19:40:16', NULL),
(250, 260, 120, NULL, 2, 0, '2020-11-20 19:40:16', NULL),
(251, 258, 120, NULL, 1, 0, '2020-11-20 19:40:16', NULL),
(252, 259, 121, NULL, 0, 0, '2020-11-20 19:40:58', NULL),
(253, 260, 121, NULL, 2, 0, '2020-11-20 19:40:58', NULL),
(254, 258, 121, NULL, 1, 0, '2020-11-20 19:40:58', NULL),
(255, 259, 122, NULL, 0, 1, '2020-11-20 19:41:15', NULL),
(256, 260, 122, NULL, 2, 1, '2020-11-20 19:41:15', NULL),
(257, 258, 122, NULL, 1, 1, '2020-11-20 19:41:15', NULL),
(258, 260, 123, NULL, 1, 0, '2020-11-20 20:17:50', NULL),
(259, 259, 123, NULL, 2, 0, '2020-11-20 20:17:50', NULL),
(260, 258, 123, NULL, 0, 0, '2020-11-20 20:17:50', NULL),
(261, 258, 124, NULL, 0, 1, '2020-11-21 08:18:29', NULL),
(262, 260, 124, NULL, 1, 1, '2020-11-21 08:18:29', NULL),
(263, 259, 124, NULL, 2, 1, '2020-11-21 08:18:29', NULL),
(264, 258, 125, NULL, 0, 1, '2020-11-21 11:35:00', NULL),
(265, 260, 125, NULL, 1, 1, '2020-11-21 11:35:00', NULL),
(266, 259, 125, NULL, 2, 0, '2020-11-21 11:35:00', NULL),
(267, 260, 126, NULL, 0, 1, '2020-11-21 11:53:56', NULL),
(268, 258, 126, NULL, 1, 1, '2020-11-21 11:53:56', NULL),
(269, 259, 126, NULL, 2, 1, '2020-11-21 11:53:56', NULL),
(270, 258, 127, NULL, 0, 1, '2020-11-21 12:17:46', NULL),
(271, 260, 127, NULL, 1, 1, '2020-11-21 12:17:46', NULL),
(272, 259, 127, NULL, 2, 0, '2020-11-21 12:17:46', NULL),
(273, 258, 128, NULL, 0, 0, '2020-11-21 16:05:19', NULL),
(274, 260, 128, NULL, 1, 0, '2020-11-21 16:05:19', NULL),
(275, 259, 128, NULL, 2, 0, '2020-11-21 16:05:19', NULL),
(276, 553, 129, NULL, 0, 1, '2020-11-22 08:18:16', NULL),
(277, 555, 129, NULL, 2, 1, '2020-11-22 08:18:16', NULL),
(278, 554, 129, NULL, 1, 1, '2020-11-22 08:18:16', NULL),
(279, 557, 130, NULL, 0, 1, '2020-11-22 12:06:29', NULL),
(280, 558, 130, NULL, 1, 1, '2020-11-22 12:06:29', NULL),
(281, 556, 130, NULL, 2, 1, '2020-11-22 12:06:29', NULL),
(282, 557, 131, NULL, 0, 0, '2020-11-22 12:30:05', NULL),
(283, 558, 131, NULL, 1, 0, '2020-11-22 12:30:05', NULL),
(284, 556, 131, NULL, 2, 0, '2020-11-22 12:30:05', NULL),
(285, 557, 132, NULL, 0, 1, '2020-11-22 12:31:50', NULL),
(286, 558, 132, NULL, 1, 1, '2020-11-22 12:31:50', NULL),
(287, 556, 132, NULL, 2, 0, '2020-11-22 12:31:50', NULL),
(288, 557, 133, NULL, 0, 1, '2020-11-22 12:35:26', NULL),
(289, 558, 133, NULL, 1, 1, '2020-11-22 12:35:26', NULL),
(290, 556, 133, NULL, 2, 0, '2020-11-22 12:35:26', NULL),
(291, 557, 134, NULL, 0, 1, '2020-11-22 12:36:29', NULL),
(292, 558, 134, NULL, 1, 1, '2020-11-22 12:36:29', NULL),
(293, 556, 134, NULL, 2, 0, '2020-11-22 12:36:29', NULL),
(294, 557, 135, NULL, 0, 1, '2020-11-22 12:39:54', NULL),
(295, 558, 135, NULL, 1, 1, '2020-11-22 12:39:54', NULL),
(296, 556, 135, NULL, 2, 0, '2020-11-22 12:39:54', NULL),
(297, 557, 136, NULL, 0, 1, '2020-11-22 12:45:57', NULL),
(298, 558, 136, NULL, 1, 1, '2020-11-22 12:45:57', NULL),
(299, 556, 136, NULL, 2, 0, '2020-11-22 12:45:57', NULL),
(300, 558, 137, NULL, 0, 0, '2020-11-22 13:14:56', NULL),
(301, 556, 137, NULL, 1, 0, '2020-11-22 13:14:56', NULL),
(302, 557, 137, NULL, 2, 0, '2020-11-22 13:14:56', NULL),
(303, 558, 138, NULL, 0, 1, '2020-11-22 13:17:32', NULL),
(304, 556, 138, NULL, 1, 1, '2020-11-22 13:17:32', NULL),
(305, 557, 138, NULL, 2, 1, '2020-11-22 13:17:32', NULL),
(306, 501, 139, NULL, 0, 1, '2020-11-22 13:56:37', NULL),
(307, 427, 139, NULL, 1, 1, '2020-11-22 13:56:37', NULL),
(308, 426, 139, NULL, 2, 0, '2020-11-22 13:56:37', NULL),
(309, 506, 139, NULL, 3, 0, '2020-11-22 13:56:37', NULL),
(310, 528, 139, NULL, 4, 0, '2020-11-22 13:56:37', NULL),
(311, 425, 139, NULL, 5, 0, '2020-11-22 13:56:37', NULL),
(312, 424, 139, NULL, 6, 0, '2020-11-22 13:56:37', NULL),
(313, 429, 139, NULL, 7, 0, '2020-11-22 13:56:37', NULL),
(314, 511, 139, NULL, 8, 0, '2020-11-22 13:56:37', NULL),
(315, 495, 139, NULL, 9, 0, '2020-11-22 13:56:37', NULL),
(316, 494, 140, NULL, 0, 1, '2020-11-22 14:00:44', NULL),
(317, 430, 140, NULL, 1, 1, '2020-11-22 14:00:44', NULL),
(318, 428, 140, NULL, 2, 0, '2020-11-22 14:00:44', NULL),
(319, 489, 140, NULL, 3, 0, '2020-11-22 14:00:44', NULL),
(320, 423, 140, NULL, 4, 0, '2020-11-22 14:00:44', NULL),
(321, 543, 140, NULL, 5, 0, '2020-11-22 14:00:44', NULL),
(322, 523, 140, NULL, 6, 0, '2020-11-22 14:00:44', NULL),
(323, 484, 140, NULL, 7, 0, '2020-11-22 14:00:44', NULL),
(324, 513, 140, NULL, 8, 0, '2020-11-22 14:00:45', NULL),
(325, 512, 140, NULL, 9, 0, '2020-11-22 14:00:45', NULL),
(326, 501, 141, NULL, 0, 1, '2020-11-22 14:13:59', NULL),
(327, 427, 141, NULL, 1, 1, '2020-11-22 14:13:59', NULL),
(328, 426, 141, NULL, 2, 0, '2020-11-22 14:13:59', NULL),
(329, 506, 141, NULL, 3, 0, '2020-11-22 14:13:59', NULL),
(330, 528, 141, NULL, 4, 0, '2020-11-22 14:13:59', NULL),
(331, 425, 141, NULL, 5, 0, '2020-11-22 14:13:59', NULL),
(332, 424, 141, NULL, 6, 0, '2020-11-22 14:13:59', NULL),
(333, 429, 141, NULL, 7, 0, '2020-11-22 14:13:59', NULL),
(334, 511, 141, NULL, 8, 0, '2020-11-22 14:13:59', NULL),
(335, 495, 141, NULL, 9, 0, '2020-11-22 14:13:59', NULL),
(336, 501, 142, NULL, 0, 1, '2020-11-22 14:14:54', NULL),
(337, 427, 142, NULL, 1, 1, '2020-11-22 14:14:54', NULL),
(338, 426, 142, NULL, 2, 1, '2020-11-22 14:14:54', NULL),
(339, 506, 142, NULL, 3, 1, '2020-11-22 14:14:54', NULL),
(340, 528, 142, NULL, 4, 1, '2020-11-22 14:14:54', NULL),
(341, 425, 142, NULL, 5, 1, '2020-11-22 14:14:54', NULL),
(342, 424, 142, NULL, 6, 1, '2020-11-22 14:14:54', NULL),
(343, 429, 142, NULL, 7, 1, '2020-11-22 14:14:54', NULL),
(344, 511, 142, NULL, 8, 1, '2020-11-22 14:14:54', NULL),
(345, 495, 142, NULL, 9, 1, '2020-11-22 14:14:54', NULL),
(346, 501, 143, NULL, 0, 0, '2020-11-22 16:36:08', NULL),
(347, 528, 143, NULL, 1, 0, '2020-11-22 16:36:08', NULL),
(348, 427, 143, NULL, 2, 0, '2020-11-22 16:36:08', NULL),
(349, 426, 143, NULL, 3, 0, '2020-11-22 16:36:08', NULL),
(350, 506, 143, NULL, 4, 0, '2020-11-22 16:36:08', NULL),
(351, 425, 143, NULL, 5, 0, '2020-11-22 16:36:08', NULL),
(352, 494, 143, NULL, 6, 0, '2020-11-22 16:36:08', NULL),
(353, 424, 143, NULL, 7, 0, '2020-11-22 16:36:08', NULL),
(354, 511, 143, NULL, 8, 0, '2020-11-22 16:36:08', NULL),
(355, 495, 143, NULL, 9, 0, '2020-11-22 16:36:08', NULL),
(356, 427, 144, NULL, 0, 0, '2020-11-22 16:42:16', NULL),
(357, 501, 144, NULL, 1, 0, '2020-11-22 16:42:16', NULL),
(358, 528, 144, NULL, 2, 0, '2020-11-22 16:42:16', NULL),
(359, 426, 144, NULL, 3, 0, '2020-11-22 16:42:16', NULL),
(360, 506, 144, NULL, 4, 0, '2020-11-22 16:42:16', NULL),
(361, 425, 144, NULL, 5, 0, '2020-11-22 16:42:16', NULL),
(362, 494, 144, NULL, 6, 0, '2020-11-22 16:42:16', NULL),
(363, 424, 144, NULL, 7, 0, '2020-11-22 16:42:16', NULL),
(364, 511, 144, NULL, 8, 0, '2020-11-22 16:42:16', NULL),
(365, 495, 144, NULL, 9, 0, '2020-11-22 16:42:16', NULL),
(366, 557, 145, NULL, 0, 1, '2020-11-24 19:36:23', NULL),
(367, 558, 145, NULL, 1, 1, '2020-11-24 19:36:23', NULL),
(368, 556, 145, NULL, 2, 1, '2020-11-24 19:36:23', NULL),
(369, 486, 146, NULL, 0, 0, '2020-11-25 17:08:50', NULL),
(370, 444, 146, NULL, 1, 0, '2020-11-25 17:08:50', NULL),
(371, 564, 146, NULL, 2, 0, '2020-11-25 17:08:50', NULL),
(372, 525, 146, NULL, 3, 0, '2020-11-25 17:08:50', NULL),
(373, 446, 146, NULL, 4, 0, '2020-11-25 17:08:50', NULL),
(374, 476, 146, NULL, 5, 0, '2020-11-25 17:08:50', NULL),
(375, 552, 146, NULL, 6, 0, '2020-11-25 17:08:50', NULL),
(376, 491, 146, NULL, 7, 0, '2020-11-25 17:08:50', NULL),
(377, 504, 147, NULL, 0, 0, '2020-11-25 20:37:21', NULL),
(378, 499, 147, NULL, 1, 0, '2020-11-25 20:37:21', NULL),
(379, 455, 147, NULL, 2, 0, '2020-11-25 20:37:21', NULL),
(380, 461, 147, NULL, 3, 0, '2020-11-25 20:37:21', NULL),
(381, 509, 147, NULL, 4, 0, '2020-11-25 20:37:21', NULL),
(382, 534, 147, NULL, 5, 0, '2020-11-25 20:37:21', NULL),
(383, 571, 147, NULL, 6, 0, '2020-11-25 20:37:21', NULL),
(384, 468, 147, NULL, 7, 0, '2020-11-25 20:37:21', NULL),
(385, 440, 147, NULL, 8, 0, '2020-11-25 20:37:21', NULL),
(386, 504, 148, NULL, 0, 0, '2020-11-25 20:37:55', NULL),
(387, 499, 148, NULL, 1, 0, '2020-11-25 20:37:55', NULL),
(388, 455, 148, NULL, 2, 0, '2020-11-25 20:37:55', NULL),
(389, 461, 148, NULL, 3, 0, '2020-11-25 20:37:55', NULL),
(390, 509, 148, NULL, 4, 0, '2020-11-25 20:37:55', NULL),
(391, 534, 148, NULL, 5, 0, '2020-11-25 20:37:55', NULL),
(392, 571, 148, NULL, 6, 0, '2020-11-25 20:37:55', NULL),
(393, 468, 148, NULL, 7, 0, '2020-11-25 20:37:55', NULL),
(394, 440, 148, NULL, 8, 0, '2020-11-25 20:37:55', NULL),
(395, 504, 149, NULL, 0, 1, '2020-11-25 20:38:02', NULL),
(396, 499, 149, NULL, 1, 1, '2020-11-25 20:38:02', NULL),
(397, 455, 149, NULL, 2, 1, '2020-11-25 20:38:02', NULL),
(398, 461, 149, NULL, 3, 1, '2020-11-25 20:38:02', NULL),
(399, 509, 149, NULL, 4, 1, '2020-11-25 20:38:02', NULL),
(400, 534, 149, NULL, 5, 1, '2020-11-25 20:38:02', NULL),
(401, 571, 149, NULL, 6, 1, '2020-11-25 20:38:02', NULL),
(402, 468, 149, NULL, 7, 1, '2020-11-25 20:38:02', NULL),
(403, 440, 149, NULL, 8, 1, '2020-11-25 20:38:02', NULL),
(404, 487, 150, NULL, 0, 0, '2020-11-25 20:38:57', NULL),
(405, 565, 150, NULL, 1, 0, '2020-11-25 20:38:57', NULL),
(406, 526, 150, NULL, 2, 0, '2020-11-25 20:38:57', NULL),
(407, 474, 150, NULL, 3, 0, '2020-11-25 20:38:57', NULL),
(408, 550, 150, NULL, 4, 0, '2020-11-25 20:38:57', NULL),
(409, 492, 150, NULL, 5, 0, '2020-11-25 20:38:57', NULL),
(410, 519, 150, NULL, 6, 0, '2020-11-25 20:38:57', NULL),
(411, 567, 150, NULL, 7, 0, '2020-11-25 20:38:57', NULL),
(412, 487, 151, NULL, 0, 1, '2020-11-25 20:39:51', NULL),
(413, 565, 151, NULL, 1, 1, '2020-11-25 20:39:51', NULL),
(414, 526, 151, NULL, 2, 1, '2020-11-25 20:39:51', NULL),
(415, 474, 151, NULL, 3, 1, '2020-11-25 20:39:51', NULL),
(416, 550, 151, NULL, 4, 1, '2020-11-25 20:39:51', NULL),
(417, 492, 151, NULL, 5, 1, '2020-11-25 20:39:51', NULL),
(418, 519, 151, NULL, 6, 1, '2020-11-25 20:39:51', NULL),
(419, 567, 151, NULL, 7, 1, '2020-11-25 20:39:51', NULL),
(420, 541, 152, NULL, 0, 0, '2020-11-26 03:34:19', NULL),
(421, 475, 152, NULL, 1, 0, '2020-11-26 03:34:19', NULL),
(422, 549, 152, NULL, 2, 0, '2020-11-26 03:34:19', NULL),
(423, 456, 152, NULL, 3, 0, '2020-11-26 03:34:19', NULL),
(424, 535, 152, NULL, 4, 0, '2020-11-26 03:34:19', NULL),
(425, 469, 152, NULL, 5, 0, '2020-11-26 03:34:19', NULL),
(426, 541, 153, NULL, 0, 1, '2020-11-26 03:40:04', NULL),
(427, 475, 153, NULL, 1, 0, '2020-11-26 03:40:04', NULL),
(428, 549, 153, NULL, 2, 0, '2020-11-26 03:40:04', NULL),
(429, 456, 153, NULL, 3, 0, '2020-11-26 03:40:04', NULL),
(430, 535, 153, NULL, 4, 0, '2020-11-26 03:40:04', NULL),
(431, 469, 153, NULL, 5, 0, '2020-11-26 03:40:04', NULL),
(432, 541, 154, NULL, 0, 1, '2020-11-26 04:05:29', NULL),
(433, 475, 154, NULL, 1, 1, '2020-11-26 04:05:29', NULL),
(434, 549, 154, NULL, 2, 1, '2020-11-26 04:05:29', NULL),
(435, 456, 154, NULL, 3, 0, '2020-11-26 04:05:29', NULL),
(436, 535, 154, NULL, 4, 0, '2020-11-26 04:05:29', NULL),
(437, 469, 154, NULL, 5, 0, '2020-11-26 04:05:29', NULL),
(438, 505, 155, 453, 0, 1, '2020-11-27 03:40:25', '27-11-2020 11:17:02'),
(439, 500, 155, 680, 1, 1, '2020-11-27 03:40:25', '27-11-2020 11:17:07'),
(440, 457, 155, 300, 2, 1, '2020-11-27 03:40:25', '27-11-2020 11:17:14'),
(441, 462, 155, 265, 3, 1, '2020-11-27 03:40:25', '27-11-2020 11:17:23'),
(442, 510, 155, 137, 4, 1, '2020-11-27 03:40:25', '27-11-2020 11:17:26'),
(443, 537, 155, 487, 5, 0, '2020-11-27 03:40:25', NULL),
(444, 470, 155, 501, 6, 0, '2020-11-27 03:40:25', NULL),
(445, 441, 155, 1197, 7, 0, '2020-11-27 03:40:25', NULL),
(446, 505, 156, 453, 0, 0, '2020-11-27 03:41:47', NULL),
(447, 500, 156, 680, 1, 0, '2020-11-27 03:41:47', NULL),
(448, 457, 156, 300, 2, 0, '2020-11-27 03:41:47', NULL),
(449, 462, 156, 265, 3, 0, '2020-11-27 03:41:47', NULL),
(450, 510, 156, 137, 4, 0, '2020-11-27 03:41:47', NULL),
(451, 537, 156, 487, 5, 0, '2020-11-27 03:41:47', NULL),
(452, 470, 156, 501, 6, 0, '2020-11-27 03:41:47', NULL),
(453, 441, 156, 1197, 7, 0, '2020-11-27 03:41:47', NULL),
(454, 488, 157, 795, 0, 0, '2020-11-27 03:51:22', NULL),
(455, 566, 157, 842, 1, 0, '2020-11-27 03:51:22', NULL),
(456, 527, 157, 500, 2, 0, '2020-11-27 03:51:22', NULL),
(457, 472, 157, 738, 3, 0, '2020-11-27 03:51:22', NULL),
(458, 548, 157, 1, 4, 0, '2020-11-27 03:51:22', NULL),
(459, 493, 157, 32, 5, 0, '2020-11-27 03:51:22', NULL),
(460, 522, 157, 842, 6, 0, '2020-11-27 03:51:22', NULL),
(461, 569, 157, 571, 7, 0, '2020-11-27 03:51:22', NULL),
(462, 488, 158, 796, 0, 1, '2020-11-27 03:52:58', '27-11-2020 10:55:46'),
(463, 566, 158, 843, 1, 1, '2020-11-27 03:52:58', '27-11-2020 11:14:41'),
(464, 527, 158, 500, 2, 1, '2020-11-27 03:52:58', '27-11-2020 11:15:02'),
(465, 472, 158, 738, 3, 1, '2020-11-27 03:52:58', '27-11-2020 11:29:43'),
(466, 548, 158, 1, 4, 1, '2020-11-27 03:52:58', '27-11-2020 11:29:52'),
(467, 493, 158, 32, 5, 0, '2020-11-27 03:52:58', NULL),
(468, 522, 158, 842, 6, 0, '2020-11-27 03:52:58', NULL),
(469, 569, 158, 571, 7, 0, '2020-11-27 03:52:58', NULL),
(470, 598, 159, 536, 0, 0, '2020-11-30 05:00:16', NULL),
(471, 582, 159, 679, 1, 0, '2020-11-30 05:00:19', NULL),
(472, 600, 159, 1161, 2, 0, '2020-11-30 05:00:19', NULL),
(473, 573, 159, 658, 3, 0, '2020-11-30 05:00:19', NULL),
(474, 601, 159, 1491, 4, 0, '2020-11-30 05:00:19', NULL),
(475, 581, 159, 741, 5, 0, '2020-11-30 05:00:19', NULL),
(476, 578, 159, 311, 6, 0, '2020-11-30 05:00:21', NULL),
(477, 598, 160, 536, 0, 1, '2020-11-30 05:00:39', '30-11-2020 12:01:28'),
(478, 582, 160, 679, 1, 1, '2020-11-30 05:00:39', '30-11-2020 12:14:30'),
(479, 600, 160, 1161, 2, 1, '2020-11-30 05:00:40', '30-11-2020 12:52:06'),
(480, 573, 160, 658, 3, 1, '2020-11-30 05:00:40', '30-11-2020 12:55:51'),
(481, 601, 160, 1491, 4, 1, '2020-11-30 05:00:40', '30-11-2020 13:10:25'),
(482, 581, 160, 741, 5, 1, '2020-11-30 05:00:40', '30-11-2020 13:20:04'),
(483, 578, 160, 311, 6, 1, '2020-11-30 05:00:40', '30-11-2020 13:39:26'),
(484, 583, 161, 249, 0, 1, '2020-11-30 10:08:23', '30-11-2020 17:10:57'),
(485, 586, 161, 775, 1, 1, '2020-11-30 10:08:23', '30-11-2020 17:20:27'),
(486, 588, 161, 1058, 2, 1, '2020-11-30 10:08:23', '30-11-2020 17:40:09'),
(487, 589, 161, 1531, 3, 1, '2020-11-30 10:08:23', '30-11-2020 18:03:05'),
(488, 590, 161, 521, 4, 1, '2020-11-30 10:08:23', '30-11-2020 18:08:39'),
(489, 597, 161, 810, 5, 1, '2020-11-30 10:08:23', '30-11-2020 18:19:36'),
(490, 591, 161, 930, 6, 1, '2020-11-30 10:08:23', '30-11-2020 18:30:20'),
(491, 583, 162, 249, 0, 0, '2020-11-30 10:10:31', NULL),
(492, 586, 162, 771, 1, 0, '2020-11-30 10:10:31', NULL),
(493, 588, 162, 1055, 2, 0, '2020-11-30 10:10:31', NULL),
(494, 589, 162, 1535, 3, 0, '2020-11-30 10:10:31', NULL),
(495, 590, 162, 521, 4, 0, '2020-11-30 10:10:31', NULL),
(496, 597, 162, 806, 5, 0, '2020-11-30 10:10:31', NULL),
(497, 591, 162, 933, 6, 0, '2020-11-30 10:10:31', NULL),
(498, 634, 163, 437, 0, 1, '2020-12-01 03:55:32', '01-12-2020 11:07:56'),
(499, 614, 163, 379, 1, 1, '2020-12-01 03:55:33', '01-12-2020 11:16:43'),
(500, 642, 163, 546, 2, 1, '2020-12-01 03:55:33', '01-12-2020 11:34:57'),
(501, 606, 163, 802, 3, 1, '2020-12-01 03:55:33', '01-12-2020 11:49:41'),
(502, 641, 163, 857, 4, 1, '2020-12-01 03:55:33', '01-12-2020 12:01:11'),
(503, 602, 163, 1027, 5, 1, '2020-12-01 03:55:33', '01-12-2020 12:15:41'),
(504, 692, 163, 638, 6, 1, '2020-12-01 03:55:33', '01-12-2020 12:35:58'),
(505, 706, 163, 823, 7, 1, '2020-12-01 03:55:33', '01-12-2020 12:38:54'),
(506, 634, 164, 439, 0, 0, '2020-12-01 04:02:14', NULL),
(507, 614, 164, 381, 1, 0, '2020-12-01 04:02:14', NULL),
(508, 642, 164, 550, 2, 0, '2020-12-01 04:02:14', NULL),
(509, 606, 164, 806, 3, 0, '2020-12-01 04:02:15', NULL),
(510, 641, 164, 860, 4, 0, '2020-12-01 04:02:15', NULL),
(511, 602, 164, 1035, 5, 0, '2020-12-01 04:02:15', NULL),
(512, 692, 164, 639, 6, 0, '2020-12-01 04:02:15', NULL),
(513, 706, 164, 824, 7, 0, '2020-12-01 04:02:17', NULL),
(514, 626, 165, 594, 0, 0, '2020-12-01 04:02:30', NULL),
(515, 688, 165, 279, 1, 0, '2020-12-01 04:02:30', NULL),
(516, 610, 165, 133, 2, 0, '2020-12-01 04:02:30', NULL),
(517, 687, 165, 702, 3, 0, '2020-12-01 04:02:30', NULL),
(518, 622, 165, 525, 4, 0, '2020-12-01 04:02:30', NULL),
(519, 653, 165, 1139, 5, 0, '2020-12-01 04:02:30', NULL),
(520, 683, 165, 910, 6, 0, '2020-12-01 04:02:30', NULL),
(521, 626, 166, 666, 0, 1, '2020-12-01 04:10:39', '01-12-2020 11:10:45'),
(522, 688, 166, 300, 1, 0, '2020-12-01 04:10:39', NULL),
(523, 610, 166, 133, 2, 0, '2020-12-01 04:10:39', NULL),
(524, 687, 166, 702, 3, 0, '2020-12-01 04:10:39', NULL),
(525, 622, 166, 526, 4, 0, '2020-12-01 04:10:39', NULL),
(526, 653, 166, 1141, 5, 0, '2020-12-01 04:10:39', NULL),
(527, 683, 166, 911, 6, 0, '2020-12-01 04:10:39', NULL),
(528, 626, 167, 695, 0, 1, '2020-12-01 04:12:46', '01-12-2020 11:13:08'),
(529, 688, 167, 365, 1, 1, '2020-12-01 04:12:46', '01-12-2020 11:15:35'),
(530, 610, 167, 134, 2, 1, '2020-12-01 04:12:46', '01-12-2020 11:17:30'),
(531, 687, 167, 705, 3, 1, '2020-12-01 04:12:46', '01-12-2020 11:31:06'),
(532, 622, 167, 533, 4, 1, '2020-12-01 04:12:46', '01-12-2020 11:36:47'),
(533, 653, 167, 1150, 5, 1, '2020-12-01 04:12:46', '01-12-2020 11:49:41'),
(534, 683, 167, 916, 6, 0, '2020-12-01 04:12:46', NULL),
(535, 700, 168, 780, 0, 0, '2020-12-01 10:07:12', NULL),
(536, 693, 168, 1154, 1, 0, '2020-12-01 10:07:12', NULL),
(537, 707, 168, 933, 2, 0, '2020-12-01 10:07:12', NULL),
(538, 674, 168, 628, 3, 0, '2020-12-01 10:07:12', NULL),
(539, 679, 169, 254, 0, 1, '2020-12-01 10:15:09', '01-12-2020 17:19:28'),
(540, 670, 169, 513, 1, 1, '2020-12-01 10:15:09', '01-12-2020 17:34:12'),
(541, 643, 169, 1527, 2, 1, '2020-12-01 10:15:09', '01-12-2020 18:00:47'),
(542, 714, 169, 1656, 3, 0, '2020-12-01 10:15:09', NULL),
(543, 618, 169, 910, 4, 0, '2020-12-01 10:15:09', NULL),
(544, 679, 170, 254, 0, 0, '2020-12-01 10:15:29', NULL),
(545, 670, 170, 513, 1, 0, '2020-12-01 10:15:29', NULL),
(546, 643, 170, 1524, 2, 0, '2020-12-01 10:15:29', NULL),
(547, 714, 170, 1625, 3, 0, '2020-12-01 10:15:29', NULL),
(548, 618, 170, 914, 4, 0, '2020-12-01 10:15:29', NULL),
(549, 607, 171, 763, 0, 1, '2020-12-02 04:01:53', '02-12-2020 11:22:15'),
(550, 721, 171, 514, 1, 1, '2020-12-02 04:01:53', '02-12-2020 11:33:40'),
(551, 722, 171, 0, 2, 1, '2020-12-02 04:01:53', '02-12-2020 11:34:50'),
(552, 603, 171, 766, 3, 1, '2020-12-02 04:01:53', '02-12-2020 11:53:12'),
(553, 715, 171, 383, 4, 1, '2020-12-02 04:01:53', '02-12-2020 11:53:24'),
(554, 694, 171, 870, 5, 1, '2020-12-02 04:01:53', '02-12-2020 12:17:05'),
(555, 708, 171, 822, 6, 0, '2020-12-02 04:01:53', NULL),
(556, 676, 171, 561, 7, 0, '2020-12-02 04:01:53', NULL),
(557, 635, 172, 438, 0, 1, '2020-12-02 04:02:29', '02-12-2020 11:14:20'),
(558, 615, 172, 386, 1, 1, '2020-12-02 04:02:29', '02-12-2020 11:21:02'),
(559, 627, 172, 528, 2, 1, '2020-12-02 04:02:30', '02-12-2020 11:43:14'),
(560, 689, 172, 321, 3, 1, '2020-12-02 04:02:30', '02-12-2020 11:43:23'),
(561, 611, 172, 131, 4, 1, '2020-12-02 04:02:30', '02-12-2020 11:43:31'),
(562, 663, 172, 475, 5, 1, '2020-12-02 04:02:30', '02-12-2020 11:43:37'),
(563, 623, 172, 340, 6, 1, '2020-12-02 04:02:30', '02-12-2020 11:46:36'),
(564, 652, 172, 1138, 7, 1, '2020-12-02 04:02:30', '02-12-2020 12:03:38'),
(565, 684, 172, 903, 8, 1, '2020-12-02 04:02:30', '02-12-2020 12:13:18'),
(566, 680, 173, 241, 0, 1, '2020-12-02 10:15:13', '02-12-2020 17:22:38'),
(567, 702, 173, 714, 1, 1, '2020-12-02 10:15:13', '02-12-2020 17:35:26'),
(568, 695, 173, 1133, 2, 0, '2020-12-02 10:15:13', NULL),
(569, 671, 173, 1509, 3, 0, '2020-12-02 10:15:13', NULL),
(570, 718, 173, 599, 4, 0, '2020-12-02 10:15:13', NULL),
(571, 656, 173, 820, 5, 0, '2020-12-02 10:15:13', NULL),
(572, 619, 173, 909, 6, 0, '2020-12-02 10:15:13', NULL),
(573, 636, 174, 439, 0, 1, '2020-12-03 04:03:57', '03-12-2020 11:15:51'),
(574, 731, 174, 312, 1, 1, '2020-12-03 04:03:57', '03-12-2020 11:18:16'),
(575, 608, 174, 1157, 2, 1, '2020-12-03 04:03:57', '03-12-2020 11:32:21'),
(576, 725, 174, 510, 3, 0, '2020-12-03 04:03:57', NULL),
(577, 726, 174, 0, 4, 0, '2020-12-03 04:03:57', NULL),
(578, 639, 174, 427, 5, 0, '2020-12-03 04:03:57', NULL),
(579, 716, 174, 1091, 6, 0, '2020-12-03 04:03:57', NULL),
(580, 604, 174, 369, 7, 0, '2020-12-03 04:03:57', NULL),
(581, 696, 174, 636, 8, 0, '2020-12-03 04:03:57', NULL),
(582, 710, 174, 808, 9, 0, '2020-12-03 04:03:57', NULL),
(583, 616, 175, 514, 0, 0, '2020-12-03 04:12:11', NULL),
(584, 628, 175, 287, 1, 0, '2020-12-03 04:12:11', NULL),
(585, 690, 175, 268, 2, 0, '2020-12-03 04:12:11', NULL),
(586, 612, 175, 132, 3, 0, '2020-12-03 04:12:11', NULL),
(587, 648, 175, 253, 4, 0, '2020-12-03 04:12:11', NULL),
(588, 655, 175, 844, 5, 0, '2020-12-03 04:12:11', NULL),
(589, 733, 175, 399, 6, 0, '2020-12-03 04:12:11', NULL),
(590, 624, 175, 520, 7, 0, '2020-12-03 04:12:11', NULL),
(591, 651, 175, 1132, 8, 0, '2020-12-03 04:12:11', NULL),
(592, 685, 175, 894, 9, 0, '2020-12-03 04:12:11', NULL),
(593, 616, 176, 514, 0, 1, '2020-12-03 04:12:11', '03-12-2020 11:12:38'),
(594, 628, 176, 287, 1, 1, '2020-12-03 04:12:11', '03-12-2020 11:24:42'),
(595, 690, 176, 268, 2, 1, '2020-12-03 04:12:11', '03-12-2020 11:25:12'),
(596, 612, 176, 132, 3, 1, '2020-12-03 04:12:11', '03-12-2020 11:25:20'),
(597, 648, 176, 253, 4, 1, '2020-12-03 04:12:11', '03-12-2020 11:25:27'),
(598, 655, 176, 844, 5, 1, '2020-12-03 04:12:11', '03-12-2020 11:33:40'),
(599, 733, 176, 399, 6, 1, '2020-12-03 04:12:11', '03-12-2020 11:46:22'),
(600, 624, 176, 520, 7, 1, '2020-12-03 04:12:11', '03-12-2020 11:46:40'),
(601, 651, 176, 1132, 8, 1, '2020-12-03 04:12:11', '03-12-2020 12:10:19'),
(602, 685, 176, 894, 9, 1, '2020-12-03 04:12:11', '03-12-2020 12:10:26'),
(603, 681, 177, 274, 0, 1, '2020-12-03 10:19:13', '03-12-2020 17:24:55'),
(604, 732, 177, 430, 1, 1, '2020-12-03 10:19:13', '03-12-2020 17:40:43'),
(605, 672, 177, 430, 2, 1, '2020-12-03 10:19:13', '03-12-2020 17:40:51'),
(606, 719, 177, 537, 3, 0, '2020-12-03 10:19:13', NULL),
(607, 664, 177, 798, 4, 0, '2020-12-03 10:19:13', NULL),
(608, 620, 177, 944, 5, 0, '2020-12-03 10:19:13', NULL),
(609, 637, 178, 440, 0, 0, '2020-12-04 03:45:45', NULL),
(610, 617, 178, 398, 1, 0, '2020-12-04 03:45:49', NULL),
(611, 629, 178, 303, 2, 0, '2020-12-04 03:45:50', NULL),
(612, 691, 178, 265, 3, 0, '2020-12-04 03:45:50', NULL),
(613, 613, 178, 137, 4, 0, '2020-12-04 03:45:50', NULL),
(614, 649, 178, 258, 5, 0, '2020-12-04 03:45:51', NULL),
(615, 654, 178, 857, 6, 0, '2020-12-04 03:45:51', NULL),
(616, 625, 178, 340, 7, 0, '2020-12-04 03:45:53', NULL),
(617, 650, 178, 1144, 8, 0, '2020-12-04 03:45:53', NULL),
(618, 686, 178, 917, 9, 0, '2020-12-04 03:45:53', NULL),
(619, 637, 179, 443, 0, 0, '2020-12-04 03:48:59', NULL),
(620, 617, 179, 399, 1, 0, '2020-12-04 03:49:01', NULL),
(621, 629, 179, 305, 2, 0, '2020-12-04 03:49:04', NULL),
(622, 691, 179, 266, 3, 0, '2020-12-04 03:49:04', NULL),
(623, 637, 180, 443, 0, 0, '2020-12-04 03:49:14', NULL),
(624, 617, 180, 399, 1, 0, '2020-12-04 03:49:14', NULL),
(625, 629, 180, 305, 2, 0, '2020-12-04 03:49:14', NULL),
(626, 691, 180, 266, 3, 0, '2020-12-04 03:49:14', NULL),
(627, 613, 180, 137, 4, 0, '2020-12-04 03:49:14', NULL),
(628, 649, 180, 259, 5, 0, '2020-12-04 03:49:14', NULL),
(629, 637, 181, 443, 0, 0, '2020-12-04 03:49:21', NULL),
(630, 637, 182, 444, 0, 0, '2020-12-04 03:57:53', NULL),
(631, 617, 182, 399, 1, 0, '2020-12-04 03:57:53', NULL),
(632, 629, 182, 305, 2, 0, '2020-12-04 03:57:54', NULL),
(633, 691, 182, 266, 3, 0, '2020-12-04 03:57:54', NULL),
(634, 613, 182, 137, 4, 0, '2020-12-04 03:57:54', NULL),
(635, 649, 182, 260, 5, 0, '2020-12-04 03:57:59', NULL),
(636, 637, 183, 448, 0, 0, '2020-12-04 04:04:36', NULL),
(637, 617, 183, 404, 1, 0, '2020-12-04 04:04:37', NULL),
(638, 629, 183, 309, 2, 0, '2020-12-04 04:04:37', NULL),
(639, 691, 183, 268, 3, 0, '2020-12-04 04:04:40', NULL),
(640, 613, 183, 139, 4, 0, '2020-12-04 04:04:40', NULL),
(641, 649, 183, 262, 5, 0, '2020-12-04 04:04:40', NULL),
(642, 654, 183, 865, 6, 0, '2020-12-04 04:04:41', NULL),
(643, 625, 183, 344, 7, 0, '2020-12-04 04:04:41', NULL),
(644, 686, 183, 1219, 8, 0, '2020-12-04 04:04:41', NULL),
(645, 650, 183, 998, 9, 0, '2020-12-04 04:04:41', NULL),
(646, 868, 184, 437, 0, 0, '2020-12-08 03:49:32', NULL),
(647, 867, 184, 1, 1, 0, '2020-12-08 03:49:32', NULL),
(648, 891, 184, 311, 2, 0, '2020-12-08 03:49:32', NULL),
(649, 783, 184, 274, 3, 0, '2020-12-08 03:49:32', NULL),
(650, 911, 184, 292, 4, 0, '2020-12-08 03:49:32', NULL),
(651, 779, 184, 294, 5, 0, '2020-12-08 03:49:32', NULL),
(652, 835, 184, 300, 6, 0, '2020-12-08 03:49:32', NULL),
(653, 858, 184, 180, 7, 0, '2020-12-08 03:49:32', NULL),
(654, 782, 184, 734, 8, 0, '2020-12-08 03:49:32', NULL),
(655, 922, 185, 942, 0, 1, '2020-12-08 11:08:22', '08-12-2020 18:08:27'),
(656, 896, 185, 806, 1, 1, '2020-12-08 11:08:22', '08-12-2020 18:08:34'),
(657, 841, 185, 1333, 2, 0, '2020-12-08 11:08:22', NULL),
(658, 785, 185, 132, 3, 0, '2020-12-08 11:08:22', NULL),
(659, 778, 185, 1182, 4, 0, '2020-12-08 11:08:22', NULL),
(660, 776, 185, 627, 5, 0, '2020-12-08 11:08:22', NULL),
(661, 829, 186, 649, 0, 1, '2020-12-10 03:46:52', '10-12-2020 10:56:02'),
(662, 825, 186, 319, 1, 1, '2020-12-10 03:46:52', '10-12-2020 10:56:12'),
(663, 893, 186, 921, 2, 1, '2020-12-10 03:46:52', '10-12-2020 11:09:40'),
(664, 837, 186, 268, 3, 1, '2020-12-10 03:46:52', '10-12-2020 11:18:47'),
(665, 810, 186, 226, 4, 1, '2020-12-10 03:46:52', '10-12-2020 11:35:13'),
(666, 909, 186, 294, 5, 1, '2020-12-10 03:46:52', '10-12-2020 11:35:20'),
(667, 935, 186, 303, 6, 1, '2020-12-10 03:46:52', '10-12-2020 11:47:31'),
(668, 803, 186, 520, 7, 0, '2020-12-10 03:46:52', NULL),
(669, 856, 186, 718, 8, 0, '2020-12-10 03:46:52', NULL),
(670, 872, 187, 427, 0, 0, '2020-12-10 03:50:28', NULL),
(671, 871, 187, 1, 1, 0, '2020-12-10 03:50:28', NULL),
(672, 852, 187, 677, 2, 0, '2020-12-10 03:50:28', NULL),
(673, 865, 187, 314, 3, 0, '2020-12-10 03:50:28', NULL),
(674, 880, 187, 1038, 4, 0, '2020-12-10 03:50:28', NULL),
(675, 849, 187, 651, 5, 0, '2020-12-10 03:50:28', NULL),
(676, 879, 187, 634, 6, 0, '2020-12-10 03:50:28', NULL),
(677, 860, 187, 509, 7, 0, '2020-12-10 03:50:28', NULL),
(678, 899, 188, 1104, 0, 1, '2020-12-10 04:15:37', '10-12-2020 11:15:43'),
(679, 832, 188, 556, 1, 1, '2020-12-10 04:15:37', '10-12-2020 11:15:57'),
(680, 906, 188, 432, 2, 1, '2020-12-10 04:15:37', '10-12-2020 11:16:11'),
(681, 787, 188, 491, 3, 1, '2020-12-10 04:15:37', '10-12-2020 11:19:06'),
(682, 930, 188, 0, 4, 1, '2020-12-10 04:15:37', '10-12-2020 11:19:13'),
(683, 843, 188, 410, 5, 1, '2020-12-10 04:15:37', '10-12-2020 11:25:42'),
(684, 814, 188, 133, 6, 0, '2020-12-10 04:15:37', NULL),
(685, 797, 188, 1008, 7, 0, '2020-12-10 04:15:37', NULL),
(686, 791, 188, 589, 8, 0, '2020-12-10 04:15:37', NULL),
(687, 874, 189, 433, 0, 1, '2020-12-11 03:53:40', '11-12-2020 10:58:46'),
(688, 873, 189, 1, 1, 1, '2020-12-11 03:53:40', '11-12-2020 10:58:53'),
(689, 866, 189, 835, 2, 1, '2020-12-11 03:53:40', '11-12-2020 11:06:17'),
(690, 851, 189, 312, 3, 1, '2020-12-11 03:53:40', '11-12-2020 11:08:32'),
(691, 882, 189, 911, 4, 1, '2020-12-11 03:53:40', '11-12-2020 11:21:58'),
(692, 850, 189, 686, 5, 1, '2020-12-11 03:53:40', '11-12-2020 11:22:22'),
(693, 881, 189, 636, 6, 0, '2020-12-11 03:53:40', NULL),
(694, 859, 189, 523, 7, 0, '2020-12-11 03:53:40', NULL),
(695, 830, 190, 645, 0, 0, '2020-12-11 04:08:40', NULL),
(696, 826, 190, 316, 1, 0, '2020-12-11 04:08:40', NULL),
(697, 894, 190, 945, 2, 0, '2020-12-11 04:08:40', NULL),
(698, 811, 190, 284, 3, 0, '2020-12-11 04:08:40', NULL),
(699, 907, 190, 305, 4, 0, '2020-12-11 04:08:40', NULL),
(700, 936, 190, 810, 5, 0, '2020-12-11 04:08:40', NULL),
(701, 855, 190, 745, 6, 0, '2020-12-11 04:08:40', NULL),
(702, 838, 190, 41, 7, 0, '2020-12-11 04:08:40', NULL),
(703, 805, 190, 699, 8, 0, '2020-12-11 04:08:40', NULL),
(704, 901, 191, 1081, 0, 1, '2020-12-11 04:22:10', '11-12-2020 11:22:14'),
(705, 831, 191, 564, 1, 1, '2020-12-11 04:22:10', '11-12-2020 11:22:23'),
(706, 966, 191, 430, 2, 1, '2020-12-11 04:22:10', '11-12-2020 11:31:14'),
(707, 931, 191, 495, 3, 1, '2020-12-11 04:22:10', '11-12-2020 11:37:30'),
(708, 788, 191, 0, 4, 1, '2020-12-11 04:22:10', '11-12-2020 11:37:37'),
(709, 845, 191, 416, 5, 1, '2020-12-11 04:22:10', '11-12-2020 11:44:16'),
(710, 812, 191, 133, 6, 1, '2020-12-11 04:22:10', '11-12-2020 11:50:18'),
(711, 799, 191, 972, 7, 0, '2020-12-11 04:22:10', NULL),
(712, 793, 191, 591, 8, 0, '2020-12-11 04:22:10', NULL),
(713, 999, 192, 774, 0, 1, '2020-12-11 11:13:58', '11-12-2020 18:14:48'),
(714, 926, 192, 536, 1, 1, '2020-12-11 11:13:58', '11-12-2020 18:14:56'),
(715, 884, 192, 913, 2, 1, '2020-12-11 11:13:58', '11-12-2020 18:15:02'),
(716, 883, 192, 517, 3, 1, '2020-12-11 11:13:58', '11-12-2020 18:21:38'),
(717, 823, 192, 636, 4, 1, '2020-12-11 11:13:58', '11-12-2020 18:29:51'),
(718, 908, 192, 887, 5, 1, '2020-12-11 11:13:58', '11-12-2020 19:26:42'),
(719, 806, 192, 923, 6, 1, '2020-12-11 11:13:58', '11-12-2020 19:26:52'),
(720, 963, 193, 433, 0, 1, '2020-12-14 04:12:52', '14-12-2020 11:12:59'),
(721, 962, 193, 1, 1, 1, '2020-12-14 04:12:52', '14-12-2020 11:13:09'),
(722, 977, 193, 603, 2, 1, '2020-12-14 04:12:52', '14-12-2020 11:17:48'),
(723, 955, 193, 533, 3, 1, '2020-12-14 04:12:52', '14-12-2020 11:34:03'),
(724, 947, 193, 315, 5, 1, '2020-12-14 04:12:52', '14-12-2020 11:34:44'),
(725, 958, 193, 431, 4, 1, '2020-12-14 04:12:52', '14-12-2020 11:34:13'),
(726, 1034, 193, 1404, 6, 1, '2020-12-14 04:12:52', '14-12-2020 11:49:00'),
(727, 954, 193, 469, 7, 1, '2020-12-14 04:12:52', '14-12-2020 11:58:18'),
(728, 964, 193, 634, 8, 1, '2020-12-14 04:12:52', '14-12-2020 12:09:55'),
(729, 957, 193, 514, 9, 1, '2020-12-14 04:12:52', '14-12-2020 12:10:01'),
(730, 1026, 194, 251, 0, 1, '2020-12-14 04:14:04', '14-12-2020 11:14:27'),
(731, 1027, 194, 555, 1, 1, '2020-12-14 04:14:04', '14-12-2020 11:25:35'),
(732, 960, 194, 1317, 2, 1, '2020-12-14 04:14:04', '14-12-2020 11:45:36'),
(733, 951, 194, 510, 3, 1, '2020-12-14 04:14:04', '14-12-2020 11:53:25'),
(734, 967, 194, 420, 4, 1, '2020-12-14 04:14:04', '14-12-2020 12:00:27'),
(735, 943, 194, 481, 5, 1, '2020-12-14 04:14:04', '14-12-2020 12:06:06'),
(736, 971, 194, 0, 6, 1, '2020-12-14 04:14:04', '14-12-2020 12:06:15'),
(737, 972, 194, 0, 7, 1, '2020-12-14 04:14:04', '14-12-2020 12:06:23'),
(738, 953, 194, 410, 8, 0, '2020-12-14 04:14:04', NULL),
(739, 961, 194, 133, 9, 0, '2020-12-14 04:14:04', NULL),
(740, 949, 195, 640, 0, 1, '2020-12-14 04:40:24', '14-12-2020 11:40:33'),
(741, 950, 195, 8, 1, 1, '2020-12-14 04:40:24', '14-12-2020 11:40:40'),
(742, 1024, 195, 921, 2, 1, '2020-12-14 04:40:24', '14-12-2020 11:40:47'),
(743, 975, 195, 283, 3, 1, '2020-12-14 04:40:24', '14-12-2020 11:40:53'),
(744, 1010, 195, 1222, 4, 1, '2020-12-14 04:40:24', '14-12-2020 11:53:28'),
(745, 948, 195, 280, 5, 1, '2020-12-14 04:40:24', '14-12-2020 11:53:33'),
(746, 1030, 195, 307, 6, 1, '2020-12-14 04:40:24', '14-12-2020 11:56:20'),
(747, 946, 195, 308, 7, 1, '2020-12-14 04:40:24', '14-12-2020 11:59:30'),
(748, 952, 195, 309, 8, 1, '2020-12-14 04:40:24', '14-12-2020 12:12:34'),
(749, 956, 195, 223, 9, 1, '2020-12-14 04:40:24', '14-12-2020 12:12:42'),
(750, 993, 196, 239, 0, 1, '2020-12-14 11:29:37', '14-12-2020 18:29:48'),
(751, 1036, 196, 724, 1, 1, '2020-12-14 11:29:37', '14-12-2020 18:29:55'),
(752, 996, 196, 580, 2, 1, '2020-12-14 11:29:37', '14-12-2020 18:36:19'),
(753, 992, 196, 1320, 3, 1, '2020-12-14 11:29:37', '14-12-2020 18:36:25'),
(754, 995, 196, 505, 4, 1, '2020-12-14 11:29:37', '14-12-2020 18:36:32'),
(755, 1025, 196, 1055, 5, 1, '2020-12-14 11:29:37', '14-12-2020 18:36:37'),
(756, 988, 196, 1585, 6, 1, '2020-12-14 11:29:37', '14-12-2020 18:39:54'),
(757, 1047, 196, 443, 7, 1, '2020-12-14 11:29:37', '14-12-2020 18:51:09'),
(758, 1041, 197, 1088, 0, 0, '2020-12-15 03:58:18', NULL),
(759, 1016, 197, 664, 1, 0, '2020-12-15 03:58:18', NULL),
(760, 978, 197, 528, 2, 0, '2020-12-15 03:58:18', NULL),
(761, 1111, 197, 1221, 3, 0, '2020-12-15 03:58:18', NULL),
(762, 1040, 197, 636, 4, 0, '2020-12-15 03:58:18', NULL),
(763, 1042, 197, 393, 5, 0, '2020-12-15 03:58:18', NULL),
(764, 1003, 197, 510, 6, 0, '2020-12-15 03:58:18', NULL),
(765, 1005, 198, 669, 0, 1, '2020-12-15 04:04:49', '15-12-2020 11:16:03'),
(766, 1043, 198, 529, 1, 1, '2020-12-15 04:04:49', '15-12-2020 11:24:04'),
(767, 1039, 198, 428, 2, 1, '2020-12-15 04:04:49', '15-12-2020 11:24:53'),
(768, 979, 198, 611, 3, 1, '2020-12-15 04:04:49', '15-12-2020 11:32:04'),
(769, 1105, 198, 758, 4, 1, '2020-12-15 04:04:49', '15-12-2020 11:42:21'),
(770, 1038, 198, 337, 5, 1, '2020-12-15 04:04:49', '15-12-2020 11:45:41'),
(771, 1045, 198, 898, 6, 1, '2020-12-15 04:04:49', '15-12-2020 12:01:04'),
(772, 1011, 199, 455, 0, 1, '2020-12-15 04:06:30', '15-12-2020 11:08:47'),
(773, 1044, 199, 393, 1, 1, '2020-12-15 04:06:30', '15-12-2020 11:17:05'),
(774, 1029, 199, 550, 2, 1, '2020-12-15 04:06:30', '15-12-2020 11:24:37'),
(775, 973, 199, 641, 3, 1, '2020-12-15 04:06:30', '15-12-2020 11:33:01'),
(776, 974, 199, 0, 4, 1, '2020-12-15 04:06:30', '15-12-2020 11:33:10'),
(777, 968, 199, 472, 5, 1, '2020-12-15 04:06:30', '15-12-2020 12:03:45'),
(778, 1037, 199, 1446, 6, 1, '2020-12-15 04:06:30', '15-12-2020 12:03:54'),
(779, 1110, 200, 307, 0, 1, '2020-12-16 03:37:26', '16-12-2020 10:58:41'),
(780, 1060, 200, 424, 1, 1, '2020-12-16 03:37:26', '16-12-2020 11:08:56'),
(781, 1033, 200, 525, 2, 1, '2020-12-16 03:37:26', '16-12-2020 11:17:06'),
(782, 969, 200, 934, 3, 1, '2020-12-16 03:37:26', '16-12-2020 11:32:38'),
(783, 1057, 200, 850, 4, 1, '2020-12-16 03:37:26', '16-12-2020 11:48:14'),
(784, 1122, 200, 102, 5, 1, '2020-12-16 03:37:26', '16-12-2020 11:50:15'),
(785, 1120, 200, 664, 6, 1, '2020-12-16 03:37:26', '16-12-2020 12:01:36'),
(786, 1116, 201, 726, 0, 0, '2020-12-16 03:37:59', NULL),
(787, 980, 201, 744, 1, 0, '2020-12-16 03:37:59', NULL),
(788, 1056, 201, 940, 2, 0, '2020-12-16 03:37:59', NULL),
(789, 1006, 201, 299, 3, 0, '2020-12-16 03:37:59', NULL),
(790, 1058, 201, 373, 4, 0, '2020-12-16 03:37:59', NULL),
(791, 1059, 201, 719, 5, 0, '2020-12-16 03:37:59', NULL),
(792, 1055, 201, 414, 6, 0, '2020-12-16 03:37:59', NULL),
(793, 1116, 202, 731, 0, 1, '2020-12-16 03:39:42', '16-12-2020 11:01:07'),
(794, 980, 202, 746, 1, 1, '2020-12-16 03:39:42', '16-12-2020 11:09:57'),
(795, 1056, 202, 944, 2, 1, '2020-12-16 03:39:42', '16-12-2020 11:24:06'),
(796, 1006, 202, 302, 3, 1, '2020-12-16 03:39:42', '16-12-2020 11:28:16'),
(797, 1058, 202, 375, 4, 1, '2020-12-16 03:39:42', '16-12-2020 11:50:48'),
(798, 1059, 202, 721, 5, 1, '2020-12-16 03:39:42', '16-12-2020 11:51:12'),
(799, 1055, 202, 415, 6, 1, '2020-12-16 03:39:42', '16-12-2020 11:51:25'),
(800, 981, 203, 895, 0, 1, '2020-12-16 04:04:19', '16-12-2020 11:04:28'),
(801, 1106, 203, 752, 1, 1, '2020-12-16 04:04:19', '16-12-2020 11:09:18'),
(802, 1054, 203, 325, 2, 1, '2020-12-16 04:04:19', '16-12-2020 11:09:23'),
(803, 1053, 203, 745, 3, 0, '2020-12-16 04:04:19', NULL),
(804, 1061, 203, 1414, 4, 0, '2020-12-16 04:04:19', NULL),
(805, 981, 204, 910, 0, 1, '2020-12-16 04:11:38', '16-12-2020 11:11:53'),
(806, 1106, 204, 768, 1, 1, '2020-12-16 04:11:38', '16-12-2020 11:12:02'),
(807, 1054, 204, 326, 2, 1, '2020-12-16 04:11:38', '16-12-2020 11:12:08'),
(808, 1053, 204, 753, 3, 1, '2020-12-16 04:11:38', '16-12-2020 11:19:06'),
(809, 1061, 204, 1355, 4, 0, '2020-12-16 04:11:38', NULL),
(810, 1066, 205, 583, 0, 1, '2020-12-16 10:21:15', '16-12-2020 17:29:29'),
(811, 1067, 205, 259, 1, 1, '2020-12-16 10:21:15', '16-12-2020 17:29:45'),
(812, 1121, 205, 1123, 2, 1, '2020-12-16 10:21:15', '16-12-2020 17:44:35'),
(813, 1062, 205, 1644, 3, 1, '2020-12-16 10:21:15', '16-12-2020 18:07:24'),
(814, 1124, 206, 1242, 0, 0, '2020-12-16 10:31:21', NULL),
(815, 1064, 206, 185, 1, 0, '2020-12-16 10:31:21', NULL),
(816, 1063, 206, 1685, 2, 0, '2020-12-16 10:31:21', NULL),
(817, 1065, 206, 943, 3, 0, '2020-12-16 10:31:21', NULL),
(818, 1113, 206, 433, 4, 0, '2020-12-16 10:31:21', NULL),
(819, 1080, 207, 431, 0, 1, '2020-12-17 04:06:30', '17-12-2020 11:07:05'),
(820, 1074, 207, 535, 1, 1, '2020-12-17 04:06:30', '17-12-2020 11:14:53'),
(821, 1125, 207, 817, 2, 0, '2020-12-17 04:06:30', NULL),
(822, 1076, 207, 675, 3, 0, '2020-12-17 04:06:30', NULL),
(823, 1123, 207, 102, 4, 0, '2020-12-17 04:06:30', NULL),
(824, 970, 207, 966, 5, 0, '2020-12-17 04:06:30', NULL),
(825, 1068, 207, 1427, 6, 0, '2020-12-17 04:06:30', NULL),
(826, 1135, 208, 751, 0, 1, '2020-12-17 04:09:42', '17-12-2020 11:09:54'),
(827, 1117, 208, 345, 1, 1, '2020-12-17 04:09:42', '17-12-2020 11:35:23'),
(828, 982, 208, 748, 2, 1, '2020-12-17 04:09:42', '17-12-2020 11:35:29'),
(829, 1020, 208, 474, 3, 1, '2020-12-17 04:09:42', '17-12-2020 11:35:35'),
(830, 1075, 208, 1217, 4, 1, '2020-12-17 04:09:42', '17-12-2020 11:47:57'),
(831, 1007, 208, 305, 5, 1, '2020-12-17 04:09:42', '17-12-2020 12:01:18'),
(832, 1077, 208, 379, 6, 1, '2020-12-17 04:09:42', '17-12-2020 12:01:30'),
(833, 1013, 209, 432, 0, 1, '2020-12-17 04:09:43', '17-12-2020 11:09:52'),
(834, 1132, 209, 371, 1, 1, '2020-12-17 04:09:43', '17-12-2020 11:09:58'),
(835, 1078, 209, 997, 2, 1, '2020-12-17 04:09:43', '17-12-2020 11:18:40'),
(836, 1071, 209, 407, 3, 1, '2020-12-17 04:09:43', '17-12-2020 11:23:56'),
(837, 983, 209, 596, 4, 1, '2020-12-17 04:09:43', '17-12-2020 11:29:26'),
(838, 1107, 209, 724, 5, 1, '2020-12-17 04:09:43', '17-12-2020 11:38:25'),
(839, 1070, 209, 1175, 6, 1, '2020-12-17 04:09:43', '17-12-2020 12:22:28'),
(840, 1074, 210, 675, 0, 0, '2020-12-17 04:32:56', NULL),
(841, 1080, 210, 513, 1, 0, '2020-12-17 04:32:56', NULL),
(842, 1125, 210, 821, 2, 0, '2020-12-17 04:32:56', NULL),
(843, 1076, 210, 682, 3, 0, '2020-12-17 04:32:56', NULL),
(844, 1123, 210, 102, 4, 0, '2020-12-17 04:32:56', NULL),
(845, 970, 210, 977, 5, 0, '2020-12-17 04:32:56', NULL),
(846, 1068, 210, 1439, 6, 0, '2020-12-17 04:32:56', NULL),
(847, 1087, 211, 254, 0, 1, '2020-12-17 10:05:29', '17-12-2020 17:15:11'),
(848, 1082, 211, 727, 1, 1, '2020-12-17 10:05:29', '17-12-2020 17:26:40'),
(849, 1015, 211, 1053, 2, 1, '2020-12-17 10:05:29', '17-12-2020 18:19:44'),
(850, 1086, 211, 429, 3, 1, '2020-12-17 10:05:29', '17-12-2020 18:34:51'),
(851, 1083, 211, 509, 4, 0, '2020-12-17 10:05:29', NULL),
(852, 1085, 211, 939, 5, 0, '2020-12-17 10:05:29', NULL),
(853, 1114, 211, 442, 6, 0, '2020-12-17 10:05:29', NULL),
(854, 1137, 212, 703, 0, 1, '2020-12-17 10:20:01', '17-12-2020 17:20:11'),
(855, 1131, 212, 577, 1, 1, '2020-12-17 10:20:01', '17-12-2020 17:26:43'),
(856, 1130, 212, 733, 2, 1, '2020-12-17 10:20:01', '17-12-2020 17:38:19'),
(857, 1084, 212, 165, 3, 1, '2020-12-17 10:20:01', '17-12-2020 17:38:27'),
(858, 1139, 212, 599, 4, 1, '2020-12-17 10:20:01', '17-12-2020 17:49:31'),
(859, 1021, 212, 561, 5, 1, '2020-12-17 10:20:01', '17-12-2020 18:02:27'),
(860, 1136, 213, 641, 0, 1, '2020-12-18 03:40:59', '18-12-2020 10:53:05'),
(861, 1118, 213, 436, 1, 1, '2020-12-18 03:40:59', '18-12-2020 10:53:15'),
(862, 984, 213, 737, 2, 1, '2020-12-18 03:40:59', '18-12-2020 11:01:53'),
(863, 1022, 213, 481, 3, 1, '2020-12-18 03:40:59', '18-12-2020 11:10:17'),
(864, 1133, 213, 1248, 4, 0, '2020-12-18 03:40:59', NULL),
(865, 1014, 213, 424, 5, 0, '2020-12-18 03:40:59', NULL),
(866, 1093, 213, 573, 6, 0, '2020-12-18 03:40:59', NULL),
(867, 1143, 214, 318, 0, 1, '2020-12-18 03:46:11', '18-12-2020 10:52:23'),
(868, 1127, 214, 341, 1, 1, '2020-12-18 03:46:11', '18-12-2020 10:59:04'),
(869, 1126, 214, 635, 2, 1, '2020-12-18 03:46:11', '18-12-2020 11:10:17'),
(870, 1094, 214, 159, 3, 1, '2020-12-18 03:46:11', '18-12-2020 11:10:28'),
(871, 1095, 214, 611, 4, 1, '2020-12-18 03:46:11', '18-12-2020 11:22:43'),
(872, 1142, 214, 573, 5, 1, '2020-12-18 03:46:11', '18-12-2020 11:33:11'),
(873, 1092, 214, 1093, 6, 1, '2020-12-18 03:46:11', '18-12-2020 11:44:24'),
(874, 1134, 214, 30, 7, 0, '2020-12-18 03:46:11', NULL),
(875, 1008, 215, 662, 0, 1, '2020-12-18 03:56:19', '18-12-2020 10:56:27'),
(876, 1096, 215, 505, 1, 1, '2020-12-18 03:56:19', '18-12-2020 11:01:18'),
(877, 1144, 215, 308, 2, 1, '2020-12-18 03:56:19', '18-12-2020 11:07:50'),
(878, 1091, 215, 152, 3, 1, '2020-12-18 03:56:19', '18-12-2020 11:08:22'),
(879, 985, 215, 621, 4, 1, '2020-12-18 03:56:19', '18-12-2020 11:16:19'),
(880, 1108, 215, 761, 5, 1, '2020-12-18 03:56:19', '18-12-2020 11:37:17'),
(881, 1119, 215, 1042, 6, 1, '2020-12-18 03:56:19', '18-12-2020 11:37:26'),
(882, 1089, 215, 509, 7, 1, '2020-12-18 03:56:19', '18-12-2020 11:51:36'),
(883, 1104, 216, 263, 0, 1, '2020-12-18 10:12:01', '18-12-2020 17:58:24'),
(884, 1101, 216, 737, 1, 1, '2020-12-18 10:12:01', '18-12-2020 17:58:34'),
(885, 1103, 216, 1175, 2, 1, '2020-12-18 10:12:01', '18-12-2020 17:58:39'),
(886, 1099, 216, 592, 3, 1, '2020-12-18 10:12:01', '18-12-2020 17:58:44'),
(887, 1102, 216, 1014, 4, 1, '2020-12-18 10:12:01', '18-12-2020 17:58:49'),
(888, 1115, 216, 431, 5, 1, '2020-12-18 10:12:01', '18-12-2020 18:03:24'),
(889, 1140, 217, 736, 0, 1, '2020-12-18 10:16:29', '18-12-2020 17:24:54'),
(890, 1129, 217, 571, 1, 1, '2020-12-18 10:16:29', '18-12-2020 17:32:05'),
(891, 1100, 217, 867, 2, 1, '2020-12-18 10:16:29', '18-12-2020 17:46:43'),
(892, 1128, 217, 128, 3, 1, '2020-12-18 10:16:29', '18-12-2020 17:46:53'),
(893, 1141, 217, 724, 4, 1, '2020-12-18 10:16:29', '18-12-2020 17:57:09'),
(894, 1023, 217, 619, 5, 0, '2020-12-18 10:16:29', NULL),
(895, 1160, 218, 521, 0, 1, '2020-12-21 04:02:53', '21-12-2020 11:16:22'),
(896, 1157, 218, 577, 1, 1, '2020-12-21 04:02:53', '21-12-2020 11:21:59'),
(897, 1163, 218, 337, 2, 1, '2020-12-21 04:02:53', '21-12-2020 11:25:28'),
(898, 1154, 218, 408, 3, 0, '2020-12-21 04:02:53', NULL),
(899, 1159, 218, 766, 4, 0, '2020-12-21 04:02:53', NULL),
(900, 1147, 218, 423, 5, 0, '2020-12-21 04:02:53', NULL);
INSERT INTO `delivery_point` (`id`, `catering_order_detail_id`, `delivery_data_id`, `delivery_time`, `position`, `status`, `created_time`, `updated_time`) VALUES
(901, 1167, 218, 564, 6, 0, '2020-12-21 04:02:53', NULL),
(902, 1149, 218, 391, 7, 0, '2020-12-21 04:02:53', NULL),
(903, 1146, 218, 774, 8, 0, '2020-12-21 04:02:53', NULL),
(904, 1185, 219, 235, 0, 0, '2020-12-21 10:20:33', NULL),
(905, 1188, 219, 604, 1, 0, '2020-12-21 10:20:33', NULL),
(906, 1184, 219, 995, 2, 0, '2020-12-21 10:20:33', NULL),
(907, 1179, 219, 663, 3, 0, '2020-12-21 10:20:33', NULL),
(908, 1176, 219, 520, 4, 0, '2020-12-21 10:20:33', NULL),
(909, 1171, 219, 830, 5, 0, '2020-12-21 10:20:33', NULL),
(910, 1174, 219, 850, 6, 0, '2020-12-21 10:20:33', NULL),
(911, 1172, 219, 1008, 7, 0, '2020-12-21 10:20:33', NULL),
(912, 1175, 219, 597, 8, 0, '2020-12-21 10:20:33', NULL),
(913, 1185, 220, 235, 0, 1, '2020-12-21 11:08:31', '21-12-2020 18:08:41'),
(914, 1188, 220, 650, 1, 1, '2020-12-21 11:08:31', '21-12-2020 18:09:08'),
(915, 1184, 220, 956, 2, 1, '2020-12-21 11:08:31', '21-12-2020 18:19:07'),
(916, 1179, 220, 667, 3, 1, '2020-12-21 11:08:31', '21-12-2020 18:19:13'),
(917, 1176, 220, 534, 4, 1, '2020-12-21 11:08:31', '21-12-2020 18:19:20'),
(918, 1171, 220, 847, 5, 1, '2020-12-21 11:08:31', '21-12-2020 18:26:11'),
(919, 1174, 220, 865, 6, 1, '2020-12-21 11:08:31', '21-12-2020 18:36:18'),
(920, 1172, 220, 952, 7, 1, '2020-12-21 11:08:31', '21-12-2020 18:44:57'),
(921, 1175, 220, 594, 8, 0, '2020-12-21 11:08:31', NULL),
(922, 1196, 221, 182, 0, 1, '2020-12-22 03:46:57', '22-12-2020 10:58:48'),
(923, 1189, 221, 400, 1, 1, '2020-12-22 03:46:57', '22-12-2020 11:09:23'),
(924, 1206, 221, 335, 2, 1, '2020-12-22 03:46:57', '22-12-2020 11:39:45'),
(925, 1203, 221, 564, 3, 1, '2020-12-22 03:46:57', '22-12-2020 11:39:54'),
(926, 1209, 221, 336, 4, 1, '2020-12-22 03:46:57', '22-12-2020 11:40:01'),
(927, 1205, 221, 702, 5, 1, '2020-12-22 03:46:57', '22-12-2020 11:40:08'),
(928, 1194, 221, 408, 6, 0, '2020-12-22 03:46:57', NULL),
(929, 1193, 221, 557, 7, 0, '2020-12-22 03:46:57', NULL),
(930, 1195, 221, 380, 8, 0, '2020-12-22 03:46:57', NULL),
(931, 1236, 222, 185, 0, 1, '2020-12-23 03:30:09', '23-12-2020 10:48:31'),
(932, 1245, 222, 579, 1, 1, '2020-12-23 03:30:09', '23-12-2020 10:53:49'),
(933, 1243, 222, 575, 2, 1, '2020-12-23 03:30:09', '23-12-2020 10:59:22'),
(934, 1261, 222, 810, 3, 1, '2020-12-23 03:30:09', '23-12-2020 11:26:45'),
(935, 1247, 222, 382, 4, 1, '2020-12-23 03:30:09', '23-12-2020 11:26:50'),
(936, 1235, 222, 385, 5, 0, '2020-12-23 03:30:09', NULL),
(937, 1248, 223, 421, 0, 1, '2020-12-23 03:42:19', '23-12-2020 10:47:39'),
(938, 1239, 223, 572, 1, 1, '2020-12-23 03:42:19', '23-12-2020 10:55:16'),
(939, 1233, 223, 760, 2, 1, '2020-12-23 03:42:19', '23-12-2020 11:07:03'),
(940, 1241, 223, 297, 3, 1, '2020-12-23 03:42:19', '23-12-2020 11:10:28'),
(941, 1242, 223, 333, 4, 1, '2020-12-23 03:42:19', '23-12-2020 11:18:23'),
(942, 1232, 223, 587, 5, 1, '2020-12-23 03:42:19', '23-12-2020 11:27:12'),
(943, 1244, 224, 606, 0, 1, '2020-12-23 03:48:07', '23-12-2020 10:50:25'),
(944, 1237, 224, 422, 1, 1, '2020-12-23 03:48:07', '23-12-2020 11:00:45'),
(945, 1238, 224, 1133, 2, 0, '2020-12-23 03:48:07', NULL),
(946, 1231, 224, 1204, 3, 0, '2020-12-23 03:48:07', NULL),
(947, 1246, 224, 116, 4, 0, '2020-12-23 03:48:07', NULL),
(948, 1276, 225, 177, 0, 1, '2020-12-28 04:15:44', '28-12-2020 11:22:29'),
(949, 1277, 225, 764, 1, 1, '2020-12-28 04:15:44', '28-12-2020 11:35:38'),
(950, 1271, 225, 714, 2, 1, '2020-12-28 04:15:44', '28-12-2020 11:43:39'),
(951, 1274, 225, 321, 3, 1, '2020-12-28 04:15:44', '28-12-2020 11:50:54'),
(952, 1264, 225, 387, 4, 1, '2020-12-28 04:15:44', '28-12-2020 11:52:57'),
(953, 1269, 225, 399, 5, 1, '2020-12-28 04:15:44', '28-12-2020 11:57:19'),
(954, 1275, 225, 395, 6, 1, '2020-12-28 04:15:44', '28-12-2020 12:00:26'),
(955, 1270, 225, 778, 7, 1, '2020-12-28 04:15:44', '28-12-2020 12:20:44'),
(956, 1266, 225, 757, 8, 1, '2020-12-28 04:15:44', '28-12-2020 12:39:21'),
(957, 1268, 225, 521, 9, 1, '2020-12-28 04:15:44', '28-12-2020 12:39:37'),
(958, 1287, 226, 235, 0, 1, '2020-12-28 10:31:11', '28-12-2020 17:31:15'),
(959, 1284, 226, 740, 1, 1, '2020-12-28 10:31:11', '28-12-2020 17:55:56'),
(960, 1282, 226, 1533, 2, 1, '2020-12-28 10:31:11', '28-12-2020 17:56:03'),
(961, 1286, 226, 757, 3, 1, '2020-12-28 10:31:11', '28-12-2020 18:04:40'),
(962, 1283, 226, 343, 4, 1, '2020-12-28 10:31:11', '28-12-2020 18:05:47'),
(963, 1285, 226, 983, 5, 1, '2020-12-28 10:31:11', '28-12-2020 18:33:42'),
(964, 1288, 226, 856, 6, 1, '2020-12-28 10:31:11', '28-12-2020 18:34:13'),
(965, 1306, 227, 185, 0, 1, '2020-12-29 04:05:17', '29-12-2020 11:05:23'),
(966, 1321, 227, 128, 1, 1, '2020-12-29 04:05:17', '29-12-2020 11:05:30'),
(967, 1301, 227, 269, 2, 1, '2020-12-29 04:05:17', '29-12-2020 11:10:42'),
(968, 1307, 227, 768, 3, 1, '2020-12-29 04:05:17', '29-12-2020 11:20:24'),
(969, 1302, 227, 1254, 4, 1, '2020-12-29 04:05:17', '29-12-2020 11:38:30'),
(970, 1297, 227, 641, 5, 0, '2020-12-29 04:05:17', NULL),
(971, 1304, 228, 451, 0, 0, '2020-12-29 04:14:18', NULL),
(972, 1299, 228, 583, 1, 0, '2020-12-29 04:14:18', NULL),
(973, 1294, 228, 264, 2, 0, '2020-12-29 04:14:18', NULL),
(974, 1296, 228, 979, 3, 0, '2020-12-29 04:14:18', NULL),
(975, 1298, 228, 498, 4, 0, '2020-12-29 04:14:18', NULL),
(976, 1303, 228, 620, 5, 0, '2020-12-29 04:14:18', NULL),
(977, 1308, 228, 214, 6, 0, '2020-12-29 04:14:18', NULL),
(978, 1293, 228, 196, 7, 0, '2020-12-29 04:14:18', NULL),
(979, 1304, 229, 454, 0, 1, '2020-12-29 04:21:32', '29-12-2020 11:27:49'),
(980, 1299, 229, 588, 1, 1, '2020-12-29 04:21:32', '29-12-2020 11:44:22'),
(981, 1294, 229, 265, 2, 1, '2020-12-29 04:21:32', '29-12-2020 11:44:33'),
(982, 1296, 229, 985, 3, 1, '2020-12-29 04:21:32', '29-12-2020 12:04:27'),
(983, 1298, 229, 500, 4, 1, '2020-12-29 04:21:32', '29-12-2020 12:42:24'),
(984, 1313, 230, 767, 0, 0, '2020-12-29 11:10:39', NULL),
(985, 1317, 230, 1196, 1, 0, '2020-12-29 11:10:39', NULL),
(986, 1314, 230, 823, 2, 0, '2020-12-29 11:10:39', NULL),
(987, 1316, 230, 848, 3, 0, '2020-12-29 11:10:39', NULL),
(988, 1320, 230, 680, 4, 0, '2020-12-29 11:10:39', NULL),
(989, 1318, 230, 511, 5, 0, '2020-12-29 11:10:39', NULL),
(990, 1312, 230, 573, 6, 0, '2020-12-29 11:10:39', NULL),
(991, 1310, 230, 1061, 7, 0, '2020-12-29 11:10:39', NULL),
(992, 1327, 231, 576, 0, 0, '2020-12-30 03:23:06', NULL),
(993, 1332, 231, 382, 1, 0, '2020-12-30 03:23:06', NULL),
(994, 1328, 231, 714, 2, 0, '2020-12-30 03:23:06', NULL),
(995, 1331, 231, 1013, 3, 0, '2020-12-30 03:23:06', NULL),
(996, 1336, 231, 207, 4, 0, '2020-12-30 03:23:06', NULL),
(997, 1324, 231, 193, 5, 0, '2020-12-30 03:23:06', NULL),
(998, 1327, 232, 583, 0, 1, '2020-12-30 03:26:38', '30-12-2020 11:14:37'),
(999, 1332, 232, 384, 1, 1, '2020-12-30 03:26:38', '30-12-2020 11:14:47'),
(1000, 1328, 232, 718, 2, 1, '2020-12-30 03:26:38', '30-12-2020 11:19:24'),
(1001, 1331, 232, 1019, 3, 0, '2020-12-30 03:26:38', NULL),
(1002, 1336, 232, 207, 4, 0, '2020-12-30 03:26:38', NULL),
(1003, 1324, 232, 193, 5, 0, '2020-12-30 03:26:38', NULL),
(1004, 1333, 233, 187, 0, 1, '2020-12-30 03:42:12', '30-12-2020 10:48:14'),
(1005, 1347, 233, 125, 1, 1, '2020-12-30 03:42:12', '30-12-2020 10:48:25'),
(1006, 1329, 233, 273, 2, 0, '2020-12-30 03:42:12', NULL),
(1007, 1334, 233, 747, 3, 0, '2020-12-30 03:42:12', NULL),
(1008, 1335, 233, 1117, 4, 0, '2020-12-30 03:42:12', NULL),
(1009, 1330, 233, 843, 5, 0, '2020-12-30 03:42:12', NULL),
(1010, 1327, 234, 623, 0, 1, '2020-12-30 04:19:36', '30-12-2020 11:19:45'),
(1011, 1332, 234, 397, 1, 1, '2020-12-30 04:19:36', '30-12-2020 11:19:54'),
(1012, 1328, 234, 735, 2, 1, '2020-12-30 04:19:36', '30-12-2020 11:19:59'),
(1013, 1331, 234, 1073, 3, 1, '2020-12-30 04:19:36', '30-12-2020 11:20:05'),
(1014, 1336, 234, 211, 4, 1, '2020-12-30 04:19:36', '30-12-2020 11:53:47'),
(1015, 1324, 234, 196, 5, 1, '2020-12-30 04:19:36', '30-12-2020 11:54:06'),
(1016, 1342, 235, 232, 0, 1, '2020-12-30 10:16:50', '30-12-2020 17:21:04'),
(1017, 1322, 235, 407, 1, 1, '2020-12-30 10:16:50', '30-12-2020 17:28:02'),
(1018, 1339, 235, 652, 2, 1, '2020-12-30 10:16:50', '30-12-2020 17:42:59'),
(1019, 1341, 235, 882, 3, 1, '2020-12-30 10:16:50', '30-12-2020 17:51:32'),
(1020, 1343, 235, 669, 4, 1, '2020-12-30 10:16:50', '30-12-2020 18:00:04'),
(1021, 1338, 235, 510, 5, 1, '2020-12-30 10:16:50', '30-12-2020 18:23:25'),
(1022, 1337, 235, 1273, 6, 0, '2020-12-30 10:16:50', NULL),
(1023, 1353, 236, 619, 0, 1, '2021-01-04 03:13:22', '04-01-2021 10:26:23'),
(1024, 1362, 236, 1050, 1, 1, '2021-01-04 03:13:22', '04-01-2021 10:45:03'),
(1025, 1351, 236, 796, 2, 1, '2021-01-04 03:13:22', '04-01-2021 10:54:58'),
(1026, 1355, 236, 1059, 3, 0, '2021-01-04 03:13:22', NULL),
(1027, 1365, 236, 688, 4, 0, '2021-01-04 03:13:22', NULL),
(1028, 1357, 236, 350, 5, 0, '2021-01-04 03:13:22', NULL),
(1029, 1353, 237, 630, 0, 1, '2021-01-04 03:57:57', '04-01-2021 10:58:07'),
(1030, 1362, 237, 1076, 1, 1, '2021-01-04 03:57:57', '04-01-2021 10:58:12'),
(1031, 1351, 237, 819, 2, 1, '2021-01-04 03:57:57', '04-01-2021 10:58:18'),
(1032, 1355, 237, 1090, 3, 1, '2021-01-04 03:57:57', '04-01-2021 11:21:05'),
(1033, 1365, 237, 696, 4, 1, '2021-01-04 03:57:57', '04-01-2021 11:30:39'),
(1034, 1357, 237, 352, 5, 1, '2021-01-04 03:57:57', '04-01-2021 11:38:59'),
(1035, 1350, 238, 235, 0, 1, '2021-01-04 10:09:07', '04-01-2021 17:13:13'),
(1036, 1359, 238, 419, 1, 1, '2021-01-04 10:09:07', '04-01-2021 17:19:48'),
(1037, 1364, 238, 797, 2, 0, '2021-01-04 10:09:07', NULL),
(1038, 1356, 238, 1241, 3, 0, '2021-01-04 10:09:07', NULL),
(1039, 1366, 238, 888, 4, 0, '2021-01-04 10:09:07', NULL),
(1040, 1358, 238, 369, 5, 0, '2021-01-04 10:09:07', NULL),
(1041, 1363, 238, 250, 6, 0, '2021-01-04 10:09:07', NULL),
(1042, 1385, 239, 208, 0, 1, '2021-01-05 03:10:10', '05-01-2021 10:34:22'),
(1043, 1386, 239, 194, 1, 1, '2021-01-05 03:10:10', '05-01-2021 10:35:07'),
(1044, 1369, 239, 264, 2, 1, '2021-01-05 03:10:10', '05-01-2021 10:38:06'),
(1045, 1374, 239, 900, 3, 0, '2021-01-05 03:10:10', NULL),
(1046, 1371, 239, 744, 4, 0, '2021-01-05 03:10:10', NULL),
(1047, 1373, 239, 340, 5, 0, '2021-01-05 03:10:10', NULL),
(1048, 1375, 239, 589, 6, 0, '2021-01-05 03:10:10', NULL),
(1049, 1380, 240, 502, 0, 1, '2021-01-05 10:00:21', '05-01-2021 17:00:33'),
(1050, 1383, 240, 1541, 1, 1, '2021-01-05 10:00:21', '05-01-2021 17:24:32'),
(1051, 1379, 240, 373, 2, 1, '2021-01-05 10:00:21', '05-01-2021 17:29:05'),
(1052, 1381, 240, 262, 3, 1, '2021-01-05 10:00:21', '05-01-2021 17:35:00'),
(1053, 1384, 240, 578, 4, 1, '2021-01-05 10:00:21', '05-01-2021 17:49:23'),
(1054, 1382, 240, 2205, 5, 0, '2021-01-05 10:00:21', NULL),
(1055, 1403, 241, 233, 0, 1, '2021-01-06 09:59:22', '06-01-2021 17:31:52'),
(1056, 1407, 241, 1671, 1, 1, '2021-01-06 09:59:22', '06-01-2021 17:59:51'),
(1057, 1404, 241, 371, 2, 1, '2021-01-06 09:59:22', '06-01-2021 18:00:02'),
(1058, 1405, 241, 254, 3, 1, '2021-01-06 09:59:22', '06-01-2021 18:00:08'),
(1059, 1408, 241, 576, 4, 1, '2021-01-06 09:59:22', '06-01-2021 18:00:17'),
(1060, 1406, 241, 2183, 5, 0, '2021-01-06 09:59:22', NULL),
(1061, 1416, 242, 214, 0, 0, '2021-01-07 03:14:21', NULL),
(1062, 1388, 242, 375, 1, 0, '2021-01-07 03:14:21', NULL),
(1063, 1411, 242, 288, 2, 0, '2021-01-07 03:14:21', NULL),
(1064, 1409, 242, 306, 3, 0, '2021-01-07 03:14:21', NULL),
(1065, 1415, 242, 925, 4, 0, '2021-01-07 03:14:21', NULL),
(1066, 1414, 242, 528, 5, 0, '2021-01-07 03:14:21', NULL),
(1067, 1412, 242, 349, 6, 0, '2021-01-07 03:14:21', NULL),
(1068, 1436, 242, 631, 7, 0, '2021-01-07 03:14:21', NULL),
(1069, 1422, 243, 255, 0, 1, '2021-01-07 10:08:53', '07-01-2021 17:20:39'),
(1070, 1410, 243, 405, 1, 1, '2021-01-07 10:08:53', '07-01-2021 17:26:14'),
(1071, 1390, 243, 1868, 2, 1, '2021-01-07 10:08:53', '07-01-2021 18:12:48'),
(1072, 1420, 243, 1505, 3, 1, '2021-01-07 10:08:53', '07-01-2021 18:24:21'),
(1073, 1417, 243, 367, 4, 1, '2021-01-07 10:08:53', '07-01-2021 18:29:57'),
(1074, 1418, 243, 1638, 5, 1, '2021-01-07 10:08:53', '07-01-2021 18:54:45'),
(1075, 1430, 244, 262, 0, 1, '2021-01-08 10:01:45', '08-01-2021 17:01:59'),
(1076, 1431, 244, 726, 1, 1, '2021-01-08 10:01:45', '08-01-2021 17:10:40'),
(1077, 1392, 244, 706, 2, 0, '2021-01-08 10:01:45', NULL),
(1078, 1432, 244, 1687, 3, 0, '2021-01-08 10:01:46', NULL),
(1079, 1435, 244, 361, 4, 0, '2021-01-08 10:01:46', NULL),
(1080, 1434, 244, 1674, 5, 0, '2021-01-08 10:01:46', NULL),
(1081, 1459, 245, 234, 0, 1, '2021-01-11 10:37:04', '11-01-2021 17:37:19'),
(1082, 1451, 245, 399, 1, 1, '2021-01-11 10:37:04', '11-01-2021 17:37:25'),
(1083, 1450, 245, 218, 2, 1, '2021-01-11 10:37:04', '11-01-2021 17:41:11'),
(1084, 1457, 245, 1645, 3, 1, '2021-01-11 10:37:04', '11-01-2021 18:02:40'),
(1085, 1453, 245, 632, 4, 1, '2021-01-11 10:37:04', '11-01-2021 18:15:01'),
(1086, 1460, 245, 586, 5, 1, '2021-01-11 10:37:04', '11-01-2021 18:43:33'),
(1087, 1455, 245, 1331, 6, 1, '2021-01-11 10:37:04', '11-01-2021 18:43:48'),
(1088, 1452, 245, 1087, 7, 0, '2021-01-11 10:37:04', NULL),
(1089, 1464, 246, 1252, 0, 1, '2021-01-12 03:21:01', '12-01-2021 10:54:02'),
(1090, 1471, 246, 1157, 1, 1, '2021-01-12 03:21:01', '12-01-2021 10:54:57'),
(1091, 1468, 246, 377, 2, 1, '2021-01-12 03:21:01', '12-01-2021 11:00:11'),
(1092, 1469, 246, 0, 3, 1, '2021-01-12 03:21:01', '12-01-2021 11:00:15'),
(1093, 1463, 246, 444, 4, 1, '2021-01-12 03:21:01', '12-01-2021 11:15:22'),
(1094, 1466, 246, 1535, 5, 1, '2021-01-12 03:21:01', '12-01-2021 11:50:47'),
(1095, 1470, 246, 672, 6, 1, '2021-01-12 03:21:01', '12-01-2021 11:50:53'),
(1096, 1465, 246, 487, 7, 0, '2021-01-12 03:21:01', NULL),
(1097, 1467, 246, 135, 8, 0, '2021-01-12 03:21:01', NULL),
(1098, 1480, 247, 242, 0, 1, '2021-01-12 10:07:33', '12-01-2021 17:11:56'),
(1099, 1478, 247, 406, 1, 1, '2021-01-12 10:07:33', '12-01-2021 17:28:37'),
(1100, 1477, 247, 331, 2, 1, '2021-01-12 10:07:33', '12-01-2021 17:28:46'),
(1101, 1472, 247, 1999, 3, 1, '2021-01-12 10:07:33', '12-01-2021 18:29:04'),
(1102, 1479, 247, 609, 4, 1, '2021-01-12 10:07:33', '12-01-2021 18:29:11'),
(1103, 1475, 247, 809, 5, 1, '2021-01-12 10:07:33', '12-01-2021 18:29:18'),
(1104, 1473, 247, 1041, 6, 0, '2021-01-12 10:07:33', NULL),
(1105, 1488, 248, 417, 0, 1, '2021-01-13 04:03:31', '13-01-2021 11:03:41'),
(1106, 1461, 248, 611, 1, 1, '2021-01-13 04:03:31', '13-01-2021 11:03:46'),
(1107, 1485, 248, 368, 2, 1, '2021-01-13 04:03:31', '13-01-2021 11:09:38'),
(1108, 1486, 248, 0, 3, 1, '2021-01-13 04:03:31', '13-01-2021 11:09:43'),
(1109, 1481, 248, 438, 4, 1, '2021-01-13 04:03:31', '13-01-2021 11:18:23'),
(1110, 1482, 248, 1503, 5, 0, '2021-01-13 04:03:31', NULL),
(1111, 1487, 248, 672, 6, 0, '2021-01-13 04:03:31', NULL),
(1112, 1484, 248, 485, 7, 0, '2021-01-13 04:03:31', NULL),
(1113, 1483, 248, 135, 8, 0, '2021-01-13 04:03:31', NULL),
(1114, 1497, 249, 433, 0, 1, '2021-01-14 03:20:58', '14-01-2021 10:49:55'),
(1115, 1502, 249, 262, 1, 1, '2021-01-14 03:20:58', '14-01-2021 10:54:34'),
(1116, 1503, 249, 0, 2, 1, '2021-01-14 03:20:58', '14-01-2021 10:54:39'),
(1117, 1499, 249, 445, 3, 1, '2021-01-14 03:20:58', '14-01-2021 11:05:56'),
(1118, 1505, 249, 694, 4, 1, '2021-01-14 03:20:58', '14-01-2021 11:06:01'),
(1119, 1501, 249, 1585, 5, 1, '2021-01-14 03:20:58', '14-01-2021 11:42:24'),
(1120, 1504, 249, 607, 6, 1, '2021-01-14 03:20:58', '14-01-2021 11:42:30'),
(1121, 1500, 249, 693, 7, 1, '2021-01-14 03:20:58', '14-01-2021 11:42:35'),
(1122, 1512, 250, 496, 0, 1, '2021-01-14 10:14:59', '14-01-2021 17:21:58'),
(1123, 1511, 250, 651, 1, 1, '2021-01-14 10:14:59', '14-01-2021 17:27:57'),
(1124, 1498, 250, 405, 2, 1, '2021-01-14 10:14:59', '14-01-2021 17:38:04'),
(1125, 1509, 250, 335, 3, 1, '2021-01-14 10:14:59', '14-01-2021 18:00:46'),
(1126, 1507, 250, 1983, 4, 1, '2021-01-14 10:14:59', '14-01-2021 18:28:11'),
(1127, 1510, 250, 636, 5, 1, '2021-01-14 10:14:59', '14-01-2021 18:28:19'),
(1128, 1508, 250, 826, 6, 1, '2021-01-14 10:14:59', '14-01-2021 18:28:24'),
(1129, 1506, 250, 1044, 7, 0, '2021-01-14 10:14:59', NULL),
(1130, 1518, 251, 438, 0, 1, '2021-01-15 03:53:03', '15-01-2021 10:53:14'),
(1131, 1519, 251, 272, 1, 1, '2021-01-15 03:53:03', '15-01-2021 10:53:19'),
(1132, 1520, 251, 0, 2, 1, '2021-01-15 03:53:03', '15-01-2021 10:53:23'),
(1133, 1515, 251, 445, 3, 1, '2021-01-15 03:53:03', '15-01-2021 10:58:27'),
(1134, 1522, 251, 696, 4, 1, '2021-01-15 03:53:03', '15-01-2021 10:58:38'),
(1135, 1517, 251, 1568, 5, 1, '2021-01-15 03:53:03', '15-01-2021 11:28:58'),
(1136, 1521, 251, 614, 6, 1, '2021-01-15 03:53:03', '15-01-2021 11:29:06'),
(1137, 1516, 251, 702, 7, 0, '2021-01-15 03:53:03', NULL),
(1138, 1530, 252, 516, 0, 1, '2021-01-15 10:25:26', '15-01-2021 17:29:20'),
(1139, 1529, 252, 656, 1, 1, '2021-01-15 10:25:26', '15-01-2021 17:45:13'),
(1140, 1527, 252, 421, 2, 1, '2021-01-15 10:25:26', '15-01-2021 17:50:17'),
(1141, 1523, 252, 2004, 3, 0, '2021-01-15 10:25:26', NULL),
(1142, 1528, 252, 625, 4, 0, '2021-01-15 10:25:26', NULL),
(1143, 1525, 252, 844, 5, 0, '2021-01-15 10:25:26', NULL),
(1144, 1524, 252, 1090, 6, 0, '2021-01-15 10:25:26', NULL);

-- --------------------------------------------------------

--
-- Struktur dari tabel `driver_record`
--

CREATE TABLE `driver_record` (
  `id` int(11) NOT NULL,
  `delivery_date` varchar(50) DEFAULT NULL,
  `driver_data` longtext,
  `created_time` timestamp NOT NULL DEFAULT CURRENT_TIMESTAMP
) ENGINE=InnoDB DEFAULT CHARSET=latin1;

--
-- Dumping data untuk tabel `driver_record`
--

INSERT INTO `driver_record` (`id`, `delivery_date`, `driver_data`, `created_time`) VALUES
(6, '2020-11-02 18:03:14', '[\"Sutan;10(Dinner)\",\"Hanif;1xGrab8k(Dinner)\"]', '2020-10-31 17:03:14'),
(7, '2020-11-02 18:05:15', '[\"Sutan;8(Lunch)\",\"Daka;4(Lunch)\"]', '2020-10-31 17:05:15'),
(8, '2020-11-05 17:39:08', '[\"Sutan;6(Dinner)\"]', '2020-11-03 16:39:08'),
(9, '2020-11-05 17:39:27', '[\"Sutan;6(Lunch)\"]', '2020-11-03 16:39:27'),
(10, '2020-11-06 19:58:14', '[\"Sutan;6(Lunch), 6(Dinner)\"]', '2020-11-05 01:58:14'),
(11, '2020-11-09 11:46:44', '[\"Sutan;6(Lunch)\",\"Feldi;4(Lunch)\"]', '2020-11-08 00:46:44'),
(12, '2020-11-09 17:18:24', '[\"Sutan;5(diner)\",\"Ferdi;5(diner)\"]', '2020-11-08 06:18:24'),
(13, '2020-11-10 11:00:32', '[\"Sutan;5(lunch)\",\"Feldi;5(lunch)\"]', '2020-11-09 00:00:32'),
(14, '2020-11-10 17:25:15', '[\"Sutan;5(diner)\",\"Faldi;5(diner)\"]', '2020-11-09 06:25:15'),
(15, '2020-11-11 10:53:49', '[\"Sutan;5(lunch)\",\"Feldi;5(lunch)\"]', '2020-11-10 06:53:49'),
(16, '2020-11-11 17:00:43', '[\"Feldi;5(diner)\",\"Sutan;5(diner)\"]', '2020-11-10 13:00:44'),
(17, '2020-11-12 11:03:51', '[\"Sutan;6(Lunch)\",\"Feldi;5(lunch)\"]', '2020-11-11 07:03:51'),
(18, '2020-11-12 17:09:07', '[\"Feldi;4 (diner)\",\"Sutan;4 (diner)\"]', '2020-11-11 13:09:07'),
(19, '2020-11-12 17:09:08', '[\"Feldi;4 (diner)\",\"Sutan;4 (diner)\"]', '2020-11-11 13:09:08'),
(20, '2020-11-12 17:09:09', '[\"Feldi;4 (diner)\",\"Sutan;4 (diner)\"]', '2020-11-11 13:09:09'),
(21, '2020-11-12 17:09:11', '[\"Feldi;4 (diner)\",\"Sutan;4 (diner)\"]', '2020-11-11 13:09:11'),
(22, '2020-11-13 10:47:32', '[\"Sutan;5(lunch)\",\"Feldi;5(lunch)\"]', '2020-11-12 06:47:32'),
(23, '2020-11-13 17:03:20', '[\"Sutan;3(lunch)\",\"Feldi;4(lunch)\"]', '2020-11-12 13:03:20'),
(24, '2020-11-16 10:44:43', '[\"Sutan;9(lunch)\",\"Feldi;9(lunch)\"]', '2020-11-15 06:44:43'),
(25, '2020-11-16 17:18:26', '[\"Sutan;4(dinner)\",\"Feldi;4(dinner)\"]', '2020-11-15 13:18:26'),
(26, '2020-11-17 11:14:26', '[\"Sutan;9(lunch)\",\"Feldi;9(lunch)\"]', '2020-11-16 07:14:27'),
(27, '2020-11-17 17:27:28', '[\"Sutan;6(dinner)\"]', '2020-11-16 13:27:28'),
(28, '2020-11-18 11:00:15', '[\"Sutan;8(lunch)\",\"Feldi;8(lunch)\"]', '2020-11-17 07:00:15'),
(29, '2020-11-18 17:14:03', '[\"Feldi;4(Lunch)\",\"Sutan;3(Lunch)\"]', '2020-11-17 13:14:03'),
(30, '2020-11-18 17:14:04', '[\"Feldi;4(Lunch)\",\"Sutan;3(Lunch)\"]', '2020-11-17 13:14:04'),
(31, '2020-11-19 10:43:23', '[\"Sutan;9(lunch)\",\"Feldi;8(lunch)\"]', '2020-11-18 06:43:23'),
(32, '2020-11-19 16:46:07', '[\"Feldi;8(dinner)\"]', '2020-11-18 12:46:07'),
(33, '2020-11-20 11:18:34', '[\"Sutan;8(lunch)\",\"Feldi;8(lunch)\"]', '2020-11-19 07:18:34'),
(34, '2020-11-20 11:18:50', '[\"Sutan;8(lunch)\",\"Feldi;8(lunch)\"]', '2020-11-19 07:18:50'),
(35, '2020-11-20 11:18:53', '[\"Sutan;8(lunch)\",\"Feldi;8(lunch)\"]', '2020-11-19 07:18:53'),
(36, '2020-11-20 17:07:45', '[\"Feldi;5(diner)\"]', '2020-11-19 13:07:45'),
(37, '2020-11-23 10:59:42', '[\"Sutan;9(lunch)\",\"Feldi;9(lunch)\"]', '2020-11-22 13:59:42'),
(38, '2020-11-23 10:59:49', '[\"Sutan;9(lunch)\",\"Feldi;9(lunch)\"]', '2020-11-22 13:59:49'),
(39, '2020-11-23 10:59:52', '[\"Sutan;9(lunch)\",\"Feldi;9(lunch)\"]', '2020-11-22 13:59:52'),
(40, '2020-11-23 10:59:53', '[\"Sutan;9(lunch)\",\"Feldi;9(lunch)\"]', '2020-11-22 13:59:53'),
(41, '2020-11-23 10:59:54', '[\"Sutan;9(lunch)\",\"Feldi;9(lunch)\"]', '2020-11-22 13:59:54'),
(42, '2020-11-23 10:59:54', '[\"Sutan;9(lunch)\",\"Feldi;9(lunch)\"]', '2020-11-22 13:59:54'),
(43, '2020-11-23 10:59:54', '[\"Sutan;9(lunch)\",\"Feldi;9(lunch)\"]', '2020-11-22 13:59:54'),
(44, '2020-11-23 10:59:55', '[\"Sutan;9(lunch)\",\"Feldi;9(lunch)\"]', '2020-11-22 13:59:55'),
(45, '2020-11-23 11:00:00', '[\"Sutan;9(lunch)\",\"Feldi;9(lunch)\"]', '2020-11-22 14:00:00'),
(46, '2020-11-23 11:00:02', '[\"Sutan;9(lunch)\",\"Feldi;9(lunch)\"]', '2020-11-22 14:00:02'),
(47, '2020-11-23 11:00:03', '[\"Sutan;9(lunch)\",\"Feldi;9(lunch)\"]', '2020-11-22 14:00:03'),
(48, '2020-11-23 11:00:03', '[\"Sutan;9(lunch)\",\"Feldi;9(lunch)\"]', '2020-11-22 14:00:03'),
(49, '2020-11-23 11:00:09', '[\"Sutan;9(lunch)\",\"Feldi;9(lunch)\"]', '2020-11-22 14:00:10'),
(50, '2020-11-23 11:00:09', '[\"Sutan;9(lunch)\",\"Feldi;9(lunch)\"]', '2020-11-22 14:00:10'),
(51, '2020-11-23 11:00:09', '[\"Sutan;9(lunch)\",\"Feldi;9(lunch)\"]', '2020-11-22 14:00:10'),
(52, '2020-11-23 11:04:56', '[\"Sutan;9(lunch)\",\"Feldi;9(lunch)\"]', '2020-11-22 14:04:56'),
(53, '2020-11-23 11:04:59', '[\"Sutan;9(lunch)\",\"Feldi;9(lunch)\"]', '2020-11-22 14:04:59'),
(54, '2020-11-23 11:05:04', '[\"Sutan;9(lunch)\",\"Feldi;9(lunch)\"]', '2020-11-22 14:05:04'),
(55, '2020-11-23 11:05:06', '[\"Sutan;9(lunch)\",\"Feldi;9(lunch)\"]', '2020-11-22 14:05:06'),
(56, '2020-11-23 11:05:07', '[\"Sutan;9(lunch)\",\"Feldi;9(lunch)\"]', '2020-11-22 14:05:07'),
(57, '2020-11-23 11:05:07', '[\"Sutan;9(lunch)\",\"Feldi;9(lunch)\"]', '2020-11-22 14:05:07'),
(58, '2020-11-23 11:05:07', '[\"Sutan;9(lunch)\",\"Feldi;9(lunch)\"]', '2020-11-22 14:05:07'),
(59, '2020-11-25 11:32:45', '[\"Sutan;7(Lunch)\",\"Feldi;7(Lunch)\"]', '2020-11-24 21:32:45'),
(60, '2020-11-25 17:13:58', '[\"Sutan;8 (dinner)\"]', '2020-11-25 03:13:58'),
(61, '2020-12-21 16:48:28', '[\";\"]', '2020-12-21 09:48:28');

-- --------------------------------------------------------

--
-- Struktur dari tabel `ingredients_category`
--

CREATE TABLE `ingredients_category` (
  `id` int(11) NOT NULL,
  `name` varchar(100) NOT NULL,
  `description` varchar(300) DEFAULT NULL,
  `is_active` tinyint(1) NOT NULL DEFAULT '1',
  `created_time` timestamp NOT NULL DEFAULT CURRENT_TIMESTAMP ON UPDATE CURRENT_TIMESTAMP
) ENGINE=InnoDB DEFAULT CHARSET=latin1;

--
-- Dumping data untuk tabel `ingredients_category`
--

INSERT INTO `ingredients_category` (`id`, `name`, `description`, `is_active`, `created_time`) VALUES
(1, 'Persediaan Untuk Dijual', 'Contohnya, makanan frozen food.', 1, '2020-10-31 22:10:43'),
(2, 'Bahan Penolong', 'Contohnya, sendok, garpu, packaging, bowl, dll.', 1, '2020-10-31 22:11:42'),
(3, 'Buah & Sayur', 'Contohnya, brokoli, wortel, pepaya, jeruk, dll.', 1, '2020-10-31 22:11:16'),
(4, 'Daging & Seafood', 'Contohnya, ayam, sapi, cumi, udang, dll.', 1, '2020-10-31 22:11:16'),
(5, 'Bahan Pembantu Produksi', 'Contohnya, minyak goreng, gula, kecap, garam, dll.', 1, '2020-10-31 22:11:28');

-- --------------------------------------------------------

--
-- Struktur dari tabel `ingredients_data`
--

CREATE TABLE `ingredients_data` (
  `id` int(11) NOT NULL,
  `code` varchar(15) NOT NULL,
  `name` varchar(100) NOT NULL,
  `description` varchar(200) DEFAULT NULL,
  `category_id` int(11) NOT NULL,
  `unit_id` int(11) DEFAULT NULL,
  `purchase_price` int(11) DEFAULT NULL,
  `latest_price_date` varchar(30) DEFAULT NULL,
  `stock_limit` int(11) NOT NULL DEFAULT '0',
  `updated_time` timestamp NULL DEFAULT NULL,
  `created_time` timestamp NOT NULL DEFAULT CURRENT_TIMESTAMP
) ENGINE=InnoDB DEFAULT CHARSET=latin1;

--
-- Dumping data untuk tabel `ingredients_data`
--

INSERT INTO `ingredients_data` (`id`, `code`, `name`, `description`, `category_id`, `unit_id`, `purchase_price`, `latest_price_date`, `stock_limit`, `updated_time`, `created_time`) VALUES
(10, '569847223736', 'Buah Naga', 'buah naga', 3, 1, 30000, '16-11-2020', 1, '2020-12-10 05:47:03', '2020-11-15 15:47:06'),
(11, '431638892557', 'AYAM', 'AYAM KUKURUYUK', 4, 1, 32000, '16-11-2020', 0, NULL, '2020-11-15 15:48:10'),
(12, '253668251749', 'DAGING SAPI', 'MWOOOOOOOO', 4, 1, 125000, '16-11-2020', 0, NULL, '2020-11-15 15:48:45'),
(13, '785612927534', 'IKAN MAHI MAHI', 'SLURPPPP MANJA', 4, 1, 22000, '16-11-2020', 0, NULL, '2020-11-15 15:49:27'),
(14, '353698827954', 'UDANG', 'U DAN G', 4, 1, 65000, '16-11-2020', 0, NULL, '2020-11-15 15:50:04'),
(15, '736423918296', 'CUMI CUMI', 'IMC IMUC', 4, 1, 65000, '16-11-2020', 0, NULL, '2020-11-15 15:50:29'),
(16, '876452498697', 'GURITA', 'SQUIDWOR', 4, 1, 50000, '16-11-2020', 1, '2020-12-10 05:47:34', '2020-11-15 15:51:42'),
(17, '489465758272', 'BERAS PUTIH', 'BERAS PUTIH', 1, 1, 12000, '16-11-2020', 0, NULL, '2020-11-15 15:52:52'),
(18, '665187398543', 'BERAS MERAH', 'MERAH ITU BRANI', 1, 1, 14000, '16-11-2020', 0, NULL, '2020-11-15 15:53:22'),
(19, '657897951343', 'KENTANG', 'BUKAN J2 PRIME', 1, 1, 10000, '16-11-2020', 0, NULL, '2020-11-15 15:53:48'),
(20, '365781344262', 'SPAGHETTI', 'OOO ITALIANO', 1, 13, 14000, '16-11-2020', 0, NULL, '2020-11-15 15:54:47'),
(21, '749251612963', 'FUSILLI', 'NTAP', 1, 13, 15000, '16-11-2020', 1, '2020-11-15 15:55:28', '2020-11-15 15:55:15'),
(22, '712839864965', 'PENNE', 'PENNE TENG TEG PENNE', 1, 13, 35000, '16-11-2020', 0, NULL, '2020-11-15 15:56:14'),
(23, '571898337614', 'TELUR', 'TEETELUULUR TELUR', 1, 4, 1333, '16-11-2020', 0, NULL, '2020-11-15 15:57:57'),
(24, '987819522754', 'WORTEL', 'WORTEL LO MASAK GATAU', 3, 1, 10000, '16-11-2020', 1, '2020-12-10 05:46:32', '2020-11-15 15:58:44'),
(25, '332921475854', 'JAGUNG', 'JAGUNG', 3, 1, 10000, '16-11-2020', 1, '2020-12-10 05:46:12', '2020-11-15 15:59:41'),
(26, '637542883964', 'BROKOLI', 'BROKOLI', 3, 1, 12000, '16-11-2020', 1, '2020-12-10 05:45:47', '2020-11-15 16:00:22'),
(27, '214699178764', 'KOL PUTIH', 'KOL', 3, 1, 8000, '16-11-2020', 1, '2020-12-10 05:45:27', '2020-11-15 16:00:59'),
(28, '955718423193', 'SELADA', 'SELADA', 3, 1, 20000, '16-11-2020', 1, '2020-12-10 05:44:41', '2020-11-15 16:01:25'),
(29, '516591336978', 'TIMUN', 'TIMUN', 3, 1, 8000, '16-11-2020', 1, '2020-12-10 05:44:20', '2020-11-15 16:01:53'),
(30, '256457823394', 'PAKCOY', 'PAKCOY', 3, 1, 15000, '16-11-2020', 1, '2020-12-10 05:43:15', '2020-11-15 16:02:24'),
(31, '153497869265', 'JAMUR TIRAM', 'JARUM TIRAM', 3, 10, 5000, '16-11-2020', 0, NULL, '2020-11-15 16:03:07'),
(32, '818163943574', 'TEMPE', 'TEMPE', 1, 3, 5000, '16-11-2020', 0, NULL, '2020-11-15 16:03:59'),
(33, '622517984379', 'TOFU', 'TOFU', 1, 10, 3500, '16-11-2020', 0, NULL, '2020-11-15 16:04:30'),
(34, '891866594743', 'BAWANG BOMBAY', 'BOMBAYA', 1, 1, 20000, '16-11-2020', 1, '2020-12-10 05:43:48', '2020-11-15 16:07:26'),
(35, '563988947712', 'BAWANG PUTIH', 'PUTIH ITU SUCI', 1, 1, 25000, '16-11-2020', 1, '2020-12-10 05:42:39', '2020-11-15 16:09:04'),
(36, '869453112473', 'GULA', 'GULA', 1, 1, 15000, '16-11-2020', 1, '2020-12-10 05:41:08', '2020-11-15 16:14:13'),
(37, '336897158257', 'GARAM', 'GARAM', 1, 1, 22000, '16-11-2020', 1, '2020-12-10 05:39:37', '2020-11-15 16:14:37'),
(38, '716384376159', 'KALDU JAMUR', 'MANTAP', 1, 1, 175000, '16-11-2020', 1, '2020-12-10 05:40:18', '2020-11-15 16:15:08'),
(39, '294615371879', 'LADA ', 'LADA COY', 1, 2, 300, '16-11-2020', 0, NULL, '2020-11-15 16:15:34'),
(40, '656315499872', 'ORIGANO', 'BOTOL', 1, 10, 20000, '16-11-2020', 0, NULL, '2020-11-15 16:16:11'),
(41, '674849715325', 'TEPUNG PANIR', 'OANIR', 1, 1, 25000, '16-11-2020', 1, '2020-12-10 05:41:58', '2020-11-15 16:16:37'),
(42, '498853541297', 'TERIGU', 'TERIGU', 1, 1, 12000, '16-11-2020', 1, '2020-12-10 05:38:51', '2020-11-15 16:16:57'),
(43, '634779886521', 'MAIZENNA', 'BUNGKUS', 1, 10, 10000, '16-11-2020', 0, NULL, '2020-11-15 16:17:24'),
(44, '859276271613', 'BON CABE', 'BONCAB', 1, 10, 14000, '16-11-2020', 0, NULL, '2020-11-15 16:17:52'),
(45, '319772943812', 'LADA HITAM', 'IRENG', 1, 10, 30000, '16-11-2020', 0, NULL, '2020-11-15 16:18:13'),
(46, '356473569814', 'WIJEN', 'BII WIJEN', 1, 2, 60, '16-11-2020', 0, NULL, '2020-11-15 16:18:36'),
(47, '594214697283', 'CABE MERAH', 'NOT CABE CABEAN', 1, 1, 35000, '16-11-2020', 1, '2020-12-10 05:38:18', '2020-11-15 16:19:06'),
(48, '591483768543', 'CABE SETAN', 'HUU SERAM', 1, 1, 30000, '16-11-2020', 1, '2020-12-10 05:37:15', '2020-11-15 16:19:28'),
(49, '588973246715', 'SAOS ', 'JERIGEN', 1, 7, 115000, '16-11-2020', 0, NULL, '2020-11-15 16:20:16'),
(50, '351422617549', 'KECAP', 'KECAPPPPPPP', 1, 1, 55000, '16-11-2020', 0, NULL, '2020-11-15 16:21:01'),
(51, '139914258673', 'MAYONESSE', 'MAYOOO AHHH', 1, 10, 30000, '16-11-2020', 0, NULL, '2020-11-15 16:21:30'),
(52, '599662783417', 'SAOS TIRAM', 'TIRAMM', 1, 2, 70, '16-11-2020', 350, '2020-11-15 16:22:14', '2020-11-15 16:21:59'),
(53, '197586268594', 'PERMESAN BUBUK', 'KEJUU', 1, 10, 40000, '16-11-2020', 0, NULL, '2020-11-15 16:22:45'),
(54, '726581573984', 'PARMESAN BATANG', 'PARMESAN BATANG', 1, 7, 14000, '16-11-2020', 0, NULL, '2020-11-15 16:23:26'),
(55, '279641459818', 'MOZARELA', 'MOZARELA', 1, 2, 130, '16-11-2020', 0, NULL, '2020-11-15 16:23:54'),
(56, '135294697471', 'SUSU KOTAK', 'SUSU KOTAK', 1, 7, 22000, '16-11-2020', 0, NULL, '2020-11-15 16:24:14'),
(57, '353117468282', 'COOKING CREAM', 'COOKING CREAM', 1, 7, 105000, '16-11-2020', 0, NULL, '2020-11-15 16:24:38'),
(58, '769254934582', 'JAMUR KALENG', 'JAMUR KALENG', 1, 7, 17000, '16-11-2020', 0, NULL, '2020-11-15 16:25:04'),
(59, '791956312728', 'MINYAK GORENG', 'MINYAK GORENG', 1, 9, 17000, '16-11-2020', 0, NULL, '2020-11-15 16:25:31'),
(60, '319248586763', 'MENTEGA', 'KILOAN', 1, 10, 70000, '16-11-2020', 0, NULL, '2020-11-15 16:26:12'),
(61, '381939548412', 'BUBUK KEJU', 'A', 1, 2, 85, '16-11-2020', 0, NULL, '2020-11-15 16:26:37'),
(62, '838234171547', 'KEJU MELT', 'A', 1, 7, 30000, '16-11-2020', 0, NULL, '2020-11-15 16:26:57'),
(63, '964135698241', 'JAMUR SHIMIJI', 'AA', 1, 13, 15000, '16-11-2020', 0, NULL, '2020-11-15 16:27:21'),
(64, '319378729561', 'CHILI POWDER', 'W', 1, 2, 70, '16-11-2020', 0, NULL, '2020-11-15 16:27:46'),
(65, '958363224496', 'PAPRIKA BUAH', 'A', 3, 1, 50000, '16-11-2020', 1, '2020-12-10 05:36:08', '2020-11-15 16:28:11'),
(66, '427987239568', 'SEREH', 'S', 1, 2, 15, '16-11-2020', 0, NULL, '2020-11-15 16:28:32'),
(67, '718759922514', 'JAHE', 'JAHE', 1, 2, 60, '16-11-2020', 0, NULL, '2020-11-15 16:28:50'),
(68, '844291362535', 'LENGKUAS', 'S', 1, 2, 25, '16-11-2020', 0, NULL, '2020-11-15 16:29:32'),
(69, '557694416882', 'KENCUR', 'KENCUR', 1, 2, 50, '16-11-2020', 0, NULL, '2020-11-15 16:29:49'),
(70, '827123947861', 'KELAPA PARUT', 'KELAPA ', 1, 3, 12000, '16-11-2020', 0, NULL, '2020-11-15 16:30:17'),
(71, '492651534689', 'KECAP ASIN', 'ASIN', 1, 1, 50000, '16-11-2020', 0, NULL, '2020-11-15 16:30:44'),
(72, '612785561389', 'PISANG', 'PISANG', 3, 11, 15000, '16-11-2020', 0, NULL, '2020-11-15 16:31:07'),
(73, '731246529954', 'MELON', 'MELON', 3, 1, 15000, '16-11-2020', 0, NULL, '2020-11-15 16:31:31'),
(74, '337816856229', 'PEPAYA', 'PEPAYA', 3, 1, 10000, '16-11-2020', 0, NULL, '2020-11-15 16:31:56'),
(75, '954291754836', 'NENAS', 'NENAS', 3, 1, 10000, '16-11-2020', 0, NULL, '2020-11-15 16:32:14'),
(76, '927464158398', 'ANGGUR', 'A', 3, 1, 60000, '16-11-2020', 1, '2020-12-10 05:36:37', '2020-11-15 16:32:41'),
(77, '464796838711', 'APEL MERAH', 'A', 3, 1, 25000, '16-11-2020', 1, '2020-12-10 05:35:24', '2020-11-15 16:33:02'),
(78, '762543736914', 'APEL HIJAU', 'A', 3, 1, 25000, '16-11-2020', 1, '2020-12-10 05:34:58', '2020-11-15 16:33:27'),
(79, '332462789814', 'KIWI', 'BUKAN KIWIL', 3, 1, 80000, '16-11-2020', 1, '2020-12-10 05:34:25', '2020-11-15 16:33:54'),
(80, '468612924538', 'MANGGA', 'A', 3, 1, 30000, '16-11-2020', 1, '2020-12-10 05:33:53', '2020-11-15 16:34:23'),
(81, '522784685791', 'STROWBERRY', 'STROWBERRY MANGGA APEL SORRY GAK LEVEL', 1, 1, 75000, '16-11-2020', 1, '2020-12-10 05:33:22', '2020-11-15 16:35:07'),
(82, '646389489715', 'JERUK BRASTAGI', 'JERUK', 3, 1, 20000, '16-11-2020', 1, '2020-12-10 05:32:37', '2020-11-15 16:35:31'),
(83, '159363916244', 'JERUK BALI', 'DI PANTAI KUTA', 3, 1, 25000, '16-11-2020', 1, '2020-12-10 05:31:49', '2020-11-15 16:35:58'),
(84, '198754262735', 'ALPUKAT', 'ALPUKAT ', 3, 1, 30000, '16-11-2020', 1, '2020-12-10 05:31:24', '2020-11-15 16:36:25'),
(85, '767852538214', 'SEMANGKA', 'SEMANGAT KAKA', 3, 1, 10, '16-11-2020', 0, NULL, '2020-11-15 16:37:01'),
(86, '298971573146', 'LABU JIPANG', 'JIJIJIPAPNGPANGPANG JIPANG', 3, 1, 3000, '16-11-2020', 0, NULL, '2020-11-15 17:42:50'),
(87, '918762323614', 'BAWANG MERAH', 'KEJAMM', 1, 1, 28000, '16-11-2020', 0, NULL, '2020-11-15 17:43:39'),
(88, '634588951721', 'LABU KUNING', 'LABU KUNING', 1, 1, 7000, '16-11-2020', 0, NULL, '2020-11-15 17:47:47'),
(89, '184278495326', 'CRAB STICK', 'CURAH', 4, 1, 84900, '16-11-2020', 0, NULL, '2020-11-15 17:52:13'),
(90, '728476191535', 'KACANG ARCIS', 'ARCIS', 1, 1, 32000, '16-11-2020', 0, NULL, '2020-11-15 17:52:43'),
(91, '458196391835', 'Kacang mete', '', 1, 1, 200000, '18-11-2020', 0, NULL, '2020-11-17 04:21:12'),
(92, '715285469334', 'Jagung kecil', 'Jantan', 3, 1, 20000, '18-11-2020', 0, NULL, '2020-11-17 04:21:51'),
(93, '338698421755', 'Sawi', 'Sawi', 3, 1, 8000, '18-11-2020', 0, NULL, '2020-11-17 04:22:16'),
(94, '542967867932', 'smoke beef', 'kemasan', 4, 10, 52250, '17-11-2020', 0, NULL, '2020-11-21 13:14:24'),
(95, '374296645319', 'letuce', 'kemasan', 3, 10, 10500, '17-11-2020', 0, NULL, '2020-11-21 13:15:21'),
(96, '899243178616', 'lettuce salanova', 'kemasan', 3, 10, 11000, '17-11-2020', 0, NULL, '2020-11-21 13:16:57'),
(97, '372988136957', 'KEMANGI', 'KEMANGI', 3, 8, 5000, '22-11-2020', 0, NULL, '2020-11-21 13:41:43'),
(98, '527976346824', 'YOGURT', 'KOTAK', 1, 10, 36000, '22-11-2020', 0, NULL, '2020-11-21 13:42:53'),
(99, '934567912568', 'TOMAT', 'TOMAT', 3, 1, 15000, '22-11-2020', 0, NULL, '2020-11-21 13:43:20'),
(100, '686581242459', 'BUNGA KOL', 'KOL', 3, 1, 12000, '22-11-2020', 0, NULL, '2020-11-21 13:43:45'),
(101, '351926827449', 'JAMUR KUPING', 'JAMUR', 3, 2, 13, '22-11-2020', 0, NULL, '2020-11-21 13:45:06'),
(102, '874846925611', 'JAMUR KANCING SEGAR', 'JAMUR', 3, 2, 40, '22-11-2020', 0, NULL, '2020-11-21 13:46:03'),
(103, '415845916637', 'EDAMAME', 'EDAMAME', 3, 2, 35, '22-11-2020', 0, NULL, '2020-11-21 13:46:55'),
(104, '446196577518', 'BUNCIS', 'BUNCIS', 3, 1, 10000, '22-11-2020', 0, NULL, '2020-11-21 13:47:29'),
(105, '142539681879', 'DAUNSOP DAN DAUN PREI', 'DAUN SOP', 3, 8, 5000, '22-11-2020', 0, NULL, '2020-11-21 13:48:02'),
(106, '463758729164', 'KOL UNGU', 'KOL', 3, 1, 25000, '22-11-2020', 1, '2020-12-10 05:30:51', '2020-11-21 13:48:44'),
(107, '431689473125', 'TOMAT CERI', 'TOMAT', 3, 10, 12000, '22-11-2020', 0, NULL, '2020-11-21 13:49:09'),
(108, '396167987352', 'JIPANG', 'JIPANG', 3, 1, 6000, '22-11-2020', 0, NULL, '2020-11-21 13:49:32'),
(109, '734961296753', 'TEPUNG KETAN', 'ROSEBRAND', 1, 10, 20000, '22-11-2020', 0, NULL, '2020-11-21 13:50:51'),
(110, '329861891472', 'DAUN JERUK', 'DAUN JERUK', 3, 8, 5000, '22-11-2020', 0, NULL, '2020-11-21 13:52:39'),
(111, '426349583192', 'ROTI TAWAR', 'ROTI', 1, 10, 25000, '22-11-2020', 0, NULL, '2020-11-21 13:53:09'),
(112, '789547698135', 'saori saus tiram ', 'bungkus kecil', 1, 13, 3300, '01-12-2020', 0, NULL, '2020-12-01 14:02:24'),
(113, '319344278255', 'bayam', 'bayam', 3, 8, 5000, '01-12-2020', 0, NULL, '2020-12-01 14:02:55'),
(114, '681413298352', 'ifumie', 'ifumie patai', 1, 10, 10000, '01-12-2020', 0, NULL, '2020-12-01 14:03:26'),
(115, '132189359486', 'kincong', 'kincong', 3, 1, 12000, '01-12-2020', 0, NULL, '2020-12-01 14:04:03'),
(116, '653349478159', 'packaging bowl plastik 700ml', '', 5, 3, 2500, '01-12-2020', 0, NULL, '2020-12-01 14:04:52'),
(117, '734581262896', 'alumunium foil', 'foil', 5, 13, 23000, '01-12-2020', 0, NULL, '2020-12-01 14:05:35'),
(118, '431296458859', 'packaging bento thinwall', 'packaging ketring', 5, 3, 2200, '01-12-2020', 0, NULL, '2020-12-01 14:06:59'),
(119, '914736128934', 'saos cabai botol', 'saos', 1, 10, 26000, '01-12-2020', 0, NULL, '2020-12-01 14:18:22'),
(120, '467283811352', 'BERAS JEPANG', '', 1, 1, 26000, '06-12-2020', 0, NULL, '2020-12-06 16:58:27'),
(121, '287439651549', 'NORI', '10 SHEET', 1, 10, 60000, '06-12-2020', 0, NULL, '2020-12-06 16:58:57'),
(122, '423174126979', 'TOUGE', '', 3, 1, 8000, '06-12-2020', 0, NULL, '2020-12-06 16:59:24'),
(124, '683615422794', 'PACKAGING SAOS', '', 5, 10, 50000, '06-12-2020', 0, NULL, '2020-12-06 17:01:14');

-- --------------------------------------------------------

--
-- Struktur dari tabel `ingredients_unit`
--

CREATE TABLE `ingredients_unit` (
  `id` int(11) NOT NULL,
  `name` varchar(100) NOT NULL,
  `created_time` timestamp NOT NULL DEFAULT CURRENT_TIMESTAMP ON UPDATE CURRENT_TIMESTAMP
) ENGINE=InnoDB DEFAULT CHARSET=latin1;

--
-- Dumping data untuk tabel `ingredients_unit`
--

INSERT INTO `ingredients_unit` (`id`, `name`, `created_time`) VALUES
(1, 'kg', '2020-10-31 22:14:59'),
(2, 'gram', '2020-10-31 22:14:59'),
(3, 'buah', '2020-10-31 22:15:08'),
(4, 'butir', '2020-10-31 22:15:08'),
(5, 'dus', '2020-10-31 22:15:45'),
(6, 'ml', '2020-10-31 22:15:45'),
(7, 'kotak', '2020-10-31 22:16:17'),
(8, 'ikat', '2020-10-31 22:16:17'),
(9, 'liter', '2020-11-01 05:27:27'),
(10, 'bungkus', '2020-11-01 11:56:19'),
(11, 'sisir', '2020-11-01 11:56:19'),
(12, 'petak', '2020-11-01 11:56:38'),
(13, 'pack', '2020-11-06 06:29:35');

-- --------------------------------------------------------

--
-- Struktur dari tabel `in_stock`
--

CREATE TABLE `in_stock` (
  `id` int(11) NOT NULL,
  `ingredient_id` int(11) DEFAULT NULL,
  `entry_date` varchar(30) DEFAULT NULL,
  `quantity` int(11) DEFAULT NULL,
  `shopping_list_id` int(11) DEFAULT NULL,
  `supplier_name` varchar(100) DEFAULT NULL,
  `supplier_phone` varchar(20) DEFAULT NULL,
  `other_info` varchar(300) DEFAULT NULL,
  `is_active` tinyint(1) NOT NULL DEFAULT '1',
  `updated_time` timestamp NULL DEFAULT NULL,
  `created_time` timestamp NOT NULL DEFAULT CURRENT_TIMESTAMP
) ENGINE=InnoDB DEFAULT CHARSET=latin1;

--
-- Dumping data untuk tabel `in_stock`
--

INSERT INTO `in_stock` (`id`, `ingredient_id`, `entry_date`, `quantity`, `shopping_list_id`, `supplier_name`, `supplier_phone`, `other_info`, `is_active`, `updated_time`, `created_time`) VALUES
(1, 26, '12/15/2020', 2, 26, 'Tirta', '082218322408', '-', 1, NULL, '2020-12-15 06:42:45'),
(2, 24, '12/15/2020', 2, 26, 'Tirta', '082218322408', '-', 1, NULL, '2020-12-15 06:42:45'),
(3, 30, '12/15/2020', 2, 26, 'Tirta', '082218322408', '-', 1, NULL, '2020-12-15 06:42:45'),
(4, 25, '12/15/2020', 8, 26, 'Tirta', '082218322408', '-', 1, NULL, '2020-12-15 06:42:45'),
(5, 104, '12/15/2020', 1, 26, 'Tirta', '082218322408', '-', 1, NULL, '2020-12-15 06:42:45'),
(6, 28, '12/15/2020', 1, 26, 'Tirta', '082218322408', '-', 1, NULL, '2020-12-15 06:42:45'),
(7, 90, '12/15/2020', 2, 26, 'Tirta', '082218322408', '-', 1, NULL, '2020-12-15 06:42:45'),
(8, 34, '12/15/2020', 2, 26, 'Tirta', '082218322408', '-', 1, NULL, '2020-12-15 06:42:45'),
(9, 87, '12/15/2020', 1, 26, 'Tirta', '082218322408', '-', 1, NULL, '2020-12-15 06:42:45'),
(10, 35, '12/15/2020', 1, 26, 'Tirta', '082218322408', '-', 1, NULL, '2020-12-15 06:42:45'),
(11, 47, '12/15/2020', 1, 26, 'Tirta', '082218322408', '-', 1, NULL, '2020-12-15 06:42:45'),
(12, 84, '12/15/2020', 1, 26, 'Tirta', '082218322408', '-', 1, NULL, '2020-12-15 06:42:45'),
(13, 34, '12/15/2020', 3, 26, 'Tirta', '082218322408', '-', 1, NULL, '2020-12-15 06:42:45'),
(14, 31, '12/15/2020', 4, 26, 'Tirta', '082218322408', '-', 1, NULL, '2020-12-15 06:42:45'),
(15, 19, '12/15/2020', 25, 26, 'Tirta', '082218322408', '-', 1, NULL, '2020-12-15 06:42:45'),
(16, 70, '12/15/2020', 1, 26, 'Tirta', '082218322408', '-', 1, NULL, '2020-12-15 06:42:45'),
(17, 66, '12/15/2020', 1, 26, 'Tirta', '082218322408', '-', 1, NULL, '2020-12-15 06:42:45'),
(18, 105, '12/15/2020', 1, 26, 'Tirta', '082218322408', '-', 1, NULL, '2020-12-15 06:42:45'),
(19, 19, '12/15/2020', 10, 26, 'Tirta', '082218322408', '-', 1, NULL, '2020-12-15 06:42:45'),
(20, 97, '12/15/2020', 3, 26, 'Tirta', '082218322408', '-', 1, NULL, '2020-12-15 06:42:45'),
(21, 23, '12/15/2020', 1, 26, 'Tirta', '082218322408', '-', 1, NULL, '2020-12-15 06:42:45'),
(22, 42, '12/15/2020', 1, 26, 'Tirta', '082218322408', '-', 1, NULL, '2020-12-15 06:42:45'),
(23, 14, '12/15/2020', 1, 26, 'Tirta', '082218322408', '-', 1, NULL, '2020-12-15 06:42:45'),
(24, 15, '12/15/2020', 1, 26, 'Tirta', '082218322408', '-', 1, NULL, '2020-12-15 06:42:45'),
(25, 48, '12/15/2020', 2, 26, 'Tirta', '082218322408', '-', 1, NULL, '2020-12-15 06:42:45'),
(26, 20, '12/15/2020', 1, 26, 'Tirta', '082218322408', '-', 1, NULL, '2020-12-15 06:42:45'),
(27, 51, '12/15/2020', 1, 26, 'Tirta', '082218322408', '-', 1, NULL, '2020-12-15 06:42:45'),
(28, 65, '12/15/2020', 1, 26, 'Tirta', '082218322408', '-', 1, NULL, '2020-12-15 06:42:45'),
(29, 56, '12/15/2020', 15, 26, 'Tirta', '082218322408', '-', 1, NULL, '2020-12-15 06:42:45'),
(30, 18, '12/15/2020', 10, 26, 'Tirta', '082218322408', '-', 1, NULL, '2020-12-15 06:42:45'),
(31, 11, '12/15/2020', 2, 26, 'Tirta', '082218322408', '-', 1, NULL, '2020-12-15 06:42:45'),
(32, 59, '12/15/2020', 1, 26, 'Tirta', '082218322408', '-', 1, NULL, '2020-12-15 06:42:45'),
(33, 111, '12/15/2020', 1, 26, 'Tirta', '082218322408', '-', 1, NULL, '2020-12-15 06:42:45'),
(34, 73, '12/15/2020', 2, 26, 'Tirta', '082218322408', '-', 1, NULL, '2020-12-15 06:42:45'),
(35, 74, '12/15/2020', 3, 26, 'Tirta', '082218322408', '-', 1, NULL, '2020-12-15 06:42:45'),
(36, 10, '12/15/2020', 1, 26, 'Tirta', '082218322408', '-', 1, NULL, '2020-12-15 06:42:45'),
(37, 111, '12/15/2020', 3, NULL, 'Kitchen', '0895602364952', '', 1, NULL, '2020-12-15 08:19:43'),
(38, 10, '12/15/2020', 2, 26, 'Tirra', '082218322408', '-', 1, NULL, '2020-12-15 12:02:38'),
(39, 66, '12/15/2020', 500, 26, 'Tirra', '082218322408', '-', 1, NULL, '2020-12-15 12:02:38'),
(40, 43, '12/15/2020', 1, 26, 'Tirra', '082218322408', '-', 1, NULL, '2020-12-15 12:02:38'),
(41, 33, '12/15/2020', 3, 26, 'Tirra', '082218322408', '-', 1, NULL, '2020-12-15 12:02:38'),
(42, 94, '12/15/2020', 1, 26, 'Tirra', '082218322408', '-', 1, NULL, '2020-12-15 12:02:38'),
(43, 25, '12/15/2020', 2, 26, 'Tirra', '082218322408', '-', 1, NULL, '2020-12-15 12:02:38'),
(44, 28, '12/15/2020', 1, 26, 'Tirra', '082218322408', '-', 1, NULL, '2020-12-15 12:02:38'),
(45, 95, '12/15/2020', 1, 26, 'Tirra', '082218322408', '-', 1, NULL, '2020-12-15 12:02:38'),
(46, 96, '12/15/2020', 1, 26, 'Tirra', '082218322408', '-', 1, NULL, '2020-12-15 12:02:38'),
(47, 65, '12/15/2020', 1, 26, 'Tirra', '082218322408', '-', 1, NULL, '2020-12-15 12:02:38'),
(48, 23, '12/15/2020', 30, 26, 'Tirra', '082218322408', '-', 1, NULL, '2020-12-15 12:02:38'),
(49, 11, '12/15/2020', 20, 26, 'Tirra', '082218322408', '-', 1, NULL, '2020-12-15 12:02:38'),
(50, 12, '12/15/2020', 2, 26, 'Tirra', '082218322408', '-', 1, NULL, '2020-12-15 12:02:38'),
(51, 13, '12/15/2020', 10, 26, 'Tirra', '082218322408', '-', 1, NULL, '2020-12-15 12:02:38'),
(52, 14, '12/15/2020', 2, 26, 'Tirra', '082218322408', '-', 1, NULL, '2020-12-15 12:02:38'),
(53, 34, '12/15/2020', 2, 26, 'Tirra', '082218322408', '-', 1, NULL, '2020-12-15 12:02:38'),
(54, 35, '12/15/2020', 1, 26, 'Tirra', '082218322408', '-', 1, NULL, '2020-12-15 12:02:38'),
(55, 87, '12/15/2020', 1, 26, 'Tirra', '082218322408', '-', 1, NULL, '2020-12-15 12:02:38'),
(56, 20, '12/15/2020', 5, 26, 'Tirra', '082218322408', '-', 1, NULL, '2020-12-15 12:02:38'),
(57, 84, '12/15/2020', 1, 26, 'Tirra', '082218322408', '-', 1, NULL, '2020-12-15 12:02:38'),
(58, 58, '12/15/2020', 2, 26, 'Tirra', '082218322408', '-', 1, NULL, '2020-12-15 12:02:38'),
(59, 63, '12/15/2020', 3, 26, 'Tirra', '082218322408', '-', 1, NULL, '2020-12-15 12:02:38'),
(60, 32, '12/15/2020', 4, 26, 'Tirra', '082218322408', '-', 1, NULL, '2020-12-15 12:02:38'),
(61, 33, '12/15/2020', 3, 26, 'Tirra', '082218322408', '-', 1, NULL, '2020-12-15 12:02:38'),
(62, 28, '12/15/2020', 3, 26, 'Tirra', '082218322408', '-', 1, NULL, '2020-12-15 12:02:38'),
(63, 19, '12/15/2020', 10, 26, 'Tirra', '082218322408', '-', 1, NULL, '2020-12-15 12:02:38'),
(64, 10, '12/15/2020', 1, 26, 'Tirra', '082218322408', '-', 1, NULL, '2020-12-15 12:02:38'),
(65, 65, '12/15/2020', 1, 26, 'Tirra', '082218322408', '-', 1, NULL, '2020-12-15 12:02:38'),
(66, 23, '12/15/2020', 30, 26, 'Tirra', '082218322408', '-', 1, NULL, '2020-12-15 12:02:38'),
(67, 26, '12/15/2020', 3, 26, 'Tirra', '082218322408', '-', 1, NULL, '2020-12-15 12:02:38'),
(68, 90, '12/15/2020', 1, 26, 'Tirra', '082218322408', '-', 1, NULL, '2020-12-15 12:02:38'),
(69, 30, '12/15/2020', 1, 26, 'Tirra', '082218322408', '-', 1, NULL, '2020-12-15 12:02:38'),
(70, 25, '12/15/2020', 1, 26, 'Tirra', '082218322408', '-', 1, NULL, '2020-12-15 12:02:38'),
(71, 74, '12/15/2020', 4, 26, 'Tirra', '082218322408', '-', 1, NULL, '2020-12-15 12:02:38'),
(72, 83, '12/15/2020', 1, 26, 'Tirra', '082218322408', '-', 1, NULL, '2020-12-15 12:02:38'),
(73, 76, '12/15/2020', 1, 26, 'Tirra', '082218322408', '-', 1, NULL, '2020-12-15 12:02:38'),
(74, 73, '12/15/2020', 4, 26, 'Tirra', '082218322408', '-', 1, NULL, '2020-12-15 12:02:38'),
(75, 59, '12/15/2020', 6, 26, 'Tirra', '082218322408', '-', 1, NULL, '2020-12-15 12:02:38'),
(76, 18, '12/15/2020', 10, 26, 'Tirra', '082218322408', '-', 1, NULL, '2020-12-15 12:02:38'),
(77, 37, '12/15/2020', 1, 26, 'Tirra', '082218322408', '-', 1, NULL, '2020-12-15 12:02:38'),
(78, 38, '12/15/2020', 1, 26, 'Tirra', '082218322408', '-', 1, NULL, '2020-12-15 12:02:38'),
(79, 56, '12/15/2020', 2, 26, 'Tirra', '082218322408', '-', 1, NULL, '2020-12-15 12:02:38'),
(80, 62, '12/15/2020', 2, 26, 'Tirra', '082218322408', '-', 1, NULL, '2020-12-15 12:02:38'),
(81, 54, '12/15/2020', 1, 26, 'Tirra', '082218322408', '-', 1, NULL, '2020-12-15 12:02:38'),
(82, 60, '12/15/2020', 4, 26, 'Tirra', '082218322408', '-', 1, NULL, '2020-12-15 12:02:38'),
(83, 42, '12/15/2020', 1, 26, 'Tirra', '082218322408', '-', 1, NULL, '2020-12-15 12:02:38'),
(84, 72, '12/15/2020', 1, 26, 'Tirra', '082218322408', '-', 1, NULL, '2020-12-15 12:02:38'),
(85, 106, '12/15/2020', 1, 26, 'Tirra', '082218322408', '-', 1, NULL, '2020-12-15 12:02:38'),
(86, 103, '12/15/2020', 1, 26, 'Tirra', '082218322408', '-', 1, NULL, '2020-12-15 12:02:38'),
(87, 102, '12/15/2020', 1, 26, 'Tirra', '082218322408', '-', 1, NULL, '2020-12-15 12:02:38'),
(88, 107, '12/15/2020', 1, 26, 'Tirra', '082218322408', '-', 1, NULL, '2020-12-15 12:02:38'),
(89, 109, '12/15/2020', 1, 26, 'Tirra', '082218322408', '-', 1, NULL, '2020-12-15 12:02:38'),
(90, 70, '12/15/2020', 1, 26, 'Tirra', '082218322408', '-', 1, NULL, '2020-12-15 12:02:38'),
(91, 98, '12/15/2020', 1, 26, 'Tirra', '082218322408', '-', 1, NULL, '2020-12-15 12:02:38'),
(92, 84, '12/15/2020', 1, 26, 'Tirra', '082218322408', '-', 1, NULL, '2020-12-15 12:02:38'),
(93, 13, '12/15/2020', 5, 26, 'Tirra', '082218322408', '-', 1, NULL, '2020-12-15 12:02:38'),
(94, 11, '12/15/2020', 10, 26, 'Tirra', '082218322408', '-', 1, NULL, '2020-12-15 12:02:38'),
(95, 33, '12/15/2020', 4, 26, 'Tirra', '082218322408', '-', 1, NULL, '2020-12-15 12:02:38'),
(96, 32, '12/15/2020', 10, 26, 'Tirra', '082218322408', '-', 1, NULL, '2020-12-15 12:02:38'),
(97, 34, '12/15/2020', 2, 26, 'Tirra', '082218322408', '-', 1, NULL, '2020-12-15 12:02:38'),
(98, 35, '12/15/2020', 1, 26, 'Tirra', '082218322408', '-', 1, NULL, '2020-12-15 12:02:38'),
(99, 23, '12/15/2020', 30, 26, 'Tirra', '082218322408', '-', 1, NULL, '2020-12-15 12:02:38'),
(100, 59, '12/15/2020', 4, 26, 'Tirra', '082218322408', '-', 1, NULL, '2020-12-15 12:02:38'),
(101, 30, '12/15/2020', 2, 26, 'Tirra', '082218322408', '-', 1, NULL, '2020-12-15 12:02:38'),
(102, 28, '12/15/2020', 1, 26, 'Tirra', '082218322408', '-', 1, NULL, '2020-12-15 12:02:38'),
(103, 56, '12/15/2020', 2, 26, 'Tirra', '082218322408', '-', 1, NULL, '2020-12-15 12:02:38'),
(104, 24, '12/15/2020', 1, 26, 'Tirra', '082218322408', '-', 1, NULL, '2020-12-15 12:02:38'),
(105, 26, '12/15/2020', 5, 26, 'Tirra', '082218322408', '-', 1, NULL, '2020-12-15 12:02:38'),
(106, 48, '12/15/2020', 1, 26, 'Tirra', '082218322408', '-', 1, NULL, '2020-12-15 12:02:38'),
(107, 25, '12/15/2020', 2, 26, 'Tirra', '082218322408', '-', 1, NULL, '2020-12-15 12:02:38'),
(108, 43, '12/15/2020', 2, 26, 'Tirra', '082218322408', '-', 1, NULL, '2020-12-15 12:02:38'),
(109, 10, '12/15/2020', 3, 26, 'Tirra', '082218322408', '-', 1, NULL, '2020-12-15 12:02:38'),
(110, 74, '12/15/2020', 3, 26, 'Tirra', '082218322408', '-', 1, NULL, '2020-12-15 12:02:38'),
(111, 73, '12/15/2020', 3, 26, 'Tirra', '082218322408', '-', 1, NULL, '2020-12-15 12:02:38'),
(112, 60, '12/15/2020', 5, 26, 'Tirra', '082218322408', '-', 1, NULL, '2020-12-15 12:02:38'),
(113, 40, '12/15/2020', 2, 26, 'Tirra', '082218322408', '-', 1, NULL, '2020-12-15 12:02:38'),
(114, 62, '12/15/2020', 2, 26, 'Tirra', '082218322408', '-', 1, NULL, '2020-12-15 12:02:38'),
(115, 58, '12/15/2020', 2, 26, 'Tirra', '082218322408', '-', 1, NULL, '2020-12-15 12:02:38'),
(116, 31, '12/15/2020', 5, 26, 'Tirra', '082218322408', '-', 1, NULL, '2020-12-15 12:02:38'),
(117, 65, '12/15/2020', 1, 26, 'Tirra', '082218322408', '-', 1, NULL, '2020-12-15 12:02:38'),
(118, 99, '12/15/2020', 1, 26, 'Tirra', '082218322408', '-', 1, NULL, '2020-12-15 12:02:38'),
(119, 97, '12/15/2020', 2, 26, 'Tirra', '082218322408', '-', 1, NULL, '2020-12-15 12:02:38'),
(120, 21, '12/15/2020', 2, 26, 'Tirra', '082218322408', '-', 1, NULL, '2020-12-15 12:02:38'),
(121, 120, '12/15/2020', 2, 26, 'Tirra', '082218322408', '-', 1, NULL, '2020-12-15 12:02:38'),
(122, 121, '12/15/2020', 3, 26, 'Tirra', '082218322408', '-', 1, NULL, '2020-12-15 12:02:38'),
(123, 122, '12/15/2020', 1, 26, 'Tirra', '082218322408', '-', 1, NULL, '2020-12-15 12:02:38'),
(124, 105, '12/15/2020', 3, 26, 'Tirra', '082218322408', '-', 1, NULL, '2020-12-15 12:02:38'),
(125, 116, '12/15/2020', 1, 26, 'Tirra', '082218322408', '-', 1, NULL, '2020-12-15 12:02:38'),
(126, 33, '12/15/2020', 1, 26, 'Tirra', '082218322408', '-', 1, NULL, '2020-12-15 12:02:38'),
(127, 14, '12/15/2020', 1, 26, 'Tirra', '082218322408', '-', 1, NULL, '2020-12-15 12:02:38'),
(128, 84, '12/15/2020', 1, 26, 'Tirra', '082218322408', '-', 1, NULL, '2020-12-15 12:02:38'),
(129, 87, '12/15/2020', 1, 26, 'Tirra', '082218322408', '-', 1, NULL, '2020-12-15 12:02:38'),
(130, 33, '12/15/2020', 5, 26, 'Tirra', '082218322408', '-', 1, NULL, '2020-12-15 12:02:38'),
(131, 13, '12/15/2020', 1, 26, 'Tirra', '082218322408', '-', 1, NULL, '2020-12-15 12:02:38'),
(132, 11, '12/15/2020', 10, 26, 'Tirra', '082218322408', '-', 1, NULL, '2020-12-15 12:02:38'),
(133, 20, '12/15/2020', 3, 26, 'Tirra', '082218322408', '-', 1, NULL, '2020-12-15 12:02:38'),
(134, 118, '12/15/2020', 1, 26, 'Tirra', '082218322408', '-', 1, NULL, '2020-12-15 12:02:38'),
(135, 31, '12/15/2020', 1, 26, 'Tirra', '082218322408', '-', 1, NULL, '2020-12-15 12:02:38'),
(136, 101, '12/15/2020', 1, 26, 'Tirra', '082218322408', '-', 1, NULL, '2020-12-15 12:02:38'),
(137, 24, '12/15/2020', 1, 26, 'Tirra', '082218322408', '-', 1, NULL, '2020-12-15 12:02:38'),
(138, 29, '12/15/2020', 1, 26, 'Tirra', '082218322408', '-', 1, NULL, '2020-12-15 12:02:38'),
(139, 26, '12/15/2020', 1, 26, 'Tirra', '082218322408', '-', 1, NULL, '2020-12-15 12:02:38'),
(140, 25, '12/15/2020', 1, 26, 'Tirra', '082218322408', '-', 1, NULL, '2020-12-15 12:02:38'),
(141, 30, '12/15/2020', 1, 26, 'Tirra', '082218322408', '-', 1, NULL, '2020-12-15 12:02:38'),
(142, 13, '12/15/2020', 3, 26, 'Tirra', '082218322408', '-', 1, NULL, '2020-12-15 12:02:38'),
(143, 35, '12/15/2020', 1, 26, 'Tirra', '082218322408', '-', 1, NULL, '2020-12-15 12:02:38'),
(144, 34, '12/15/2020', 1, 26, 'Tirra', '082218322408', '-', 1, NULL, '2020-12-15 12:02:38'),
(145, 24, '12/15/2020', 2, 26, 'Tirra', '082218322408', '-', 1, NULL, '2020-12-15 12:02:38'),
(146, 26, '12/15/2020', 2, 26, 'Tirra', '082218322408', '-', 1, NULL, '2020-12-15 12:02:38'),
(147, 25, '12/15/2020', 1, 26, 'Tirra', '082218322408', '-', 1, NULL, '2020-12-15 12:02:38'),
(148, 105, '12/15/2020', 1, 26, 'Tirra', '082218322408', '-', 1, NULL, '2020-12-15 12:02:38'),
(149, 68, '12/15/2020', 1, 26, 'Tirra', '082218322408', '-', 1, NULL, '2020-12-15 12:02:38'),
(150, 45, '12/15/2020', 1, 26, 'Tirra', '082218322408', '-', 1, NULL, '2020-12-15 12:02:38'),
(151, 66, '12/15/2020', 1, 26, 'Tirra', '082218322408', '-', 1, NULL, '2020-12-15 12:02:38'),
(152, 30, '12/15/2020', 2, 26, 'Tirra', '082218322408', '-', 1, NULL, '2020-12-15 12:02:38'),
(153, 65, '12/15/2020', 1, 26, 'Tirra', '082218322408', '-', 1, NULL, '2020-12-15 12:02:38'),
(154, 19, '12/15/2020', 36, 26, 'Tirra', '082218322408', '-', 1, NULL, '2020-12-15 12:02:38'),
(155, 47, '12/15/2020', 1, 26, 'Tirra', '082218322408', '-', 1, NULL, '2020-12-15 12:02:38'),
(156, 99, '12/15/2020', 1, 26, 'Tirra', '082218322408', '-', 1, NULL, '2020-12-15 12:02:38'),
(157, 74, '12/15/2020', 4, 26, 'Tirra', '082218322408', '-', 1, NULL, '2020-12-15 12:02:38'),
(158, 73, '12/15/2020', 3, 26, 'Tirra', '082218322408', '-', 1, NULL, '2020-12-15 12:02:38'),
(159, 10, '12/15/2020', 4, 26, 'Tirra', '082218322408', '-', 1, NULL, '2020-12-15 12:02:38'),
(160, 41, '12/15/2020', 1, 26, 'Tirra', '082218322408', '-', 1, NULL, '2020-12-15 12:02:38'),
(161, 17, '12/15/2020', 10, 26, 'Tirra', '082218322408', '-', 1, NULL, '2020-12-15 12:02:38'),
(162, 110, '12/15/2020', 1, 26, 'Tirra', '082218322408', '-', 1, NULL, '2020-12-15 12:02:38'),
(163, 78, '12/15/2020', 1, 26, 'Tirra', '082218322408', '-', 1, NULL, '2020-12-15 12:02:38'),
(164, 73, '12/15/2020', 4, 26, 'Tirra', '082218322408', '-', 1, NULL, '2020-12-15 12:02:38'),
(165, 56, '12/15/2020', 3, 26, 'Tirra', '082218322408', '-', 1, NULL, '2020-12-15 12:02:38'),
(166, 91, '12/15/2020', 1, 26, 'Tirra', '082218322408', '-', 1, NULL, '2020-12-15 12:02:38'),
(167, 10, '12/15/2020', 1, 26, 'Tirra', '082218322408', '-', 1, NULL, '2020-12-15 12:02:38'),
(168, 111, '12/15/2020', 3, 26, 'Tirra', '082218322408', '-', 1, NULL, '2020-12-15 12:02:38'),
(169, 13, '12/15/2020', 10, 26, 'Tirra', '082218322408', '-', 1, NULL, '2020-12-15 12:02:38'),
(170, 14, '12/15/2020', 1, 26, 'Tirra', '082218322408', '-', 1, NULL, '2020-12-15 12:02:38'),
(171, 15, '12/15/2020', 1, 26, 'Tirra', '082218322408', '-', 1, NULL, '2020-12-15 12:02:38'),
(172, 114, '12/15/2020', 2, 26, 'Tirra', '082218322408', '-', 1, NULL, '2020-12-15 12:02:38'),
(173, 115, '12/15/2020', 1, 26, 'Tirra', '082218322408', '-', 1, NULL, '2020-12-15 12:02:38'),
(174, 113, '12/15/2020', 2, 26, 'Tirra', '082218322408', '-', 1, NULL, '2020-12-15 12:02:38'),
(175, 117, '12/15/2020', 1, 26, 'Tirra', '082218322408', '-', 1, NULL, '2020-12-15 12:02:38'),
(176, 112, '12/15/2020', 1, 26, 'Tirra', '082218322408', '-', 1, NULL, '2020-12-15 12:02:38'),
(177, 118, '12/15/2020', 50, 26, 'Tirra', '082218322408', '-', 1, NULL, '2020-12-15 12:02:38'),
(178, 28, '12/15/2020', 2, 26, 'Tirra', '082218322408', '-', 1, NULL, '2020-12-15 12:02:38'),
(179, 119, '12/15/2020', 1, 26, 'Tirra', '082218322408', '-', 1, NULL, '2020-12-15 12:02:38'),
(180, 49, '12/15/2020', 1, 26, 'Tirra', '082218322408', '-', 1, NULL, '2020-12-15 12:02:38'),
(181, 52, '12/15/2020', 2200, 26, 'Tirra', '082218322408', '-', 1, NULL, '2020-12-15 12:02:38'),
(182, 56, '12/15/2020', 2, 26, 'Tirra', '082218322408', '-', 1, NULL, '2020-12-15 12:02:38'),
(183, 40, '12/15/2020', 2, 26, 'Tirra', '082218322408', '-', 1, NULL, '2020-12-15 12:02:38'),
(184, 39, '12/15/2020', 100, 26, 'Tirra', '082218322408', '-', 1, NULL, '2020-12-15 12:02:38'),
(185, 54, '12/15/2020', 2, 26, 'Tirra', '082218322408', '-', 1, NULL, '2020-12-15 12:02:38'),
(186, 33, '12/15/2020', 5, 26, 'Tirra', '082218322408', '-', 1, NULL, '2020-12-15 12:02:39'),
(187, 47, '12/15/2020', 1, 26, 'Tirra', '082218322408', '-', 1, NULL, '2020-12-15 12:02:39'),
(188, 96, '12/15/2020', 2, 26, 'Tirra', '082218322408', '-', 1, NULL, '2020-12-15 12:02:39'),
(189, 75, '12/15/2020', 1, 26, 'Tirra', '082218322408', '-', 1, NULL, '2020-12-15 12:02:39'),
(190, 26, '12/15/2020', 3, 26, 'Tirra', '082218322408', '-', 1, NULL, '2020-12-15 12:02:39'),
(191, 24, '12/15/2020', 2, 26, 'Tirra', '082218322408', '-', 1, NULL, '2020-12-15 12:02:39'),
(192, 30, '12/15/2020', 1, 26, 'Tirra', '082218322408', '-', 1, NULL, '2020-12-15 12:02:39'),
(193, 25, '12/15/2020', 5, 26, 'Tirra', '082218322408', '-', 1, NULL, '2020-12-15 12:02:39'),
(194, 104, '12/15/2020', 1, 26, 'Tirra', '082218322408', '-', 1, NULL, '2020-12-15 12:02:39'),
(195, 28, '12/15/2020', 1, 26, 'Tirra', '082218322408', '-', 1, NULL, '2020-12-15 12:02:39'),
(196, 90, '12/15/2020', 1, 26, 'Tirra', '082218322408', '-', 1, NULL, '2020-12-15 12:02:39'),
(197, 34, '12/15/2020', 2, 26, 'Tirra', '082218322408', '-', 1, NULL, '2020-12-15 12:02:39'),
(198, 87, '12/15/2020', 1, 26, 'Tirra', '082218322408', '-', 1, NULL, '2020-12-15 12:02:39'),
(199, 35, '12/15/2020', 1, 26, 'Tirra', '082218322408', '-', 1, NULL, '2020-12-15 12:02:39'),
(200, 47, '12/15/2020', 1, 26, 'Tirra', '082218322408', '-', 1, NULL, '2020-12-15 12:02:39'),
(201, 84, '12/15/2020', 1, 26, 'Tirra', '082218322408', '-', 1, NULL, '2020-12-15 12:02:39'),
(202, 34, '12/15/2020', 1, 26, 'Tirra', '082218322408', '-', 1, NULL, '2020-12-15 12:02:39'),
(203, 31, '12/15/2020', 5, 26, 'Tirra', '082218322408', '-', 1, NULL, '2020-12-15 12:02:39'),
(204, 19, '12/15/2020', 5, 26, 'Tirra', '082218322408', '-', 1, NULL, '2020-12-15 12:02:39'),
(205, 70, '12/15/2020', 1, 26, 'Tirra', '082218322408', '-', 1, NULL, '2020-12-15 12:02:39'),
(206, 66, '12/15/2020', 1, 26, 'Tirra', '082218322408', '-', 1, NULL, '2020-12-15 12:02:39'),
(207, 105, '12/15/2020', 1, 26, 'Tirra', '082218322408', '-', 1, NULL, '2020-12-15 12:02:39'),
(208, 19, '12/15/2020', 2, 26, 'Tirra', '082218322408', '-', 1, NULL, '2020-12-15 12:02:39'),
(209, 97, '12/15/2020', 5, 26, 'Tirra', '082218322408', '-', 1, NULL, '2020-12-15 12:02:39'),
(210, 23, '12/15/2020', 90, 26, 'Tirra', '082218322408', '-', 1, NULL, '2020-12-15 12:02:39'),
(211, 42, '12/15/2020', 3, 26, 'Tirra', '082218322408', '-', 1, NULL, '2020-12-15 12:02:39'),
(212, 14, '12/15/2020', 1, 26, 'Tirra', '082218322408', '-', 1, NULL, '2020-12-15 12:02:39'),
(213, 15, '12/15/2020', 1, 26, 'Tirra', '082218322408', '-', 1, NULL, '2020-12-15 12:02:39'),
(214, 48, '12/15/2020', 1, 26, 'Tirra', '082218322408', '-', 1, NULL, '2020-12-15 12:02:39'),
(215, 20, '12/15/2020', 4, 26, 'Tirra', '082218322408', '-', 1, NULL, '2020-12-15 12:02:39'),
(216, 51, '12/15/2020', 5, 26, 'Tirra', '082218322408', '-', 1, NULL, '2020-12-15 12:02:39'),
(217, 65, '12/15/2020', 1, 26, 'Tirra', '082218322408', '-', 1, NULL, '2020-12-15 12:02:39'),
(218, 56, '12/15/2020', 2, 26, 'Tirra', '082218322408', '-', 1, NULL, '2020-12-15 12:02:39'),
(219, 18, '12/15/2020', 10, 26, 'Tirra', '082218322408', '-', 1, NULL, '2020-12-15 12:02:39'),
(220, 11, '12/15/2020', 10, 26, 'Tirra', '082218322408', '-', 1, NULL, '2020-12-15 12:02:39'),
(221, 59, '12/15/2020', 10, 26, 'Tirra', '082218322408', '-', 1, NULL, '2020-12-15 12:02:39'),
(222, 111, '12/15/2020', 2, 26, 'Tirra', '082218322408', '-', 1, NULL, '2020-12-15 12:02:39'),
(223, 73, '12/15/2020', 3, 26, 'Tirra', '082218322408', '-', 1, NULL, '2020-12-15 12:02:39'),
(224, 74, '12/15/2020', 3, 26, 'Tirra', '082218322408', '-', 1, NULL, '2020-12-15 12:02:39'),
(225, 10, '12/15/2020', 4, 26, 'Tirra', '082218322408', '-', 1, NULL, '2020-12-15 12:02:39');

-- --------------------------------------------------------

--
-- Struktur dari tabel `menu`
--

CREATE TABLE `menu` (
  `id` int(11) NOT NULL,
  `name` varchar(100) NOT NULL,
  `category_id` int(11) NOT NULL,
  `order_batch_id` int(11) NOT NULL,
  `day_id` int(11) NOT NULL,
  `time_id` int(11) NOT NULL,
  `created_time` timestamp NOT NULL DEFAULT CURRENT_TIMESTAMP
) ENGINE=InnoDB DEFAULT CHARSET=latin1;

--
-- Dumping data untuk tabel `menu`
--

INSERT INTO `menu` (`id`, `name`, `category_id`, `order_batch_id`, `day_id`, `time_id`, `created_time`) VALUES
(1, 'Sour & Sweet Dorry', 1, 1, 2, 1, '2020-10-28 22:47:04'),
(2, 'Vegetarian Katsu', 1, 1, 4, 2, '2020-10-28 23:27:22'),
(3, 'Baked Chicken', 2, 1, 5, 2, '2020-10-28 23:27:40'),
(4, 'Spaghetti Bolognese', 1, 1, 1, 1, '2020-10-28 23:52:40'),
(5, 'Spaghetti Aglio Olio', 1, 2, 1, 1, '2020-10-30 10:44:58'),
(6, 'Pesto penne with grilled Chicken', 1, 2, 1, 1, '2020-10-30 23:44:22'),
(7, 'San chow bow roll maki', 1, 2, 2, 1, '2020-10-30 23:44:42'),
(8, 'Chicken cordon bleu ', 1, 2, 3, 1, '2020-10-30 23:48:08'),
(9, 'Spaghetti marinara with grilled fish', 1, 2, 4, 1, '2020-10-30 23:48:28'),
(10, 'Chicken yogurt sauce', 1, 2, 5, 1, '2020-10-30 23:48:56'),
(11, 'Chicken mushroom oyster sauce', 1, 2, 1, 2, '2020-10-30 23:51:00'),
(12, 'Spaghetti mushroom stroganof', 1, 2, 2, 2, '2020-10-30 23:51:40'),
(13, 'Spicy rice nourish bowl', 1, 2, 3, 2, '2020-10-30 23:51:57'),
(14, 'Chicken san chow bow', 1, 2, 4, 2, '2020-10-30 23:52:11'),
(15, 'Waldrof salad with sandwich vege mayo', 1, 2, 5, 2, '2020-10-30 23:52:30'),
(16, 'Chicken sambal matah with Satai Lilit', 1, 3, 1, 1, '2020-11-07 19:43:40'),
(17, 'Mushroom patty nourish bowl', 1, 3, 1, 2, '2020-11-07 19:44:02'),
(18, 'Chicken Milanese', 1, 3, 2, 1, '2020-11-08 03:03:44'),
(19, 'Chicken Creamy Glutten Free Zoodles', 1, 3, 2, 2, '2020-11-08 03:05:24'),
(20, 'Thai Seamed Fish With Jacket Potato', 1, 3, 3, 1, '2020-11-08 04:51:19'),
(21, 'Chicken Patty With Potato Wedges', 1, 3, 3, 2, '2020-11-08 04:52:17'),
(22, 'Honey Garlic Shrimp With PadThai', 1, 3, 4, 1, '2020-11-08 04:53:30'),
(23, 'Balinese Shedded Chicken', 1, 3, 4, 2, '2020-11-08 04:54:42'),
(24, 'Chicken Black Pepper With Corn Soup', 1, 3, 5, 1, '2020-11-08 04:56:56'),
(25, 'Spaghetti Chicken Bolognese', 1, 3, 5, 2, '2020-11-08 04:57:43'),
(26, 'Baked Chiken With Mashed Potato', 1, 4, 1, 1, '2020-11-14 10:49:55'),
(27, 'Fusilli Signature Skillet Supper', 1, 4, 1, 2, '2020-11-14 10:51:28'),
(28, 'Grilled Chicken Taliwang', 1, 4, 2, 1, '2020-11-14 10:52:18'),
(29, 'Chicken Kabobs With Grilled Potatoes', 1, 4, 2, 2, '2020-11-14 10:54:44'),
(30, 'Chicken Kung Pao', 1, 4, 3, 1, '2020-11-14 10:55:38'),
(31, 'Fish Fillet With puree pumpkin sauce', 1, 4, 3, 2, '2020-11-14 12:00:16'),
(32, 'Shrimp Black Pepper', 1, 4, 4, 1, '2020-11-14 12:03:08'),
(33, 'Grilled Chicken With Jacket Potato', 1, 4, 4, 2, '2020-11-14 12:04:05'),
(34, 'Fish Dabu Dabu', 1, 4, 5, 1, '2020-11-14 12:04:39'),
(35, 'Korean Kimbab', 1, 4, 5, 2, '2020-11-14 12:05:07'),
(37, 'Vegetarian katsu with mashed potato', 1, 4, 1, 1, '2020-11-14 17:19:07'),
(38, 'Beef edamames salad', 1, 4, 2, 1, '2020-11-14 17:20:12'),
(39, 'kungpao vegetable', 1, 4, 3, 1, '2020-11-14 17:20:43'),
(40, 'Spaghetti marinara with grilled fish', 1, 4, 2, 2, '2020-11-14 17:22:20'),
(41, 'Steamed fish with jacket potato', 1, 4, 4, 2, '2020-11-14 17:23:33'),
(42, 'Beef blackpepper', 1, 4, 4, 1, '2020-11-14 18:47:41'),
(43, 'Vegetable Kung Pao With Red Rice', 2, 5, 2, 1, '2020-11-16 12:57:09'),
(44, 'Korean Fried Cauliflower', 2, 5, 4, 1, '2020-11-16 12:58:38'),
(45, 'Vegetrian Katsu With Mashed Potato', 2, 6, 2, 1, '2020-11-16 13:00:27'),
(46, 'Tofu Mushroom Teriyaki', 2, 6, 4, 1, '2020-11-16 13:01:21'),
(47, 'Crispy Mushroom With Red Rice', 2, 4, 4, 1, '2020-11-16 13:02:30'),
(48, 'Beef black pepper', 1, 5, 1, 1, '2020-11-20 14:04:42'),
(49, 'Spaghetti marinara with grilled fish', 1, 5, 1, 2, '2020-11-20 14:05:10'),
(50, 'Chicken basil lettuce wrap', 1, 5, 2, 1, '2020-11-20 14:05:51'),
(51, 'Fish fillet with aioli sauce', 1, 5, 2, 2, '2020-11-20 14:06:56'),
(52, 'Grilled chicken yogurt sauce', 1, 5, 3, 1, '2020-11-20 14:07:40'),
(53, 'Chicken soup with red rice', 1, 5, 3, 2, '2020-11-20 14:08:11'),
(54, 'Grillet fish pesto sauce with aglio olio', 1, 5, 4, 1, '2020-11-20 14:08:57'),
(55, 'Chicken roulade with avocado salad', 1, 5, 4, 2, '2020-11-20 14:09:50'),
(56, 'Chicken penne tomato cream sauce', 1, 5, 5, 1, '2020-11-20 14:10:36'),
(57, 'Sauteed mix mushroom oyster sauce', 1, 5, 5, 2, '2020-11-20 14:11:24'),
(58, 'Spicy rice nourish bowl', 2, 5, 1, 1, '2020-11-20 14:14:16'),
(59, 'Vegetable kung pao', 2, 5, 2, 1, '2020-11-20 14:14:46'),
(60, 'Korean Fried Cauliflower', 2, 5, 3, 1, '2020-11-20 14:15:16'),
(61, 'Spaghetti mushroom stroganoff', 2, 5, 4, 1, '2020-11-20 14:16:04'),
(62, 'Sandiwich vege mayo', 2, 5, 5, 1, '2020-11-20 14:17:09'),
(63, 'Chicken blackpepper', 1, 5, 1, 1, '2020-11-21 07:41:18'),
(65, 'Thai Steamed fish fillet', 2, 5, 3, 2, '2020-11-24 17:39:19'),
(66, 'Steamed fish with jacket potato', 1, 6, 1, 1, '2020-11-29 10:29:12'),
(67, 'Waldrof salad with sandwich vege mayo', 1, 6, 1, 2, '2020-11-29 10:30:56'),
(68, 'Chicken creamy gluten free zoodles', 1, 6, 2, 1, '2020-11-29 10:31:54'),
(69, 'Sweet and sour fish', 1, 6, 2, 2, '2020-11-29 10:32:54'),
(70, 'Thai steamed fish fillet', 1, 6, 3, 1, '2020-11-29 10:33:36'),
(71, 'Spaghetti chicken mushroom stroganoff', 1, 6, 3, 2, '2020-11-29 10:35:33'),
(72, 'Chicken cordon bleu', 1, 6, 4, 1, '2020-11-29 10:35:59'),
(73, 'Honey garlic shrimp with padthai', 1, 6, 4, 2, '2020-11-29 10:37:18'),
(74, 'Beef edamame salad', 1, 6, 5, 1, '2020-11-29 10:37:55'),
(75, 'Chicken milanese', 1, 6, 5, 2, '2020-11-29 10:38:18'),
(76, 'Chicken edamame salad', 1, 6, 5, 1, '2020-11-30 06:25:02'),
(77, 'Spaghetti aglio olio', 1, 6, 3, 2, '2020-11-30 07:17:49'),
(78, 'Spaghetti aglio olio wiht mushroom ball', 1, 6, 4, 1, '2020-12-02 07:10:41'),
(79, 'Baked chicken nourish bowl', 1, 7, 1, 1, '2020-12-06 15:54:06'),
(80, 'Mushroom stuffed potato', 1, 7, 1, 2, '2020-12-06 15:54:55'),
(81, 'Scrembled egg with sauteed shrimp ', 1, 7, 2, 1, '2020-12-06 15:57:40'),
(82, 'Crispy tofu with grilled potato', 1, 7, 2, 2, '2020-12-06 15:58:49'),
(83, 'Chicken fillet with aioli sauce', 1, 7, 3, 1, '2020-12-06 15:59:38'),
(84, 'Vegetable fusili skillet supper', 1, 7, 3, 2, '2020-12-06 16:00:29'),
(85, 'Fish dabu dabu ', 1, 7, 4, 1, '2020-12-06 16:01:22'),
(86, 'Tofu Mushroom Teriyaki', 1, 7, 4, 2, '2020-12-06 16:01:43'),
(87, 'San choy bow roll maki', 1, 7, 5, 1, '2020-12-06 16:02:17'),
(88, 'Steam kailan garlic tomyum', 1, 7, 5, 2, '2020-12-06 16:03:08'),
(89, 'Baked fish nourish bowl', 1, 7, 1, 1, '2020-12-06 17:04:32'),
(90, 'Scrembled egg with sauteed shrimp', 1, 7, 2, 1, '2020-12-07 07:36:15'),
(91, 'Vegetable sushi with onion  ring', 1, 7, 5, 1, '2020-12-07 07:39:34'),
(92, 'Fish fillet with aioli sauce', 1, 7, 3, 1, '2020-12-07 08:26:48'),
(93, 'Sauteed mix mushroom oyster sauce', 1, 7, 2, 1, '2020-12-07 12:58:08'),
(94, 'chicken dabu dabu', 1, 7, 4, 1, '2020-12-09 15:37:40'),
(95, 'Chicken san chow bow', 1, 7, 1, 1, '2020-12-10 15:59:27'),
(96, 'chicken fillet with aioli sauce and garlic bread', 1, 8, 1, 1, '2020-12-12 10:30:40'),
(97, 'fish fillet with aioli sauce and garlic bread', 1, 8, 1, 1, '2020-12-12 10:32:00'),
(98, 'baked chicken with mashed  potato', 1, 8, 1, 2, '2020-12-12 10:33:22'),
(99, 'baked fish with mashed  potato', 1, 8, 1, 2, '2020-12-12 10:33:56'),
(100, 'barbeque seafood skewers with spaghetti marinara', 1, 8, 2, 1, '2020-12-12 10:36:43'),
(101, 'barbeque beef skewers with spaghetti marinara', 1, 8, 2, 1, '2020-12-12 10:38:34'),
(102, 'fish sandwich with alvocado salad', 1, 8, 2, 2, '2020-12-12 10:40:12'),
(103, 'pesto panne with girlled fish', 1, 8, 3, 1, '2020-12-12 10:41:31'),
(104, 'pesto panne with girlled chicken', 1, 8, 3, 1, '2020-12-12 10:42:06'),
(105, 'balinese shreddded chicken', 1, 8, 3, 2, '2020-12-12 10:43:16'),
(106, 'balinese shreddded fish', 1, 8, 3, 2, '2020-12-12 10:44:24'),
(107, 'crispy mushroom with mashed potato', 1, 8, 4, 1, '2020-12-12 11:40:41'),
(108, 'baked chicken with mashed potato', 1, 8, 4, 1, '2020-12-12 11:42:24'),
(109, 'shrimp blackpepper', 1, 8, 4, 2, '2020-12-12 11:43:34'),
(110, 'beef blackpepper', 1, 8, 4, 2, '2020-12-12 11:45:10'),
(111, 'chicken blackpepper with corn soup', 1, 8, 5, 1, '2020-12-12 11:46:35'),
(112, 'beef blackpepper with corn soup', 1, 8, 5, 1, '2020-12-12 11:47:16'),
(113, 'spaghetti aglio olio with mushroom ball', 1, 8, 5, 2, '2020-12-12 11:48:22'),
(114, 'Grilled fish yogurt sauce with sweet potato', 1, 9, 1, 1, '2020-12-20 15:39:36'),
(115, 'Grilled chicken yogurt sauce with sweet potato', 1, 9, 1, 1, '2020-12-20 15:41:08'),
(116, 'Soto sapi with red rice', 1, 9, 1, 2, '2020-12-20 15:46:37'),
(117, 'Soto ayam with red rice', 1, 9, 1, 2, '2020-12-20 15:47:49'),
(118, 'Chicken hainan with hainan rice', 1, 9, 2, 1, '2020-12-20 15:54:49'),
(119, 'Chicken hainan with baked potato', 1, 9, 2, 1, '2020-12-20 15:56:53'),
(120, 'Chicken burger with baked french fries', 1, 9, 2, 2, '2020-12-20 15:58:34'),
(121, 'Spaghetti Chicken Bolognese with chicken patty', 1, 9, 3, 1, '2020-12-20 16:00:32'),
(122, 'Steamed fish with mashed potato', 1, 9, 3, 2, '2020-12-20 16:02:35'),
(123, 'Steamed chicken with jacket potato', 1, 9, 3, 2, '2020-12-20 16:03:26'),
(124, 'Fish Fillet With puree pumpkin sauce', 1, 10, 1, 1, '2020-12-27 15:32:14'),
(125, 'Chicken soup with corn rice', 1, 10, 1, 2, '2020-12-27 15:33:13'),
(126, 'Ayam pop with baked pumpkin', 1, 10, 2, 1, '2020-12-27 15:34:08'),
(130, 'Fish curry', 1, 10, 2, 2, '2020-12-27 15:38:20'),
(131, 'Honey Garlic Shrimp With Creamy Fettucine', 1, 10, 3, 1, '2020-12-27 15:38:36'),
(132, 'Red rice sushi roll with chicken teriaki', 1, 10, 3, 2, '2020-12-27 15:38:50'),
(133, 'Chicken Fillet With puree pumpkin sauce', 1, 10, 1, 1, '2020-12-27 17:14:46'),
(134, 'Fish fillet with aioli sauce', 1, 10, 1, 1, '2020-12-27 17:26:22'),
(135, 'Ayam pop with baked potato', 1, 10, 2, 1, '2020-12-27 17:27:10'),
(136, 'chicken curry', 1, 10, 2, 2, '2020-12-28 16:22:49'),
(137, 'Baked chicken with creamy fettucine', 1, 10, 3, 1, '2020-12-29 16:20:42'),
(138, 'Baked fish with sweet and sour sauce', 1, 11, 1, 1, '2021-01-03 15:45:10'),
(139, 'Baked chicken with sweet and sour sauce', 1, 11, 1, 1, '2021-01-03 15:48:55'),
(140, 'Chicken Creamy Glutten Free Zoodles', 1, 11, 1, 2, '2021-01-03 15:49:20'),
(141, 'Baked chicken and chips with milanese sauce', 1, 11, 2, 1, '2021-01-03 15:50:28'),
(142, 'Grilled fish pesto sauce with aglio olio', 1, 11, 2, 2, '2021-01-03 15:51:28'),
(143, 'Spaghetti chicken mushroom stroganoff', 1, 11, 3, 1, '2021-01-03 15:52:51'),
(144, 'Steam kailan tomyum seafood ', 1, 11, 3, 2, '2021-01-03 15:54:00'),
(145, 'Kailan ifumie with tempeh orek and sunny side up', 1, 11, 4, 1, '2021-01-03 15:55:07'),
(146, 'Chicken kabobs with grilled potato', 1, 11, 4, 2, '2021-01-03 15:55:51'),
(147, 'Chicken roulade with avocado salad', 1, 11, 5, 1, '2021-01-03 15:56:22'),
(148, 'Chicken sambal matah with satai lilit', 1, 11, 5, 2, '2021-01-03 15:56:51'),
(149, 'Grilled chicken pesto sauce with aglio olio', 1, 11, 2, 2, '2021-01-04 14:52:07'),
(150, 'Grilled chicken with jacket potato', 1, 12, 1, 1, '2021-01-10 15:31:18'),
(151, 'Thai Steamed Fish', 1, 12, 1, 2, '2021-01-10 15:41:46'),
(152, 'Stuffed baked egglpant bolognese sauce', 1, 12, 2, 1, '2021-01-10 15:42:40'),
(153, 'Baked chicken katsu with aioli sauce', 1, 12, 2, 2, '2021-01-10 15:43:17'),
(154, 'Salmon kimbab with korean fried cauliflower', 1, 12, 3, 1, '2021-01-10 15:45:01'),
(155, 'Beef fusili skillet supper', 1, 12, 3, 2, '2021-01-10 15:47:29'),
(156, 'Spaghetti beef carbonara', 1, 12, 4, 1, '2021-01-10 15:48:12'),
(157, 'Baked chicken nourish bowl', 1, 12, 4, 2, '2021-01-10 15:48:54'),
(158, 'Chicken cordon blue with greek salad', 1, 12, 5, 1, '2021-01-10 15:49:35'),
(159, 'Chicken taliwang', 1, 12, 5, 2, '2021-01-10 15:50:07'),
(160, 'Thai Steamed chicken', 1, 12, 1, 2, '2021-01-10 16:07:14'),
(161, 'chicken kimbab with korean fried cauliflower', 1, 12, 3, 1, '2021-01-12 15:28:53'),
(162, 'chicken fusilli skillet supper', 1, 12, 3, 2, '2021-01-12 15:31:14'),
(163, 'Spaghetti chicken carbonara', 1, 12, 4, 1, '2021-01-13 11:44:04');

-- --------------------------------------------------------

--
-- Struktur dari tabel `menu_category`
--

CREATE TABLE `menu_category` (
  `id` int(11) NOT NULL,
  `category_name` varchar(50) NOT NULL,
  `created_time` timestamp NOT NULL DEFAULT CURRENT_TIMESTAMP
) ENGINE=InnoDB DEFAULT CHARSET=latin1;

--
-- Dumping data untuk tabel `menu_category`
--

INSERT INTO `menu_category` (`id`, `category_name`, `created_time`) VALUES
(1, 'Healthy food', '2020-10-30 16:24:43'),
(2, 'Vegetarian', '2020-10-30 16:24:43');

-- --------------------------------------------------------

--
-- Struktur dari tabel `out_stock`
--

CREATE TABLE `out_stock` (
  `id` int(11) NOT NULL,
  `ingredient_id` int(11) DEFAULT NULL,
  `out_date` varchar(30) DEFAULT NULL,
  `quantity` int(11) DEFAULT NULL,
  `consumer_name` varchar(100) DEFAULT NULL,
  `consumer_phone` varchar(15) DEFAULT NULL,
  `reason_out_stock_id` int(11) DEFAULT NULL,
  `other_info` varchar(300) DEFAULT NULL,
  `is_active` tinyint(1) NOT NULL DEFAULT '1',
  `updated_time` timestamp NULL DEFAULT NULL,
  `created_time` timestamp NOT NULL DEFAULT CURRENT_TIMESTAMP
) ENGINE=InnoDB DEFAULT CHARSET=latin1;

--
-- Dumping data untuk tabel `out_stock`
--

INSERT INTO `out_stock` (`id`, `ingredient_id`, `out_date`, `quantity`, `consumer_name`, `consumer_phone`, `reason_out_stock_id`, `other_info`, `is_active`, `updated_time`, `created_time`) VALUES
(4, 11, '11/16/2020', 2453, 'Kitchen catering', '0895602364952', 1, '2453 hanya daging, tanpa tulang', 1, NULL, '2020-11-17 17:50:05'),
(5, 30, '11/16/2020', 600, 'Kitchen catering', '0895605364952', 1, '', 1, NULL, '2020-11-17 17:56:27'),
(6, 35, '11/16/2020', 80, 'Kitchen catering', '0895605364952', 1, 'U paste', 1, NULL, '2020-11-17 17:57:54'),
(7, 87, '11/16/2020', 80, 'Kitchen catering', '0895605364952', 1, 'Untk paste taliwang', 1, NULL, '2020-11-17 17:59:02'),
(8, 47, '11/16/2020', 40, 'Kitchen catering', '0895605364952', 1, '', 1, NULL, '2020-11-17 17:59:38'),
(9, 48, '11/16/2020', 10, 'Kitchen catering', '0895605364952', 1, 'U taliwang', 1, NULL, '2020-11-17 18:00:15'),
(10, 18, '11/16/2020', 1800, 'Kitchen catering', '0895605364952', 1, '', 1, NULL, '2020-11-17 18:00:55'),
(11, 19, '11/16/2020', 100, 'Kitchen catering', '0895605364952', 1, 'Untuk menu khusus', 1, NULL, '2020-11-17 18:01:49'),
(12, 73, '11/16/2020', 1371, 'Kitchen catering', '0895605364952', 1, '', 1, NULL, '2020-11-17 18:04:22'),
(13, 24, '11/16/2020', 188, 'Kitchen catering', '0895605364952', 1, '', 1, NULL, '2020-11-17 18:04:59'),
(14, 34, '11/16/2020', 217, 'Kitchen catering', '0895605364952', 1, '', 1, NULL, '2020-11-17 18:05:26'),
(15, 21, '11/16/2020', 350, 'Kitchen catering', '0895605364952', 1, '', 1, NULL, '2020-11-17 18:07:23'),
(16, 65, '11/16/2020', 200, 'Kitchen catering', '0895605364952', 1, '', 1, NULL, '2020-11-17 18:09:08'),
(17, 74, '11/16/2020', 800, 'Kitchen catering', '0895605364952', 1, '', 1, NULL, '2020-11-17 18:11:37'),
(18, 11, '11/17/2020', 1675, 'Kitchen catering', '0895605364952', 1, '', 1, NULL, '2020-11-17 18:13:16'),
(19, 19, '11/17/2020', 4, 'Kitchen catering', '0895605364952', 1, 'Pagi sore', 1, NULL, '2020-11-17 18:14:08'),
(20, 26, '11/17/2020', 1451, 'Kitchen catering', '0895605364952', 1, '', 1, NULL, '2020-11-17 18:16:28'),
(21, 10, '11/17/2020', 1000, 'Kitchen catering', '0895605364952', 1, '', 1, NULL, '2020-11-17 18:17:30'),
(22, 74, '11/17/2020', 1000, 'Kitchen catering', '0895605364952', 1, '', 1, NULL, '2020-11-17 18:18:33'),
(23, 26, '11/17/2020', 1451, 'Kitchen catering', '0895605364952', 1, '', 1, NULL, '2020-11-17 18:19:37'),
(24, 90, '11/17/2020', 150, 'Kitchen catering', '0895605364952', 1, '', 1, NULL, '2020-11-17 18:21:40'),
(25, 24, '11/17/2020', 200, 'Kitchen catering', '0895605364952', 1, '', 1, NULL, '2020-11-17 18:22:28'),
(26, 17, '11/17/2020', 200, 'Kitchen catering', '0895605364952', 1, '', 1, NULL, '2020-11-17 18:23:29'),
(27, 34, '11/17/2020', 400, 'Kitchen catering', '0895605364952', 1, '', 1, NULL, '2020-11-17 18:23:59'),
(28, 59, '11/16/2020', 500, 'Kitchen catering', '0895605364952', 1, '', 1, NULL, '2020-11-17 18:26:17'),
(29, 11, '11/18/2020', 1700, 'Kitchen catering', '0895605364952', 1, '', 1, NULL, '2020-11-17 18:27:54'),
(30, 18, '11/18/2020', 1800, 'Kitchen catering', '0895605364952', 1, '', 1, NULL, '2020-11-17 18:28:30'),
(31, 26, '11/18/2020', 850, 'Kitchen catering', '0895605364952', 1, '', 1, NULL, '2020-11-17 18:28:54'),
(32, 19, '11/18/2020', 2000, 'Kitchen catering', '0895605364952', 1, '', 1, NULL, '2020-11-17 18:29:25'),
(33, 65, '11/18/2020', 300, 'Kitchen catering', '0895605364952', 1, '', 1, NULL, '2020-11-17 18:30:19'),
(34, 32, '11/18/2020', 3, 'Kitchen catering', '0895605364952', 1, '', 1, NULL, '2020-11-17 18:30:43'),
(35, 34, '11/18/2020', 250, 'Kitchen catering', '0895605364952', 1, '', 1, NULL, '2020-11-17 18:31:07'),
(36, 33, '11/18/2020', 2, 'Kitchen catering', '0895605364952', 1, '', 1, NULL, '2020-11-17 18:31:31'),
(37, 91, '11/18/2020', 200, 'Kitchen catering', '0895605364952', 1, '2 bks kecil', 1, NULL, '2020-11-17 18:32:27'),
(38, 74, '11/18/2020', 300, 'Kitchen catering', '0895605364952', 1, '', 1, NULL, '2020-11-17 18:33:45'),
(39, 73, '11/18/2020', 200, 'Kitchen catering', '0895605364952', 1, '', 1, NULL, '2020-11-17 18:34:45'),
(40, 17, '11/18/2020', 200, 'Kitchen catering', '0895605364952', 1, '', 1, NULL, '2020-11-17 18:36:50'),
(41, 80, '11/18/2020', 250, 'Kitchen catering', '0895605364952', 1, '', 1, NULL, '2020-11-17 18:37:48'),
(42, 76, '11/16/2020', 400, 'Kitchen catering', '0895605364952', 1, '', 1, NULL, '2020-11-17 18:38:33'),
(43, 88, '11/18/2020', 974, 'Kitchen catering', '0895605364952', 1, '', 1, NULL, '2020-11-17 18:39:22'),
(44, 56, '11/16/2020', 1, 'Kitchen catering', '0895605364952', 1, '', 1, NULL, '2020-11-17 18:42:29'),
(45, 11, '11/19/2020', 1550, 'Kitchen catering', '0895602364952', 1, '', 1, NULL, '2020-11-18 18:57:56'),
(46, 35, '11/19/2020', 200, 'Kitchen catering', '0895602364952', 1, '', 1, NULL, '2020-11-18 18:58:42'),
(47, 65, '11/19/2020', 300, 'Kitchen catering', '0895602364952', 1, '', 1, NULL, '2020-11-18 18:59:18'),
(48, 34, '11/19/2020', 225, 'Kitchen catering', '0895602364952', 1, '', 1, NULL, '2020-11-18 18:59:41'),
(49, 18, '11/19/2020', 1030, 'Kitchen catering', '0895602364952', 1, '', 1, NULL, '2020-11-18 19:00:56'),
(50, 30, '11/19/2020', 330, 'Kitchen catering', '0895602364952', 1, '', 1, NULL, '2020-11-18 19:01:25'),
(51, 24, '11/19/2020', 230, 'Kitchen catering', '0895602364952', 1, '', 1, NULL, '2020-11-18 19:01:47'),
(52, 86, '11/19/2020', 750, 'Kitchen catering', '0895602364952', 1, '', 1, NULL, '2020-11-18 19:02:08'),
(53, 73, '11/19/2020', 1300, 'Kitchen catering', '0895602364952', 1, '', 1, NULL, '2020-11-18 19:02:35'),
(54, 25, '11/19/2020', 331, 'Kitchen catering', '0895602364952', 1, '', 1, NULL, '2020-11-18 19:02:54'),
(55, 14, '11/19/2020', 1500, 'Kitchen catering', '0895602364952', 1, '', 1, NULL, '2020-11-18 19:03:20'),
(56, 23, '11/19/2020', 3, 'Kitchen catering', '0895602364952', 1, '', 1, NULL, '2020-11-18 19:03:46'),
(57, 19, '11/19/2020', 3570, 'Kitchen catering', '0895602364952', 1, '+bowl', 1, NULL, '2020-11-18 19:04:37'),
(58, 87, '11/19/2020', 90, 'Kitchen catering', '0895602364952', 1, '', 1, NULL, '2020-11-18 19:05:32'),
(59, 93, '11/19/2020', 375, 'Kitchen catering', '0895602364952', 1, '', 1, NULL, '2020-11-18 19:07:39'),
(60, 12, '11/23/2020', 1250, 'Kitchen catering', '0895602364952', 1, '', 1, NULL, '2020-11-27 12:53:15'),
(61, 13, '11/24/2020', 1891, 'Kitchen catering', '0895602364952', 1, '', 1, NULL, '2020-11-27 12:54:35'),
(62, 18, '11/23/2020', 1200, 'Kitchen catering', '0895602364952', 2, '', 1, NULL, '2020-11-27 12:56:21'),
(63, 34, '11/23/2020', 1000, 'Kitchen catering', '0895602364952', 2, '', 1, NULL, '2020-11-27 12:58:22'),
(64, 17, '11/23/2020', 480, 'Kitchen catering', '0895602364952', 2, '', 1, NULL, '2020-11-27 12:59:25'),
(65, 65, '11/23/2020', 600, 'Kitchen catering', '0895602364952', 2, '', 1, NULL, '2020-11-27 13:00:53'),
(66, 35, '11/23/2020', 300, 'Kitchen catering', '0895602364952', 2, '', 1, NULL, '2020-11-27 13:01:54'),
(67, 26, '11/23/2020', 305, 'Kitchen catering', '0895602364952', 2, '', 1, NULL, '2020-11-27 13:03:42'),
(68, 11, '11/24/2020', 1700, 'Kitchen catering', '0895602364952', 2, '', 1, NULL, '2020-11-27 13:04:53'),
(69, 13, '11/24/2020', 1200, 'Kitchen catering', '0895602364952', 2, '', 1, NULL, '2020-11-27 13:05:47'),
(70, 34, '11/24/2020', 300, 'Kitchen catering', '0895602364952', 2, '', 1, NULL, '2020-11-27 13:07:44'),
(71, 65, '11/24/2020', 300, 'Kitchen catering', '0895602364952', 2, '', 1, NULL, '2020-11-27 13:08:46'),
(72, 18, '11/24/2020', 2000, 'Kitchen catering', '0895602364952', 2, '', 1, NULL, '2020-11-27 13:09:34'),
(73, 30, '11/24/2020', 7418, 'Kitchen catering', '0895602364952', 2, '', 1, NULL, '2020-11-27 13:11:05'),
(74, 28, '11/24/2020', 450, 'Kitchen catering', '0895602364952', 2, '', 1, NULL, '2020-11-27 13:12:21'),
(75, 19, '11/24/2020', 2016, 'Kitchen catering', '0895602364952', 2, '', 1, NULL, '2020-11-27 13:13:33'),
(76, 24, '11/24/2020', 1296, 'Kitchen catering', '0895602364952', 2, '', 1, NULL, '2020-11-27 13:14:17'),
(77, 25, '11/24/2020', 650, 'Kitchen catering', '0895602364952', 2, '', 1, NULL, '2020-11-27 13:15:25'),
(78, 104, '11/24/2020', 469, 'Kitchen catering', '0895602364952', 2, '', 1, NULL, '2020-11-27 13:16:49'),
(79, 26, '11/24/2020', 1200, 'Kitchen catering', '0895602346952', 2, '', 1, NULL, '2020-11-27 13:17:36'),
(80, 19, '11/25/2020', 2637, 'Kitchen catering', '0895602364952', 2, '', 1, NULL, '2020-11-27 13:18:44'),
(81, 11, '11/25/2020', 3261, 'Kitchen catering', '0895602364952', 2, '', 1, NULL, '2020-11-27 13:20:43'),
(82, 19, '11/25/2020', 1000, 'Kitchen catering', '0895602364952', 2, '', 1, NULL, '2020-11-27 13:21:30'),
(83, 24, '11/25/2020', 350, 'Kitchen catering', '0895602364952', 2, '', 1, NULL, '2020-11-27 13:22:20'),
(84, 58, '11/25/2020', 1, 'Kitchen catering', '0895602364952', 2, '', 1, NULL, '2020-11-27 13:23:09'),
(85, 34, '11/25/2020', 300, 'Kitchen catering', '0895602364952', 2, '', 1, NULL, '2020-11-27 13:24:06'),
(86, 35, '11/25/2020', 100, 'Kitchen catering', '0895602364952', 2, '', 1, NULL, '2020-11-27 13:24:45'),
(87, 20, '11/26/2020', 2, 'Kitchen catering', '0895602364952', 2, '', 1, NULL, '2020-11-27 13:25:49'),
(88, 35, '11/26/2020', 200, 'Kitchen catering', '0895602364952', 2, '', 1, NULL, '2020-11-27 13:27:06'),
(89, 13, '11/26/2020', 1700, 'Kitchen catering', '089605264952', 2, '', 1, NULL, '2020-11-27 13:27:41'),
(90, 28, '11/26/2020', 350, 'Kitchen catering', '0895602364952', 2, '', 1, NULL, '2020-11-27 13:28:24'),
(91, 32, '11/26/2020', 2, 'Kitchen catering', '0895602364952', 2, '', 1, NULL, '2020-11-27 13:29:12'),
(92, 65, '11/26/2020', 100, 'Kitchen catering', '089602364952', 2, '', 1, NULL, '2020-11-27 13:29:58'),
(93, 19, '11/26/2020', 1600, 'Kitchen catering', '0895602364952', 2, '', 1, NULL, '2020-11-27 13:30:49'),
(94, 62, '11/26/2020', 1, 'Kitchen catering', '0895602364952', 2, '', 1, NULL, '2020-11-27 13:31:31'),
(95, 104, '11/26/2020', 1000, 'Kitchen catering', '0895602364952', 2, '', 1, NULL, '2020-11-27 13:32:38'),
(96, 24, '11/26/2020', 100, 'Kitchen catering', '0895602364952', 2, '', 1, NULL, '2020-11-27 13:33:26'),
(97, 24, '11/17/2020', 1000, 'Kitchen catering', '0895602364052', 2, '', 1, NULL, '2020-11-27 13:39:34'),
(98, 86, '', 1000, 'Kitchen catering', '0895602364052', 2, '', 1, NULL, '2020-11-27 13:40:13'),
(99, 99, '11/27/2020', 1300, 'Kitchen catering', '0895602364952', 2, '', 1, NULL, '2020-11-27 13:41:20'),
(100, 22, '11/27/2020', 500, 'Kitchen catering', '0895602364952', 2, '', 1, NULL, '2020-11-27 13:41:56'),
(101, 11, '11/27/2020', 2800, 'Kitchen catering', '0895602364952', 2, '', 1, NULL, '2020-11-27 13:42:39'),
(102, 34, '11/27/2020', 300, 'Kitchen catering', '0895602364952', 2, '', 1, NULL, '2020-11-27 13:43:33'),
(103, 35, '11/27/2020', 200, 'Kitchen catering', '0895602364952', 2, '', 1, NULL, '2020-11-27 13:45:14'),
(104, 90, '11/27/2020', 300, 'Kitchen catering', '0895602364952', 2, '', 1, NULL, '2020-11-27 13:46:13'),
(105, 72, '11/27/2020', 1, 'Kitchen catering', '0895602364952', 3, 'Tolong urutkan nama bahan sesuai abjad dan sesuaikan dengan jenisnya', 1, NULL, '2020-11-27 13:48:37'),
(106, 19, '11/30/2020', 5300, 'Kitchen catering', '089560236952', 1, '', 1, NULL, '2020-11-30 13:33:01'),
(107, 13, '11/30/2020', 5, 'Kitchen catering', '089560236952', 1, 'Mahi dan ikan nila', 1, NULL, '2020-11-30 13:34:07'),
(108, 35, '11/30/2020', 300, 'Kitchen catering', '089560236952', 1, '', 1, NULL, '2020-11-30 13:34:32'),
(109, 30, '11/30/2020', 1000, 'Kitchen catering', '089560236952', 1, '', 1, NULL, '2020-11-30 13:34:54'),
(110, 73, '11/30/2020', 2, 'Kitchen catering', '089560236952', 1, '', 1, NULL, '2020-11-30 13:35:30'),
(111, 78, '11/30/2020', 300, 'Kitchen catering', '089560236952', 1, '', 1, NULL, '2020-11-30 13:36:32'),
(112, 111, '11/30/2020', 3, 'Kitchen catering', '089560236952', 1, '', 1, NULL, '2020-11-30 13:37:19'),
(113, 91, '11/30/2020', 1, 'Kitchen catering', '089560236952', 1, '', 1, NULL, '2020-11-30 13:39:43'),
(114, 28, '11/30/2020', 300, 'Kitchen catering', '089560236952', 1, '', 1, NULL, '2020-11-30 13:40:08'),
(115, 23, '11/30/2020', 10, 'Kitchen catering', '089560236952', 1, '', 1, NULL, '2020-11-30 13:40:38'),
(116, 29, '11/30/2020', 200, 'Kitchen catering', '089560236952', 1, '', 1, NULL, '2020-11-30 13:41:01'),
(117, 26, '11/30/2020', 600, 'Kitchen catering', '089560236952', 1, '', 1, NULL, '2020-11-30 13:41:22'),
(118, 18, '11/30/2020', 6, 'Kitchen catering', '089560236952', 1, '', 1, NULL, '2020-11-30 13:41:51'),
(119, 17, '11/30/2020', 300, 'Kitchen catering', '089560236952', 1, '', 1, NULL, '2020-11-30 13:42:29'),
(122, 11, '12/01/2020', 1460, 'Kitchen', '0', 1, '', 1, NULL, '2020-12-05 15:25:05'),
(123, 34, '12/01/2020', 240, 'Kitchen', '0', 1, '', 1, NULL, '2020-12-05 15:26:35'),
(124, 24, '12/01/2020', 1200, 'Kitchen', '0', 1, '', 1, NULL, '2020-12-05 15:27:35'),
(125, 19, '11/29/2020', 2200, 'Kitchen', '0', 1, '', 1, NULL, '2020-12-05 15:28:47'),
(126, 58, '12/01/2020', 1, 'Kitchen', '0', 1, '', 1, NULL, '2020-12-05 15:30:41'),
(127, 25, '11/29/2020', 500, 'Kitchen', '0', 1, '', 1, NULL, '2020-12-05 15:32:08'),
(128, 10, '12/01/2020', 1000, 'Kitchen', '0', 1, '', 1, NULL, '2020-12-05 15:33:10'),
(129, 65, '11/29/2020', 200, 'Kitchen', '0', 1, '', 1, NULL, '2020-12-05 15:34:18'),
(130, 26, '12/01/2020', 400, 'Kitchen', '0', 1, '', 1, NULL, '2020-12-05 15:35:18'),
(131, 13, '12/01/2020', 12, 'Kitchen', '0', 1, 'Nila.di kolom berat, satuannya gak bisa pake koma', 1, NULL, '2020-12-05 15:38:09'),
(132, 35, '12/01/2020', 200, 'Kitchen', '0', 1, '', 1, NULL, '2020-12-05 15:39:33'),
(133, 13, '12/02/2020', 2, 'Kitchen', '0', 1, 'Nila', 1, NULL, '2020-12-05 15:40:56'),
(134, 30, '12/02/2020', 1000, 'Kitchen', '0', 1, '', 1, NULL, '2020-12-05 15:42:29'),
(135, 10, '12/02/2020', 1200, 'Kitchen', '0', 1, '', 1, NULL, '2020-12-05 15:43:27'),
(136, 18, '12/02/2020', 12, 'Kitchen', '0', 1, '', 1, NULL, '2020-12-05 15:44:24'),
(137, 19, '12/02/2020', 2305, 'Kitchen', '0', 1, '', 1, NULL, '2020-12-05 15:45:56'),
(138, 115, '12/02/2020', 6, 'Kitchen', '0', 1, '', 1, NULL, '2020-12-05 15:47:23'),
(139, 110, '12/02/2020', 1, 'Kitchen', '0', 1, '', 1, NULL, '2020-12-05 15:48:25'),
(140, 66, '12/02/2020', 150, 'Kitchen', '0', 1, '', 1, NULL, '2020-12-05 15:50:35'),
(141, 26, '12/02/2020', 1000, 'Kitchen', '0', 1, '', 1, NULL, '2020-12-05 15:51:38'),
(142, 65, '12/02/2020', 200, 'Kitchen', '0', 1, '', 1, NULL, '2020-12-05 15:52:37'),
(143, 34, '12/02/2020', 300, 'Kitchen', '0', 1, '', 1, NULL, '2020-12-05 15:53:54'),
(144, 35, '12/02/2020', 300, 'Kitchen', '0', 1, '', 1, NULL, '2020-12-05 15:55:43'),
(145, 20, '12/02/2020', 2, 'Kitchen', '0', 1, '', 1, NULL, '2020-12-05 15:57:35'),
(146, 19, '12/03/2020', 3, 'Kitchen catering', '0', 1, '', 1, NULL, '2020-12-08 15:44:26'),
(147, 90, '12/03/2020', 5, 'Kitchen catering', '0', 1, '', 1, NULL, '2020-12-08 15:45:08'),
(148, 24, '12/03/2020', 800, 'Kitchen catering', '0', 1, '', 1, NULL, '2020-12-08 15:45:45'),
(149, 25, '12/03/2020', 600, 'Kitchen catering', '0', 1, '', 1, NULL, '2020-12-08 15:46:11'),
(150, 62, '12/03/2020', 1, 'Kitchen catering', '0', 1, '', 1, NULL, '2020-12-08 15:46:42'),
(151, 20, '12/03/2020', 2, 'Kitchen catering', '0', 1, '', 1, NULL, '2020-12-08 15:47:32'),
(152, 73, '12/03/2020', 16, 'Kitchen catering', '0', 3, '', 1, NULL, '2020-12-08 15:48:02'),
(153, 35, '12/03/2020', 200, 'Kitchen catering', '0', 1, '', 1, NULL, '2020-12-08 15:48:34'),
(154, 34, '12/03/2020', 300, 'Kitchen catering', '0', 1, '', 1, NULL, '2020-12-08 15:49:30'),
(155, 114, '12/03/2020', 2, 'Kitchen catering', '0', 1, '', 1, NULL, '2020-12-08 15:50:15'),
(156, 11, '12/03/2020', 3, 'Kitchen catering', '0', 1, '', 1, NULL, '2020-12-08 15:52:45'),
(157, 65, '12/03/2020', 200, 'Kitchen catering', '0', 1, '', 1, NULL, '2020-12-08 15:53:25'),
(158, 10, '12/03/2020', 800, 'Kitchen catering', '0', 1, '', 1, NULL, '2020-12-08 15:54:39'),
(159, 35, '12/03/2020', 360, 'Kitchen catering', '0', 1, '', 1, NULL, '2020-12-08 15:55:05'),
(160, 14, '12/03/2020', 1, 'Kitchen catering', '0', 1, '', 1, NULL, '2020-12-08 15:55:34'),
(161, 63, '12/03/2020', 1, 'Kitchen catering', '0', 1, '', 1, NULL, '2020-12-08 15:56:04'),
(162, 56, '12/03/2020', 1, 'Kitchen catering', '0', 1, '', 1, NULL, '2020-12-08 15:56:30'),
(163, 113, '12/03/2020', 2, 'Kitchen catering', '0', 1, '', 1, NULL, '2020-12-08 15:56:56'),
(164, 24, '12/04/2020', 400, 'Kitchen catering', '0', 1, '', 1, NULL, '2020-12-08 15:58:39'),
(165, 104, '12/04/2020', 300, 'Kitchen catering', '0', 1, '', 1, NULL, '2020-12-08 15:59:04'),
(166, 94, '12/04/2020', 1, 'Kitchen catering', '0', 1, 'Beef, 1,2 kg', 1, NULL, '2020-12-08 16:00:43'),
(167, 10, '12/04/2020', 1000, 'Kitchen catering', '0', 1, '', 1, NULL, '2020-12-08 16:01:05'),
(168, 25, '12/04/2020', 600, 'Kitchen catering', '0', 1, '', 1, NULL, '2020-12-08 16:01:32'),
(169, 65, '12/04/2020', 100, 'Kitchen catering', '0', 1, '', 1, NULL, '2020-12-08 16:02:06'),
(170, 103, '12/04/2020', 1, 'Kitchen catering', '0', 1, '1 kotak', 1, NULL, '2020-12-08 16:02:37'),
(171, 74, '12/04/2020', 1, 'Kitchen catering', '0', 1, '1,2', 1, NULL, '2020-12-08 16:03:02'),
(172, 11, '12/04/2020', 250, 'Kitchen catering', '0', 1, '250 gr', 1, NULL, '2020-12-08 16:03:36'),
(173, 11, '12/07/2020', 3, 'Kitchen catering', '0', 1, '3,200', 1, NULL, '2020-12-08 16:10:16'),
(174, 28, '12/07/2020', 400, 'Kitchen catering', '0', 1, '', 1, NULL, '2020-12-08 16:10:54'),
(175, 32, '12/07/2020', 7, 'Kitchen catering', '0', 1, '', 1, NULL, '2020-12-08 16:11:48'),
(176, 18, '12/07/2020', 2, 'Kitchen catering', '0', 1, '', 1, NULL, '2020-12-08 16:12:42'),
(177, 34, '12/07/2020', 200, 'Kitchen catering', '0', 1, '', 1, NULL, '2020-12-08 16:13:19'),
(178, 35, '12/07/2020', 300, 'Kitchen catering', '0', 1, '', 1, NULL, '2020-12-08 16:14:38'),
(179, 73, '12/07/2020', 1, 'Kitchen catering', '0', 1, '1 buah', 1, NULL, '2020-12-08 16:15:38'),
(180, 26, '12/07/2020', 1, 'Kitchen catering', '0', 1, '1,3', 1, NULL, '2020-12-08 16:16:07'),
(181, 13, '12/07/2020', 700, 'Kitchen catering', '0', 1, '', 1, NULL, '2020-12-08 16:16:33'),
(182, 19, '12/07/2020', 2, 'Kitchen catering', '0', 1, '', 1, NULL, '2020-12-08 16:17:08'),
(183, 30, '12/07/2020', 500, 'Kitchen catering', '0', 1, '', 1, NULL, '2020-12-08 16:17:43'),
(184, 33, '12/07/2020', 3, 'Kitchen catering', '0', 1, '', 1, NULL, '2020-12-08 16:18:06'),
(185, 31, '12/07/2020', 2, 'Kitchen catering', '0', 1, '', 1, NULL, '2020-12-08 16:18:35'),
(186, 65, '12/07/2020', 200, 'Kitchen catering', '0', 1, '', 1, NULL, '2020-12-08 16:19:17'),
(187, 14, '12/08/2020', 2, 'Kitchen catering', '0', 1, '', 1, NULL, '2020-12-08 16:20:25'),
(188, 23, '12/08/2020', 22, 'Kitchen catering', '0', 1, '', 1, NULL, '2020-12-08 16:21:16'),
(189, 65, '12/08/2020', 500, 'Kitchen catering', '0', 1, '', 1, NULL, '2020-12-08 16:21:48'),
(190, 34, '12/08/2020', 400, 'Kitchen catering', '0', 1, '', 1, NULL, '2020-12-08 16:22:08'),
(191, 74, '12/08/2020', 2, 'Kitchen catering', '0', 1, '', 1, NULL, '2020-12-08 16:22:33'),
(192, 19, '12/08/2020', 3, 'Kitchen catering', '0', 1, '', 1, NULL, '2020-12-08 16:23:28'),
(193, 30, '12/08/2020', 800, 'Kitchen catering', '0', 1, '', 1, NULL, '2020-12-08 16:24:03'),
(194, 25, '12/08/2020', 400, 'Kitchen catering', '0', 1, '', 1, NULL, '2020-12-08 16:24:34'),
(195, 105, '12/08/2020', 1, 'Kitchen catering', '0', 1, '', 1, NULL, '2020-12-08 16:25:10'),
(196, 56, '12/08/2020', 1, 'Kitchen catering', '0', 1, '', 1, NULL, '2020-12-08 16:25:59'),
(197, 87, '12/08/2020', 400, 'Kitchen catering', '0', 1, '', 1, NULL, '2020-12-08 16:27:09'),
(198, 13, '12/10/2020', 2300, 'Kitchen catering', '0895602364952', 2, '', 1, NULL, '2020-12-11 11:03:10'),
(199, 99, '12/10/2020', 1000, 'Kitchen catering', '0895602364952', 2, ' ', 1, NULL, '2020-12-11 11:05:48'),
(200, 97, '12/10/2020', 3, 'Kitchen catering', '0895602364952', 1, '', 1, NULL, '2020-12-11 11:09:15'),
(201, 87, '12/10/2020', 300, 'Kitchen catering', '0895602364952', 1, '', 1, NULL, '2020-12-11 11:09:56'),
(202, 47, '12/10/2020', 100, 'Kitchen catering', '0895602364952', 2, '', 1, NULL, '2020-12-11 11:10:34'),
(203, 35, '12/10/2020', 300, 'Kitchen catering', '0895602364952', 1, '', 1, NULL, '2020-12-11 11:11:15'),
(204, 35, '12/10/2020', 200, 'Kitchen catering', '0895602364952', 1, '', 1, NULL, '2020-12-11 11:12:09'),
(205, 19, '12/10/2020', 3000, 'Kitchen catering', '0895602364952', 1, '', 1, NULL, '2020-12-11 11:13:00'),
(206, 86, '12/10/2020', 300, 'Kitchen catering', '0895602364952', 1, '', 1, NULL, '2020-12-11 11:13:46'),
(207, 33, '12/10/2020', 5, 'Kitchen catering', '0895602364952', 1, '', 1, NULL, '2020-12-11 11:16:02'),
(208, 31, '12/10/2020', 5, 'Kitchen catering', '0895602364952', 1, '', 1, NULL, '2020-12-11 11:53:54'),
(209, 58, '12/10/2020', 2, 'Kitchen catering', '0895602364952', 1, '', 1, NULL, '2020-12-11 11:54:42'),
(210, 34, '12/10/2020', 200, 'Kitchen catering', '0895602364952', 1, '', 1, NULL, '2020-12-11 11:55:23'),
(211, 10, '12/10/2020', 1000, 'Kitchen catering', '0895602364952', 1, '', 1, NULL, '2020-12-11 11:56:04'),
(212, 11, '12/11/2020', 1300, 'Kitchen catering', '0895602364952', 1, '', 1, NULL, '2020-12-11 11:57:15'),
(213, 105, '12/11/2020', 300, 'Kitchen catering', '0895602364952', 1, '', 1, NULL, '2020-12-11 11:58:08'),
(214, 120, '12/10/2020', 500, 'Kitchen catering', '0895602364952', 1, '', 1, NULL, '2020-12-11 11:58:38'),
(215, 18, '12/11/2020', 500, 'Kitchen catering', '0895602364952', 1, '', 1, NULL, '2020-12-11 11:59:10'),
(216, 17, '12/10/2020', 300, 'Kitchen catering', '0895602364952', 1, '', 1, NULL, '2020-12-11 11:59:42'),
(217, 14, '12/11/2020', 400, 'Kitchen catering', '0895602364952', 1, '', 1, NULL, '2020-12-11 12:00:15'),
(218, 121, '12/11/2020', 2, 'Kitchen catering', '0895602364952', 1, '', 1, NULL, '2020-12-11 12:00:50'),
(219, 51, '12/11/2020', 1, 'Kitchen catering', '0895602364952', 1, '', 1, NULL, '2020-12-11 12:01:28'),
(220, 24, '12/11/2020', 200, 'Kitchen catering', '0895602364952', 1, '', 1, NULL, '2020-12-11 12:02:54'),
(221, 29, '12/11/2020', 100, 'Kitchen catering', '0895602364952', 1, '', 1, NULL, '2020-12-11 12:03:39'),
(222, 13, '12/11/2020', 500, 'Kitchen catering', '0895602364952', 1, '', 1, NULL, '2020-12-11 12:04:23'),
(223, 73, '12/11/2020', 1000, 'Kitchen catering', '0895602364952', 1, '', 1, NULL, '2020-12-11 12:05:12'),
(224, 76, '12/11/2020', 700, 'Kitchen catering', '0895602364952', 1, '', 1, NULL, '2020-12-11 12:05:46'),
(225, 87, '12/11/2020', 300, 'Kitchen catering', '0895602364952', 1, '', 1, NULL, '2020-12-11 12:06:24'),
(226, 35, '12/11/2020', 200, 'Kitchen catering', '0895602364952', 1, '', 1, NULL, '2020-12-11 12:06:55'),
(227, 34, '12/11/2020', 300, 'Kitchen catering', '0895602364952', 1, 'Masih banyak nama bahan yang belom tercantum di nama-nama bahan ', 1, NULL, '2020-12-11 12:07:22'),
(228, 11, '12/14/2020', 5000, 'Kitchen catering', '0895602364952', 1, '', 1, NULL, '2020-12-16 10:18:05'),
(229, 13, '12/14/2020', 2500, 'Kitchen catering', '0895602364952', 1, '', 1, NULL, '2020-12-16 10:22:17'),
(230, 30, '12/14/2020', 1000, 'Kitchen catering', '0895602364952', 1, '', 1, NULL, '2020-12-16 10:22:57'),
(231, 26, '12/14/2020', 2600, 'Kitchen catering', '0895602364952', 1, '', 1, NULL, '2020-12-16 10:23:39'),
(232, 23, '12/14/2020', 14, 'Kitchen catering', '0095602364952', 1, '', 1, NULL, '2020-12-16 10:24:30'),
(233, 35, '12/14/2020', 300, 'Kitchen catering', '0895602364952', 1, '', 1, NULL, '2020-12-16 10:25:07'),
(234, 28, '12/14/2020', 672, 'Kitchen catering', '0895602364952', 1, '', 1, NULL, '2020-12-16 10:26:03'),
(235, 19, '12/14/2020', 2000, 'Kitchen catering', '0895602364952', 1, '', 1, NULL, '2020-12-16 10:27:00'),
(236, 24, '12/14/2020', 300, 'Kitchen catering', '0895602364952', 1, '', 1, NULL, '2020-12-16 10:27:59'),
(237, 56, '12/14/2020', 1, 'Kitchen catering', '0895602364952', 1, '', 1, NULL, '2020-12-16 11:10:58'),
(238, 62, '12/14/2020', 2, 'Kitchen catering', '0895602364952', 1, '', 1, NULL, '2020-12-16 11:11:32'),
(239, 73, '12/14/2020', 1200, 'Kitchen catering', '0895602364952', 1, '', 1, NULL, '2020-12-16 11:12:38'),
(240, 87, '12/14/2020', 100, 'Kitchen catering', '0895602364952', 1, '', 1, NULL, '2020-12-16 11:14:36'),
(241, 18, '12/14/2020', 300, 'Kitchen catering', '0895602364952', 1, '', 1, NULL, '2020-12-16 11:15:19'),
(242, 17, '12/14/2020', 300, 'Kitchen catering', '0895602364952', 1, '', 1, NULL, '2020-12-16 11:15:49'),
(243, 65, '12/14/2020', 250, 'Kitchen catering', '0895602364952', 1, '', 1, NULL, '2020-12-16 11:17:15'),
(244, 24, '12/15/2020', 400, 'Kitchen catering', '0895602360952', 1, '', 1, NULL, '2020-12-16 11:19:41'),
(245, 25, '12/15/2020', 660, 'Kitchen catering', '0895602364952', 1, '', 1, NULL, '2020-12-16 11:20:18'),
(246, 111, '12/15/2020', 2, 'Kitchen catering', '0895602364952', 1, '', 1, NULL, '2020-12-16 11:21:07'),
(247, 84, '12/15/2020', 1000, 'Kitchen catering', '0895602364952', 1, '', 1, NULL, '2020-12-16 11:22:12'),
(248, 74, '12/15/2020', 1300, 'Kitchen catering', '085602364952', 1, '', 1, NULL, '2020-12-16 11:23:05'),
(249, 87, '12/15/2020', 100, 'Kitchen catering', '0895602364952', 1, '', 1, NULL, '2020-12-16 11:23:40'),
(250, 28, '12/15/2020', 300, 'Kitchen catering', '0895602364952', 1, '', 1, NULL, '2020-12-16 11:24:26'),
(251, 58, '12/15/2020', 1, 'Kitchen catering', '089560236482', 1, '', 1, NULL, '2020-12-16 11:25:11'),
(252, 31, '12/15/2020', 1, 'Kitchen catering', '0895602364952', 1, '', 1, NULL, '2020-12-16 11:25:44'),
(253, 29, '12/15/2020', 200, 'Kitchen catering', '0895602364952', 1, '', 1, NULL, '2020-12-16 11:28:05'),
(254, 60, '12/15/2020', 2, 'Kitchen catering', '0895602364952', 1, '', 1, NULL, '2020-12-16 11:28:41'),
(255, 11, '12/15/2020', 100, 'Kitchen catering', '0095602364952', 1, '', 1, NULL, '2020-12-16 11:29:22'),
(256, 14, '12/15/2020', 1200, 'Kitchen catering', '0895602364952', 1, '', 1, NULL, '2020-12-16 11:30:01'),
(257, 13, '12/15/2020', 1200, 'Kitchen catering', '0895602364952', 1, '', 1, NULL, '2020-12-16 11:30:42'),
(258, 99, '12/15/2020', 1, 'Kitchen catering', '0895602364952', 1, '', 1, NULL, '2020-12-16 11:31:26'),
(259, 34, '12/15/2020', 300, 'Kitchen catering', '0895602364952', 1, '', 1, NULL, '2020-12-16 11:31:56'),
(260, 65, '12/15/2020', 300, 'Kitchen catering', '0895602364952', 1, '', 1, NULL, '2020-12-16 11:32:31');

-- --------------------------------------------------------

--
-- Struktur dari tabel `payment_type`
--

CREATE TABLE `payment_type` (
  `id` int(11) NOT NULL,
  `name` varchar(100) NOT NULL
) ENGINE=InnoDB DEFAULT CHARSET=latin1;

--
-- Dumping data untuk tabel `payment_type`
--

INSERT INTO `payment_type` (`id`, `name`) VALUES
(1, 'Tunai'),
(2, 'Hutang');

-- --------------------------------------------------------

--
-- Struktur dari tabel `reason_out_stock`
--

CREATE TABLE `reason_out_stock` (
  `id` int(11) NOT NULL,
  `name` varchar(100) NOT NULL,
  `created_time` timestamp NOT NULL DEFAULT CURRENT_TIMESTAMP
) ENGINE=InnoDB DEFAULT CHARSET=latin1;

--
-- Dumping data untuk tabel `reason_out_stock`
--

INSERT INTO `reason_out_stock` (`id`, `name`, `created_time`) VALUES
(1, 'Produksi', '2020-11-01 03:50:40'),
(2, 'Dijual', '2020-11-01 03:50:40'),
(3, 'Kadaluarsa', '2020-11-01 03:50:56'),
(4, 'Tidak Sesuai', '2020-11-01 03:50:56');

-- --------------------------------------------------------

--
-- Struktur dari tabel `role`
--

CREATE TABLE `role` (
  `id` int(11) NOT NULL,
  `name` varchar(25) NOT NULL,
  `is_deleted` int(11) NOT NULL DEFAULT '0'
) ENGINE=InnoDB DEFAULT CHARSET=latin1;

--
-- Dumping data untuk tabel `role`
--

INSERT INTO `role` (`id`, `name`, `is_deleted`) VALUES
(1, 'admin', 0),
(2, 'mitra', 0),
(3, 'member', 0);

-- --------------------------------------------------------

--
-- Struktur dari tabel `shopping_list`
--

CREATE TABLE `shopping_list` (
  `id` int(11) NOT NULL,
  `number_reference` varchar(20) DEFAULT NULL,
  `shopping_plan_id` int(11) DEFAULT NULL,
  `name` varchar(100) DEFAULT NULL,
  `phone` varchar(15) DEFAULT NULL,
  `shopping_place` varchar(100) DEFAULT NULL,
  `shopping_date` varchar(30) DEFAULT NULL,
  `payment_type_id` int(11) DEFAULT NULL,
  `total_costs` int(11) DEFAULT NULL,
  `money_source` varchar(200) DEFAULT NULL,
  `other_costs` int(11) DEFAULT NULL,
  `other_costs_detail` varchar(200) DEFAULT NULL,
  `other_info` longtext,
  `status` int(11) DEFAULT NULL,
  `is_active` tinyint(1) DEFAULT '1',
  `updated_time` timestamp NULL DEFAULT NULL,
  `created_time` timestamp NULL DEFAULT CURRENT_TIMESTAMP
) ENGINE=InnoDB DEFAULT CHARSET=latin1;

--
-- Dumping data untuk tabel `shopping_list`
--

INSERT INTO `shopping_list` (`id`, `number_reference`, `shopping_plan_id`, `name`, `phone`, `shopping_place`, `shopping_date`, `payment_type_id`, `total_costs`, `money_source`, `other_costs`, `other_costs_detail`, `other_info`, `status`, `is_active`, `updated_time`, `created_time`) VALUES
(15, '876486331529492', 8, 'TIRTA MAHARDIKA', NULL, '', '16-11-2020', 1, 837000, '', 7000, 'PARKIR MMTC DAN BRASTAGI SUPERMARKET MANHATTAN', '', 1, 1, NULL, '2020-11-15 23:56:45'),
(16, '725135631492967', 9, 'TIRTA MAHARDIKA', NULL, '', '16-11-2020', 1, 17000, '', 0, '', '', 1, 1, NULL, '2020-11-16 00:45:35'),
(17, '352795624913671', 10, 'TIRTA MAHARDIKA', NULL, '', '15-11-2020', 1, 296095, '', 0, '', 'BRASTAGI SUPERMARKET', 1, 1, NULL, '2020-11-16 00:55:42'),
(18, '754132635291679', NULL, 'Tirta Mahardika', NULL, 'Cemara, mmtc, dan pringgan', '18-11-2020', 1, 739000, 'Transfer gio', 14000, 'Bengsin dan parkir', 'Cemara dan mmtc', 1, 1, NULL, '2020-11-17 11:30:36'),
(19, '376581821746939', 12, 'Tirta Mahardika', NULL, 'Pringgan', '18-11-2020', 1, 57000, 'Transfer gio', 1000, 'Parkir', '', 1, 1, NULL, '2020-11-17 12:37:17'),
(20, '122715983938656', 13, 'TIRTA MAHARDIKA', NULL, 'BRASTAGI SUPERMARKET', '17-11-2020', 1, 165185, 'TRANSFER GIO', 0, '', '', 1, 1, NULL, '2020-11-21 20:22:01'),
(21, '767328419341956', NULL, 'TIRTA MAHARDIKA', NULL, 'MMTC', '22-11-2020', 1, 2621568, 'Nutrilo', 0, '', '', 1, 1, NULL, '2020-12-01 01:56:04'),
(22, '428632915968341', NULL, 'TIRTA MAHARDIKA', NULL, 'MMTC', '06-12-2020', 1, 1707600, 'Nutrilo', 17000, 'bensin, parkir mmtc,pringgan, pancing', '', 1, 1, NULL, '2020-12-06 17:21:37'),
(23, '572961537438916', 16, 'Tirta Mahardika', NULL, 'pajak prumnas', '03-12-2020', 1, 470700, 'Nutrilo', 2000, 'parkir', '', 1, 1, NULL, '2020-12-10 06:17:55'),
(24, '376288114659379', 15, 'TIRTA MAHARDIKA', NULL, '', '01-12-2020', 1, 1826300, '', 0, '', '', 1, 1, NULL, '2020-12-10 06:41:40'),
(25, '549119567642883', NULL, 'Tirta Mahardika', '082218322408', 'brastagi', '01-12-2020', 2, 424792, 'Nutrilo', 2000, '', '', 1, 1, NULL, '2020-12-10 07:27:56'),
(26, '894656813579374', 27, 'TIRTA MAHARDIKA', NULL, '', '13-12-2020', 1, 1886000, '', 0, '', '', 1, 1, NULL, '2020-12-15 06:38:15');

-- --------------------------------------------------------

--
-- Struktur dari tabel `shopping_list_item`
--

CREATE TABLE `shopping_list_item` (
  `id` int(11) NOT NULL,
  `shopping_list_id` int(11) DEFAULT NULL,
  `ingredient_id` int(11) DEFAULT NULL,
  `quantity` int(11) DEFAULT NULL,
  `unit_price` int(11) DEFAULT NULL,
  `total_price` int(11) DEFAULT NULL,
  `is_in_stock` tinyint(1) DEFAULT '0',
  `is_active` int(11) NOT NULL DEFAULT '1',
  `created_time` timestamp NULL DEFAULT CURRENT_TIMESTAMP
) ENGINE=InnoDB DEFAULT CHARSET=latin1;

--
-- Dumping data untuk tabel `shopping_list_item`
--

INSERT INTO `shopping_list_item` (`id`, `shopping_list_id`, `ingredient_id`, `quantity`, `unit_price`, `total_price`, `is_in_stock`, `is_active`, `created_time`) VALUES
(143, 15, 10, 1500, 18, 28000, 1, 1, '2020-11-15 16:56:45'),
(144, 15, 73, 2, 16000, 32000, 1, 1, '2020-11-15 16:56:45'),
(145, 15, 74, 2, 10000, 20000, 1, 1, '2020-11-15 16:56:45'),
(146, 15, 76, 800, 30, 24000, 1, 1, '2020-11-15 16:56:45'),
(147, 15, 80, 10000, 2, 15000, 1, 1, '2020-11-15 16:56:45'),
(148, 15, 72, 1, 10000, 10000, 1, 1, '2020-11-15 16:56:45'),
(149, 15, 59, 2, 14000, 28000, 1, 1, '2020-11-15 16:56:45'),
(150, 15, 30, 2000, 9, 18000, 1, 1, '2020-11-15 16:56:45'),
(151, 15, 35, 1000, 22, 22000, 1, 1, '2020-11-15 16:56:45'),
(152, 15, 34, 1000, 20, 20000, 1, 1, '2020-11-15 16:56:45'),
(153, 15, 24, 3500, 7, 25000, 1, 1, '2020-11-15 16:56:45'),
(154, 15, 47, 500, 48, 24000, 1, 1, '2020-11-15 16:56:45'),
(155, 15, 32, 3, 2000, 6000, 1, 1, '2020-11-15 16:56:45'),
(156, 15, 31, 4, 5000, 20000, 1, 1, '2020-11-15 16:56:45'),
(157, 15, 67, 250, 48, 12000, 1, 1, '2020-11-15 16:56:45'),
(158, 15, 68, 500, 6, 3000, 1, 1, '2020-11-15 16:56:45'),
(159, 15, 11, 10, 36000, 360000, 1, 1, '2020-11-15 16:56:45'),
(160, 15, 65, 600, 41, 25000, 1, 1, '2020-11-15 16:56:45'),
(161, 15, 19, 10, 10000, 100000, 1, 1, '2020-11-15 16:56:45'),
(162, 15, 26, 3000, 15, 45000, 1, 1, '2020-11-15 16:56:45'),
(163, 16, 87, 1, 14000, 14000, 1, 1, '2020-11-15 17:45:35'),
(164, 16, 86, 1, 3000, 3000, 1, 1, '2020-11-15 17:45:35'),
(165, 17, 52, 1000, 50, 50950, 1, 1, '2020-11-15 17:55:42'),
(166, 17, 57, 1, 105000, 105000, 1, 1, '2020-11-15 17:55:42'),
(167, 17, 62, 2, 29800, 59600, 1, 1, '2020-11-15 17:55:42'),
(168, 17, 88, 1, 6846, 6846, 1, 1, '2020-11-15 17:55:42'),
(169, 17, 89, 1, 59939, 59939, 1, 1, '2020-11-15 17:55:42'),
(170, 17, 90, 1, 13760, 13760, 1, 1, '2020-11-15 17:55:42'),
(179, 18, 13, 15, 10000, 150000, 1, 1, '2020-11-17 04:32:14'),
(180, 18, 11, 10, 35000, 350000, 1, 1, '2020-11-17 04:32:14'),
(181, 18, 14, 2, 68000, 136000, 1, 1, '2020-11-17 04:32:14'),
(182, 18, 92, 1, 10000, 10000, 1, 1, '2020-11-17 04:32:14'),
(183, 18, 93, 1, 8000, 8000, 1, 1, '2020-11-17 04:32:14'),
(184, 18, 74, 2, 7500, 15000, 1, 1, '2020-11-17 04:32:14'),
(185, 18, 73, 3, 10000, 30000, 1, 1, '2020-11-17 04:32:14'),
(186, 18, 91, 1, 40000, 40000, 1, 1, '2020-11-17 04:32:14'),
(187, 19, 10, 2000, 15, 30000, 1, 1, '2020-11-17 05:37:17'),
(188, 19, 66, 500, 10, 5000, 1, 1, '2020-11-17 05:37:17'),
(189, 19, 43, 1, 10000, 10000, 1, 1, '2020-11-17 05:37:17'),
(190, 19, 33, 3, 4000, 12000, 1, 1, '2020-11-17 05:37:17'),
(191, 20, 94, 1, 52250, 52250, 1, 1, '2020-11-21 13:22:01'),
(192, 20, 25, 2000, 6, 10523, 1, 1, '2020-11-21 13:22:01'),
(193, 20, 28, 1000, 9, 9000, 1, 1, '2020-11-21 13:22:01'),
(194, 20, 95, 1, 10500, 10500, 1, 1, '2020-11-21 13:22:01'),
(195, 20, 96, 1, 11000, 11000, 1, 1, '2020-11-21 13:22:01'),
(196, 20, 65, 700, 42, 28912, 1, 1, '2020-11-21 13:22:01'),
(197, 20, 23, 30, 1434, 43000, 1, 1, '2020-11-21 13:22:01'),
(267, 22, 13, 5, 22000, 110000, 1, 1, '2020-12-10 06:11:00'),
(268, 22, 11, 10, 35000, 350000, 1, 1, '2020-12-10 06:11:00'),
(269, 22, 33, 4, 3375, 13500, 1, 1, '2020-12-10 06:11:00'),
(270, 22, 32, 10, 4000, 40000, 1, 1, '2020-12-10 06:11:00'),
(271, 22, 34, 2000, 18, 36000, 1, 1, '2020-12-10 06:11:00'),
(272, 22, 35, 1000, 21, 21000, 1, 1, '2020-12-10 06:11:00'),
(273, 22, 23, 30, 1434, 43000, 1, 1, '2020-12-10 06:11:00'),
(274, 22, 59, 4, 17000, 34000, 1, 1, '2020-12-10 06:11:00'),
(275, 22, 30, 2000, 5, 10000, 1, 1, '2020-12-10 06:11:00'),
(276, 22, 28, 1000, 8, 8000, 1, 1, '2020-12-10 06:11:00'),
(277, 22, 56, 2, 28850, 57700, 1, 1, '2020-12-10 06:11:00'),
(278, 22, 24, 1000, 5, 5000, 1, 1, '2020-12-10 06:11:00'),
(279, 22, 26, 5000, 10, 50000, 1, 1, '2020-12-10 06:11:00'),
(280, 22, 48, 500, 62, 31000, 1, 1, '2020-12-10 06:11:00'),
(281, 22, 25, 2000, 7, 14000, 1, 1, '2020-12-10 06:11:00'),
(282, 22, 43, 2, 3500, 7000, 1, 1, '2020-12-10 06:11:00'),
(283, 22, 10, 3000, 15, 45000, 1, 1, '2020-12-10 06:11:00'),
(284, 22, 74, 3, 10000, 30000, 1, 1, '2020-12-10 06:11:00'),
(285, 22, 73, 3, 17000, 51000, 1, 1, '2020-12-10 06:11:00'),
(286, 22, 60, 5, 5000, 25000, 1, 1, '2020-12-10 06:11:00'),
(287, 22, 40, 2, 21500, 43000, 1, 1, '2020-12-10 06:11:00'),
(288, 22, 62, 2, 29800, 59600, 1, 1, '2020-12-10 06:11:00'),
(289, 22, 58, 2, 13800, 27600, 1, 1, '2020-12-10 06:11:00'),
(290, 22, 31, 5, 5700, 28500, 1, 1, '2020-12-10 06:11:00'),
(291, 22, 65, 1000, 41, 41000, 1, 1, '2020-12-10 06:11:00'),
(292, 22, 99, 1, 15100, 15100, 1, 1, '2020-12-10 06:11:00'),
(293, 22, 97, 2, 5000, 10000, 1, 1, '2020-12-10 06:11:00'),
(294, 22, 21, 2, 15100, 30200, 1, 1, '2020-12-10 06:11:00'),
(295, 22, 120, 2, 29950, 59900, 1, 1, '2020-12-10 06:11:00'),
(296, 22, 121, 3, 36000, 108000, 1, 1, '2020-12-10 06:11:00'),
(297, 22, 122, 1, 8000, 8000, 1, 1, '2020-12-10 06:11:00'),
(298, 22, 105, 3, 5000, 15000, 1, 1, '2020-12-10 06:11:00'),
(299, 22, 116, 1, 125000, 125000, 1, 1, '2020-12-10 06:11:00'),
(300, 22, 33, 1, 5000, 5000, 1, 1, '2020-12-10 06:11:00'),
(301, 22, 14, 1, 70000, 70000, 1, 1, '2020-12-10 06:11:00'),
(302, 22, 84, 1, 30000, 30000, 1, 1, '2020-12-10 06:11:00'),
(303, 22, 87, 1, 8000, 8000, 1, 1, '2020-12-10 06:11:00'),
(304, 22, 33, 5, 4500, 22500, 1, 1, '2020-12-10 06:11:00'),
(305, 22, 13, 1, 20000, 20000, 1, 1, '2020-12-10 06:11:00'),
(306, 23, 11, 10, 32000, 320000, 1, 1, '2020-12-10 06:17:55'),
(307, 23, 20, 3, 9000, 27000, 1, 1, '2020-12-10 06:17:55'),
(308, 23, 118, 1, 92000, 92000, 1, 1, '2020-12-10 06:17:55'),
(309, 23, 31, 1, 5700, 5700, 1, 1, '2020-12-10 06:17:55'),
(310, 23, 101, 1, 26000, 26000, 1, 1, '2020-12-10 06:17:55'),
(311, 24, 24, 1, 7000, 7000, 1, 1, '2020-12-10 06:41:40'),
(312, 24, 29, 1, 4000, 4000, 1, 1, '2020-12-10 06:41:40'),
(313, 24, 26, 1, 12000, 12000, 1, 1, '2020-12-10 06:41:40'),
(314, 24, 25, 1, 10000, 10000, 1, 1, '2020-12-10 06:41:40'),
(315, 24, 30, 1, 10000, 10000, 1, 1, '2020-12-10 06:41:40'),
(316, 24, 13, 3, 30000, 90000, 1, 1, '2020-12-10 06:41:40'),
(317, 24, 35, 1, 22000, 22000, 1, 1, '2020-12-10 06:41:40'),
(318, 24, 34, 1, 18000, 18000, 1, 1, '2020-12-10 06:41:40'),
(319, 24, 24, 2, 5000, 10000, 1, 1, '2020-12-10 06:41:40'),
(320, 24, 26, 2, 12000, 24000, 1, 1, '2020-12-10 06:41:40'),
(321, 24, 25, 1, 5000, 5000, 1, 1, '2020-12-10 06:41:40'),
(322, 24, 105, 1, 5000, 5000, 1, 1, '2020-12-10 06:41:40'),
(323, 24, 68, 1000, 12, 12000, 1, 1, '2020-12-10 06:41:40'),
(324, 24, 45, 1, 12000, 12000, 1, 1, '2020-12-10 06:41:40'),
(325, 24, 66, 1000, 5, 5000, 1, 1, '2020-12-10 06:41:40'),
(326, 24, 30, 2, 5000, 10000, 1, 1, '2020-12-10 06:41:40'),
(327, 24, 65, 1, 35000, 35000, 1, 1, '2020-12-10 06:41:40'),
(328, 24, 19, 36, 10000, 360000, 1, 1, '2020-12-10 06:41:40'),
(329, 24, 47, 1, 13000, 13000, 1, 1, '2020-12-10 06:41:40'),
(330, 24, 99, 1, 15000, 15000, 1, 1, '2020-12-10 06:41:40'),
(331, 24, 74, 4, 10000, 40000, 1, 1, '2020-12-10 06:41:40'),
(332, 24, 73, 3, 15000, 45000, 1, 1, '2020-12-10 06:41:40'),
(333, 24, 10, 4, 17000, 68000, 1, 1, '2020-12-10 06:41:40'),
(334, 24, 41, 1, 25000, 25000, 1, 1, '2020-12-10 06:41:40'),
(335, 24, 17, 10, 12000, 120000, 1, 1, '2020-12-10 06:41:40'),
(336, 24, 110, 1, 5000, 5000, 1, 1, '2020-12-10 06:41:40'),
(337, 24, 78, 1, 25000, 25000, 1, 1, '2020-12-10 06:41:40'),
(338, 24, 73, 4, 15000, 60000, 1, 1, '2020-12-10 06:41:40'),
(339, 24, 56, 3, 28500, 85500, 1, 1, '2020-12-10 06:41:40'),
(340, 24, 91, 1, 19000, 19000, 1, 1, '2020-12-10 06:41:40'),
(341, 24, 10, 1, 15000, 15000, 1, 1, '2020-12-10 06:41:40'),
(342, 24, 111, 3, 18500, 55500, 1, 1, '2020-12-10 06:41:40'),
(343, 24, 13, 10, 22000, 220000, 1, 1, '2020-12-10 06:41:40'),
(344, 24, 14, 1, 70000, 70000, 1, 1, '2020-12-10 06:41:40'),
(345, 24, 15, 1, 70000, 70000, 1, 1, '2020-12-10 06:41:40'),
(346, 24, 114, 2, 10000, 20000, 1, 1, '2020-12-10 06:41:40'),
(347, 24, 115, 1, 12000, 12000, 1, 1, '2020-12-10 06:41:40'),
(348, 24, 113, 2, 5000, 10000, 1, 1, '2020-12-10 06:41:40'),
(349, 24, 117, 1, 23000, 23000, 1, 1, '2020-12-10 06:41:40'),
(350, 24, 112, 1, 3300, 3300, 1, 1, '2020-12-10 06:41:40'),
(351, 24, 118, 50, 2200, 110000, 1, 1, '2020-12-10 06:41:40'),
(352, 24, 28, 2, 10000, 20000, 1, 1, '2020-12-10 06:41:40'),
(353, 24, 119, 1, 26000, 26000, 1, 1, '2020-12-10 06:41:40'),
(398, 21, 11, 20, 34950, 699000, 1, 1, '2020-12-10 07:04:19'),
(399, 21, 12, 2, 125000, 250000, 1, 1, '2020-12-10 07:04:19'),
(400, 21, 13, 10, 16000, 160000, 1, 1, '2020-12-10 07:04:19'),
(401, 21, 14, 2, 65000, 130000, 1, 1, '2020-12-10 07:04:19'),
(402, 21, 34, 1500, 24, 36000, 1, 1, '2020-12-10 07:04:19'),
(403, 21, 35, 1000, 22, 22000, 1, 1, '2020-12-10 07:04:19'),
(404, 21, 87, 1, 28000, 28000, 1, 1, '2020-12-10 07:04:19'),
(405, 21, 20, 5, 15000, 75000, 1, 1, '2020-12-10 07:04:19'),
(406, 21, 84, 1000, 30, 30000, 1, 1, '2020-12-10 07:04:19'),
(407, 21, 58, 2, 13500, 27000, 1, 1, '2020-12-10 07:04:19'),
(408, 21, 63, 3, 12500, 37500, 1, 1, '2020-12-10 07:04:19'),
(409, 21, 32, 4, 5000, 20000, 1, 1, '2020-12-10 07:04:19'),
(410, 21, 33, 3, 4500, 13500, 1, 1, '2020-12-10 07:04:19'),
(411, 21, 28, 3000, 4, 12000, 1, 1, '2020-12-10 07:04:19'),
(412, 21, 19, 10, 11000, 110000, 1, 1, '2020-12-10 07:04:19'),
(413, 21, 10, 1, 41262, 41262, 1, 1, '2020-12-10 07:04:19'),
(414, 21, 65, 1000, 50, 50000, 1, 1, '2020-12-10 07:04:19'),
(415, 21, 23, 30, 1333, 39990, 1, 1, '2020-12-10 07:04:19'),
(416, 21, 26, 3000, 13, 39000, 1, 1, '2020-12-10 07:04:19'),
(417, 21, 90, 1, 25000, 25000, 1, 1, '2020-12-10 07:04:19'),
(418, 21, 30, 1000, 10, 10000, 1, 1, '2020-12-10 07:04:19'),
(419, 21, 25, 1000, 5, 5000, 1, 1, '2020-12-10 07:04:19'),
(420, 21, 74, 4, 10000, 40000, 1, 1, '2020-12-10 07:04:19'),
(421, 21, 83, 1000, 12, 12000, 1, 1, '2020-12-10 07:04:19'),
(422, 21, 76, 500, 61, 30500, 1, 1, '2020-12-10 07:04:19'),
(423, 21, 73, 4, 18250, 73000, 1, 1, '2020-12-10 07:04:19'),
(424, 21, 59, 6, 13450, 80700, 1, 1, '2020-12-10 07:04:19'),
(425, 21, 18, 10, 12500, 125000, 1, 1, '2020-12-10 07:04:19'),
(426, 21, 37, 500, 23, 11500, 1, 1, '2020-12-10 07:04:19'),
(427, 21, 38, 400, 138, 55200, 1, 1, '2020-12-10 07:04:19'),
(428, 21, 56, 2, 28850, 57700, 1, 1, '2020-12-10 07:04:19'),
(429, 21, 62, 2, 23000, 46000, 1, 1, '2020-12-10 07:04:19'),
(430, 21, 54, 1, 14000, 14000, 1, 1, '2020-12-10 07:04:19'),
(431, 21, 60, 4, 4300, 17200, 1, 1, '2020-12-10 07:04:19'),
(432, 21, 42, 1000, 11, 11000, 1, 1, '2020-12-10 07:04:19'),
(433, 21, 72, 1, 10000, 10000, 1, 1, '2020-12-10 07:04:19'),
(434, 21, 106, 1, 18420, 18420, 1, 1, '2020-12-10 07:04:19'),
(435, 21, 103, 1, 25636, 25636, 1, 1, '2020-12-10 07:04:19'),
(436, 21, 102, 1, 32560, 32560, 1, 1, '2020-12-10 07:04:19'),
(437, 21, 107, 1, 8800, 8800, 1, 1, '2020-12-10 07:04:19'),
(438, 21, 109, 1, 12500, 12500, 1, 1, '2020-12-10 07:04:19'),
(439, 21, 70, 1, 12100, 12100, 1, 1, '2020-12-10 07:04:19'),
(440, 21, 98, 1, 37500, 37500, 1, 1, '2020-12-10 07:04:19'),
(441, 21, 84, 1, 30000, 30000, 1, 1, '2020-12-10 07:04:19'),
(442, 25, 49, 1, 101900, 101900, 1, 1, '2020-12-10 07:27:56'),
(443, 25, 52, 2200, 45, 98000, 1, 1, '2020-12-10 07:27:56'),
(444, 25, 56, 2, 28500, 57000, 1, 1, '2020-12-10 07:27:56'),
(445, 25, 40, 2, 19500, 39000, 1, 1, '2020-12-10 07:27:56'),
(446, 25, 39, 100, 300, 30000, 1, 1, '2020-12-10 07:27:56'),
(447, 25, 54, 2, 13600, 27200, 1, 1, '2020-12-10 07:27:56'),
(448, 25, 33, 5, 6600, 33000, 1, 1, '2020-12-10 07:27:56'),
(449, 25, 47, 1, 10192, 10192, 1, 1, '2020-12-10 07:27:56'),
(450, 25, 96, 2, 11000, 11000, 1, 1, '2020-12-10 07:27:56'),
(451, 25, 75, 1, 17500, 17500, 1, 1, '2020-12-10 07:27:56'),
(452, 26, 26, 3, 12000, 36000, 1, 1, '2020-12-15 06:38:15'),
(453, 26, 24, 2, 5000, 10000, 1, 1, '2020-12-15 06:38:15'),
(454, 26, 30, 1, 8000, 8000, 1, 1, '2020-12-15 06:38:15'),
(455, 26, 25, 5, 8000, 40000, 1, 1, '2020-12-15 06:38:15'),
(456, 26, 104, 1, 8000, 8000, 1, 1, '2020-12-15 06:38:15'),
(457, 26, 28, 1, 15000, 15000, 1, 1, '2020-12-15 06:38:15'),
(458, 26, 90, 1, 15000, 15000, 1, 1, '2020-12-15 06:38:15'),
(459, 26, 34, 2, 20000, 40000, 1, 1, '2020-12-15 06:38:15'),
(460, 26, 87, 1, 22000, 22000, 1, 1, '2020-12-15 06:38:15'),
(461, 26, 35, 1, 22000, 22000, 1, 1, '2020-12-15 06:38:15'),
(462, 26, 47, 1, 22000, 22000, 1, 1, '2020-12-15 06:38:15'),
(463, 26, 84, 1, 16000, 16000, 1, 1, '2020-12-15 06:38:15'),
(464, 26, 34, 1, 22000, 22000, 1, 1, '2020-12-15 06:38:15'),
(465, 26, 31, 5, 4000, 20000, 1, 1, '2020-12-15 06:38:15'),
(466, 26, 19, 5, 10000, 50000, 1, 1, '2020-12-15 06:38:15'),
(467, 26, 70, 1, 5000, 5000, 1, 1, '2020-12-15 06:38:15'),
(468, 26, 66, 1, 5000, 5000, 1, 1, '2020-12-15 06:38:15'),
(469, 26, 105, 1, 5000, 5000, 1, 1, '2020-12-15 06:38:15'),
(470, 26, 19, 2, 9000, 18000, 1, 1, '2020-12-15 06:38:15'),
(471, 26, 97, 5, 1200, 6000, 1, 1, '2020-12-15 06:38:15'),
(472, 26, 23, 90, 1500, 135000, 1, 1, '2020-12-15 06:38:15'),
(473, 26, 42, 3, 12000, 36000, 1, 1, '2020-12-15 06:38:15'),
(474, 26, 14, 1, 80000, 80000, 1, 1, '2020-12-15 06:38:15'),
(475, 26, 15, 1, 65000, 65000, 1, 1, '2020-12-15 06:38:15'),
(476, 26, 48, 1, 9000, 9000, 1, 1, '2020-12-15 06:38:15'),
(477, 26, 20, 4, 14000, 56000, 1, 1, '2020-12-15 06:38:15'),
(478, 26, 51, 5, 30000, 150000, 1, 1, '2020-12-15 06:38:15'),
(479, 26, 65, 1, 50000, 50000, 1, 1, '2020-12-15 06:38:15'),
(480, 26, 56, 2, 28500, 57000, 1, 1, '2020-12-15 06:38:15'),
(481, 26, 18, 10, 14000, 140000, 1, 1, '2020-12-15 06:38:15'),
(482, 26, 11, 10, 37000, 370000, 1, 1, '2020-12-15 06:38:15'),
(483, 26, 59, 10, 17000, 170000, 1, 1, '2020-12-15 06:38:15'),
(484, 26, 111, 2, 18000, 36000, 1, 1, '2020-12-15 06:38:15'),
(485, 26, 73, 3, 15000, 45000, 1, 1, '2020-12-15 06:38:15'),
(486, 26, 74, 3, 10000, 30000, 1, 1, '2020-12-15 06:38:15'),
(487, 26, 10, 4, 18000, 72000, 1, 1, '2020-12-15 06:38:15');

-- --------------------------------------------------------

--
-- Struktur dari tabel `shopping_plan`
--

CREATE TABLE `shopping_plan` (
  `id` int(11) NOT NULL,
  `name` varchar(50) DEFAULT NULL,
  `shopping_date` varchar(30) DEFAULT NULL,
  `other_info` varchar(300) DEFAULT NULL,
  `status` int(11) DEFAULT NULL,
  `is_active` tinyint(1) NOT NULL DEFAULT '1',
  `created_time` timestamp NULL DEFAULT CURRENT_TIMESTAMP,
  `updated_time` timestamp NULL DEFAULT NULL
) ENGINE=InnoDB DEFAULT CHARSET=latin1;

--
-- Dumping data untuk tabel `shopping_plan`
--

INSERT INTO `shopping_plan` (`id`, `name`, `shopping_date`, `other_info`, `status`, `is_active`, `created_time`, `updated_time`) VALUES
(8, 'TIRTA MAHARDIKA', '16-11-2020', '', 2, 1, '2020-11-15 23:48:35', NULL),
(9, 'TIRTA MAHARDIKA', '16-11-2020', '', 2, 1, '2020-11-16 00:44:52', NULL),
(10, 'TIRTA MAHARDIKA', '15-11-2020', 'BRASTAGI SUPERMARKET', 2, 1, '2020-11-16 00:51:28', NULL),
(11, 'Tirta Mahardika', '18-11-2020', 'Cemara dan mmtc', 2, 1, '2020-11-17 11:26:11', NULL),
(12, 'Tirta Mahardika', '18-11-2020', '', 2, 1, '2020-11-17 12:34:49', NULL),
(13, 'TIRTA MAHARDIKA', '17-11-2020', '', 2, 1, '2020-11-21 20:19:27', NULL),
(14, 'TIRTA MAHARDIKA', '22-11-2020', '', 2, 1, '2020-11-21 20:39:09', NULL),
(15, 'TIRTA MAHARDIKA', '01-12-2020', '', 2, 1, '2020-12-01 13:46:46', NULL),
(16, 'Tirta Mahardika', '03-12-2020', '', 2, 1, '2020-12-02 23:48:46', NULL),
(26, 'TIRTA MAHARDIKA', '06-12-2020', '', 2, 1, '2020-12-06 17:18:20', NULL),
(27, 'TIRTA MAHARDIKA', '13-12-2020', '', 2, 1, '2020-12-15 06:33:51', NULL);

-- --------------------------------------------------------

--
-- Struktur dari tabel `shopping_plan_list`
--

CREATE TABLE `shopping_plan_list` (
  `id` int(11) NOT NULL,
  `shopping_plan_id` int(11) DEFAULT NULL,
  `ingredient_id` int(11) DEFAULT NULL,
  `quantity` int(11) DEFAULT NULL,
  `notes` varchar(300) DEFAULT NULL,
  `is_active` tinyint(1) DEFAULT '1',
  `created_time` timestamp NULL DEFAULT CURRENT_TIMESTAMP
) ENGINE=InnoDB DEFAULT CHARSET=latin1;

--
-- Dumping data untuk tabel `shopping_plan_list`
--

INSERT INTO `shopping_plan_list` (`id`, `shopping_plan_id`, `ingredient_id`, `quantity`, `notes`, `is_active`, `created_time`) VALUES
(54, 8, 10, 1500, NULL, 1, '2020-11-15 23:48:49'),
(55, 8, 73, 2, NULL, 1, '2020-11-15 23:48:49'),
(56, 8, 74, 2, NULL, 1, '2020-11-15 23:48:49'),
(57, 8, 76, 800, NULL, 1, '2020-11-15 23:48:49'),
(58, 8, 80, 10000, NULL, 1, '2020-11-15 23:48:49'),
(59, 8, 72, 1, NULL, 1, '2020-11-15 23:48:49'),
(60, 8, 59, 2, NULL, 1, '2020-11-15 23:48:49'),
(61, 8, 30, 2000, NULL, 1, '2020-11-15 23:48:49'),
(62, 8, 35, 1000, NULL, 1, '2020-11-15 23:48:49'),
(63, 8, 34, 1000, NULL, 1, '2020-11-15 23:48:49'),
(64, 8, 24, 3500, NULL, 1, '2020-11-15 23:48:49'),
(65, 8, 47, 500, NULL, 1, '2020-11-15 23:48:49'),
(66, 8, 32, 3, NULL, 1, '2020-11-15 23:48:49'),
(67, 8, 31, 4, NULL, 1, '2020-11-15 23:48:49'),
(68, 8, 67, 250, NULL, 1, '2020-11-15 23:48:49'),
(69, 8, 68, 500, NULL, 1, '2020-11-15 23:48:49'),
(70, 8, 11, 10, NULL, 1, '2020-11-15 23:48:49'),
(71, 8, 65, 600, NULL, 1, '2020-11-15 23:48:49'),
(72, 8, 19, 10, NULL, 1, '2020-11-15 23:48:49'),
(73, 8, 26, 3000, NULL, 1, '2020-11-15 23:48:49'),
(74, 9, 87, 1, NULL, 1, '2020-11-16 00:44:52'),
(75, 9, 86, 1, NULL, 1, '2020-11-16 00:44:52'),
(80, 10, 52, 1000, NULL, 1, '2020-11-16 00:53:35'),
(81, 10, 57, 1, NULL, 1, '2020-11-16 00:53:35'),
(82, 10, 62, 2, NULL, 1, '2020-11-16 00:53:35'),
(83, 10, 88, 1, NULL, 1, '2020-11-16 00:53:35'),
(84, 10, 89, 1, NULL, 1, '2020-11-16 00:53:35'),
(85, 10, 90, 1, NULL, 1, '2020-11-16 00:53:35'),
(86, 11, 13, 15, NULL, 1, '2020-11-17 11:26:11'),
(87, 11, 11, 10, NULL, 1, '2020-11-17 11:26:11'),
(88, 11, 14, 2, NULL, 1, '2020-11-17 11:26:11'),
(89, 11, 92, 0, NULL, 1, '2020-11-17 11:26:11'),
(90, 11, 93, 1, NULL, 1, '2020-11-17 11:26:11'),
(91, 11, 74, 2, NULL, 1, '2020-11-17 11:26:11'),
(92, 11, 73, 3, NULL, 1, '2020-11-17 11:26:11'),
(93, 11, 91, 1, NULL, 1, '2020-11-17 11:26:11'),
(94, 12, 10, 2, NULL, 1, '2020-11-17 12:34:49'),
(95, 12, 66, 1, NULL, 1, '2020-11-17 12:34:49'),
(96, 12, 43, 0, NULL, 1, '2020-11-17 12:34:49'),
(97, 12, 33, 3, NULL, 1, '2020-11-17 12:34:49'),
(98, 13, 94, 1, NULL, 1, '2020-11-21 20:19:27'),
(99, 13, 25, 2000, NULL, 1, '2020-11-21 20:19:27'),
(100, 13, 28, 1000, NULL, 1, '2020-11-21 20:19:27'),
(101, 13, 95, 1, NULL, 1, '2020-11-21 20:19:27'),
(102, 13, 96, 1, NULL, 1, '2020-11-21 20:19:27'),
(103, 13, 65, 700, NULL, 1, '2020-11-21 20:19:27'),
(104, 13, 23, 30, NULL, 1, '2020-11-21 20:19:27'),
(105, 14, 11, 20, NULL, 1, '2020-11-21 20:39:09'),
(106, 14, 12, 2, NULL, 1, '2020-11-21 20:39:09'),
(107, 14, 13, 10, NULL, 1, '2020-11-21 20:39:09'),
(108, 14, 14, 2, NULL, 1, '2020-11-21 20:39:09'),
(109, 14, 34, 1500, NULL, 1, '2020-11-21 20:39:09'),
(110, 14, 35, 1000, NULL, 1, '2020-11-21 20:39:09'),
(111, 14, 87, 1, NULL, 1, '2020-11-21 20:39:09'),
(112, 14, 20, 5, NULL, 1, '2020-11-21 20:39:09'),
(113, 14, 84, 1000, NULL, 1, '2020-11-21 20:39:09'),
(114, 14, 58, 2, NULL, 1, '2020-11-21 20:39:09'),
(115, 14, 63, 3, NULL, 1, '2020-11-21 20:39:09'),
(116, 14, 32, 4, NULL, 1, '2020-11-21 20:39:09'),
(117, 14, 33, 3, NULL, 1, '2020-11-21 20:39:09'),
(118, 14, 28, 3000, NULL, 1, '2020-11-21 20:39:09'),
(119, 14, 19, 10, NULL, 1, '2020-11-21 20:39:09'),
(120, 14, 10, 1, NULL, 1, '2020-11-21 20:39:09'),
(121, 14, 65, 1000, NULL, 1, '2020-11-21 20:39:09'),
(122, 14, 23, 30, NULL, 1, '2020-11-21 20:39:09'),
(123, 14, 26, 3000, NULL, 1, '2020-11-21 20:39:09'),
(124, 14, 90, 1, NULL, 1, '2020-11-21 20:39:09'),
(125, 14, 30, 1000, NULL, 1, '2020-11-21 20:39:09'),
(126, 14, 25, 1000, NULL, 1, '2020-11-21 20:39:09'),
(127, 14, 74, 4, NULL, 1, '2020-11-21 20:39:09'),
(128, 14, 10, 3000, NULL, 1, '2020-11-21 20:39:09'),
(129, 14, 82, 2000, NULL, 1, '2020-11-21 20:39:09'),
(130, 14, 83, 1000, NULL, 1, '2020-11-21 20:39:09'),
(131, 14, 76, 500, NULL, 1, '2020-11-21 20:39:09'),
(132, 14, 79, 250, NULL, 1, '2020-11-21 20:39:09'),
(133, 14, 73, 4, NULL, 1, '2020-11-21 20:39:09'),
(134, 14, 59, 5, NULL, 1, '2020-11-21 20:39:09'),
(135, 14, 49, 1, NULL, 1, '2020-11-21 20:39:09'),
(136, 14, 18, 10, NULL, 1, '2020-11-21 20:39:09'),
(137, 14, 37, 500, NULL, 1, '2020-11-21 20:39:09'),
(138, 14, 38, 500, NULL, 1, '2020-11-21 20:39:09'),
(139, 14, 56, 2, NULL, 1, '2020-11-21 20:39:09'),
(140, 14, 62, 2, NULL, 1, '2020-11-21 20:39:09'),
(141, 14, 54, 1, NULL, 1, '2020-11-21 20:39:09'),
(142, 14, 60, 2, NULL, 1, '2020-11-21 20:39:09'),
(143, 14, 42, 1000, NULL, 1, '2020-11-21 20:39:09'),
(144, 14, 72, 1, NULL, 1, '2020-11-21 20:39:09'),
(254, 15, 24, 1000, NULL, 1, '2020-12-01 14:18:59'),
(255, 15, 29, 1000, NULL, 1, '2020-12-01 14:18:59'),
(256, 15, 26, 1000, NULL, 1, '2020-12-01 14:18:59'),
(257, 15, 25, 1000, NULL, 1, '2020-12-01 14:18:59'),
(258, 15, 30, 1000, NULL, 1, '2020-12-01 14:18:59'),
(259, 15, 13, 3, NULL, 1, '2020-12-01 14:18:59'),
(260, 15, 35, 1000, NULL, 1, '2020-12-01 14:18:59'),
(261, 15, 34, 1000, NULL, 1, '2020-12-01 14:18:59'),
(262, 15, 24, 2000, NULL, 1, '2020-12-01 14:18:59'),
(263, 15, 26, 2000, NULL, 1, '2020-12-01 14:18:59'),
(264, 15, 25, 1000, NULL, 1, '2020-12-01 14:18:59'),
(265, 15, 105, 1, NULL, 1, '2020-12-01 14:18:59'),
(266, 15, 68, 1000, NULL, 1, '2020-12-01 14:18:59'),
(267, 15, 45, 1, NULL, 1, '2020-12-01 14:18:59'),
(268, 15, 66, 1000, NULL, 1, '2020-12-01 14:18:59'),
(269, 15, 30, 2000, NULL, 1, '2020-12-01 14:18:59'),
(270, 15, 65, 1000, NULL, 1, '2020-12-01 14:18:59'),
(271, 15, 19, 36, NULL, 1, '2020-12-01 14:19:00'),
(272, 15, 47, 250, NULL, 1, '2020-12-01 14:19:00'),
(273, 15, 99, 1, NULL, 1, '2020-12-01 14:19:00'),
(274, 15, 74, 4, NULL, 1, '2020-12-01 14:19:00'),
(275, 15, 73, 3, NULL, 1, '2020-12-01 14:19:00'),
(276, 15, 10, 4, NULL, 1, '2020-12-01 14:19:00'),
(277, 15, 41, 1000, NULL, 1, '2020-12-01 14:19:00'),
(278, 15, 17, 10, NULL, 1, '2020-12-01 14:19:00'),
(279, 15, 110, 1, NULL, 1, '2020-12-01 14:19:00'),
(280, 15, 78, 500, NULL, 1, '2020-12-01 14:19:00'),
(281, 15, 73, 4, NULL, 1, '2020-12-01 14:19:00'),
(282, 15, 56, 3, NULL, 1, '2020-12-01 14:19:00'),
(283, 15, 91, 1, NULL, 1, '2020-12-01 14:19:00'),
(284, 15, 10, 1, NULL, 1, '2020-12-01 14:19:00'),
(285, 15, 111, 3, NULL, 1, '2020-12-01 14:19:00'),
(286, 15, 13, 10, NULL, 1, '2020-12-01 14:19:00'),
(287, 15, 14, 1, NULL, 1, '2020-12-01 14:19:00'),
(288, 15, 15, 1, NULL, 1, '2020-12-01 14:19:00'),
(289, 15, 114, 2, NULL, 1, '2020-12-01 14:19:00'),
(290, 15, 115, 1, NULL, 1, '2020-12-01 14:19:00'),
(291, 15, 113, 2, NULL, 1, '2020-12-01 14:19:00'),
(292, 15, 117, 1, NULL, 1, '2020-12-01 14:19:00'),
(293, 15, 112, 1, NULL, 1, '2020-12-01 14:19:00'),
(294, 15, 118, 50, NULL, 1, '2020-12-01 14:19:00'),
(295, 15, 28, 1500, NULL, 1, '2020-12-01 14:19:00'),
(296, 15, 119, 1, NULL, 1, '2020-12-01 14:19:00'),
(297, 16, 11, 10, NULL, 1, '2020-12-02 23:48:46'),
(299, 26, 13, 10, NULL, 1, '2020-12-06 17:18:20'),
(300, 26, 11, 10, NULL, 1, '2020-12-06 17:18:20'),
(301, 26, 33, 4, NULL, 1, '2020-12-06 17:18:20'),
(302, 26, 32, 5, NULL, 1, '2020-12-06 17:18:20'),
(303, 26, 34, 2000, NULL, 1, '2020-12-06 17:18:20'),
(304, 26, 35, 1000, NULL, 1, '2020-12-06 17:18:20'),
(305, 26, 23, 30, NULL, 1, '2020-12-06 17:18:20'),
(306, 26, 59, 2, NULL, 1, '2020-12-06 17:18:21'),
(307, 26, 30, 2000, NULL, 1, '2020-12-06 17:18:21'),
(308, 26, 28, 1000, NULL, 1, '2020-12-06 17:18:21'),
(309, 26, 56, 2, NULL, 1, '2020-12-06 17:18:21'),
(310, 26, 24, 1000, NULL, 1, '2020-12-06 17:18:21'),
(311, 26, 26, 5000, NULL, 1, '2020-12-06 17:18:21'),
(312, 26, 48, 500, NULL, 1, '2020-12-06 17:18:21'),
(313, 26, 25, 2000, NULL, 1, '2020-12-06 17:18:21'),
(314, 26, 43, 2, NULL, 1, '2020-12-06 17:18:21'),
(315, 26, 10, 3000, NULL, 1, '2020-12-06 17:18:21'),
(316, 26, 74, 3, NULL, 1, '2020-12-06 17:18:21'),
(317, 26, 73, 3, NULL, 1, '2020-12-06 17:18:21'),
(318, 26, 60, 5, NULL, 1, '2020-12-06 17:18:22'),
(319, 26, 40, 1, NULL, 1, '2020-12-06 17:18:22'),
(320, 26, 62, 2, NULL, 1, '2020-12-06 17:18:22'),
(321, 26, 58, 2, NULL, 1, '2020-12-06 17:18:22'),
(322, 26, 31, 4, NULL, 1, '2020-12-06 17:18:22'),
(323, 26, 65, 1000, NULL, 1, '2020-12-06 17:18:22'),
(324, 26, 99, 1, NULL, 1, '2020-12-06 17:18:22'),
(325, 26, 97, 2, NULL, 1, '2020-12-06 17:18:22'),
(326, 26, 21, 2, NULL, 1, '2020-12-06 17:18:22'),
(327, 26, 120, 5, NULL, 1, '2020-12-06 17:18:22'),
(328, 26, 121, 2, NULL, 1, '2020-12-06 17:18:22'),
(329, 26, 122, 1, NULL, 1, '2020-12-06 17:18:22'),
(330, 26, 105, 1, NULL, 1, '2020-12-06 17:18:22'),
(331, 26, 124, 1, NULL, 1, '2020-12-06 17:18:22'),
(332, 27, 26, 3, NULL, 1, '2020-12-15 06:33:51'),
(333, 27, 24, 2, NULL, 1, '2020-12-15 06:33:51'),
(334, 27, 30, 1, NULL, 1, '2020-12-15 06:33:51'),
(335, 27, 25, 5, NULL, 1, '2020-12-15 06:33:51'),
(336, 27, 104, 1, NULL, 1, '2020-12-15 06:33:51'),
(337, 27, 28, 1, NULL, 1, '2020-12-15 06:33:51'),
(338, 27, 90, 1, NULL, 1, '2020-12-15 06:33:51'),
(339, 27, 34, 2, NULL, 1, '2020-12-15 06:33:51'),
(340, 27, 87, 1, NULL, 1, '2020-12-15 06:33:51'),
(341, 27, 35, 1, NULL, 1, '2020-12-15 06:33:51'),
(342, 27, 47, 1, NULL, 1, '2020-12-15 06:33:51'),
(343, 27, 84, 1, NULL, 1, '2020-12-15 06:33:51'),
(344, 27, 34, 1, NULL, 1, '2020-12-15 06:33:51'),
(345, 27, 31, 5, NULL, 1, '2020-12-15 06:33:51'),
(346, 27, 19, 5, NULL, 1, '2020-12-15 06:33:51'),
(347, 27, 70, 1, NULL, 1, '2020-12-15 06:33:51'),
(348, 27, 66, 1, NULL, 1, '2020-12-15 06:33:51'),
(349, 27, 105, 1, NULL, 1, '2020-12-15 06:33:51'),
(350, 27, 19, 2, NULL, 1, '2020-12-15 06:33:51'),
(351, 27, 97, 5, NULL, 1, '2020-12-15 06:33:51'),
(352, 27, 23, 90, NULL, 1, '2020-12-15 06:33:51'),
(353, 27, 42, 3, NULL, 1, '2020-12-15 06:33:51'),
(354, 27, 14, 1, NULL, 1, '2020-12-15 06:33:51'),
(355, 27, 15, 1, NULL, 1, '2020-12-15 06:33:51'),
(356, 27, 48, 1, NULL, 1, '2020-12-15 06:33:51'),
(357, 27, 20, 4, NULL, 1, '2020-12-15 06:33:51'),
(358, 27, 51, 5, NULL, 1, '2020-12-15 06:33:51'),
(359, 27, 65, 1, NULL, 1, '2020-12-15 06:33:51'),
(360, 27, 56, 2, NULL, 1, '2020-12-15 06:33:51'),
(361, 27, 18, 10, NULL, 1, '2020-12-15 06:33:51'),
(362, 27, 11, 10, NULL, 1, '2020-12-15 06:33:51'),
(363, 27, 59, 10, NULL, 1, '2020-12-15 06:33:51'),
(364, 27, 111, 2, NULL, 1, '2020-12-15 06:33:51'),
(365, 27, 73, 3, NULL, 1, '2020-12-15 06:33:51'),
(366, 27, 74, 3, NULL, 1, '2020-12-15 06:33:51'),
(367, 27, 10, 4, NULL, 1, '2020-12-15 06:33:51');

-- --------------------------------------------------------

--
-- Struktur dari tabel `user`
--

CREATE TABLE `user` (
  `id` int(11) NOT NULL,
  `username` varchar(30) NOT NULL,
  `password` varchar(36) NOT NULL,
  `password_validation` varchar(36) NOT NULL,
  `fullname` varchar(50) NOT NULL,
  `email` varchar(50) DEFAULT NULL,
  `phone` varchar(15) DEFAULT NULL,
  `nik` varchar(255) DEFAULT NULL,
  `address` varchar(255) DEFAULT NULL,
  `image_url` varchar(255) DEFAULT NULL,
  `user_status_id` int(11) NOT NULL,
  `role_id` int(11) NOT NULL,
  `is_deleted` tinyint(1) NOT NULL DEFAULT '0',
  `created_time` timestamp NULL DEFAULT '0000-00-00 00:00:00',
  `updated_time` timestamp NULL DEFAULT '0000-00-00 00:00:00'
) ENGINE=InnoDB DEFAULT CHARSET=latin1;

--
-- Dumping data untuk tabel `user`
--

INSERT INTO `user` (`id`, `username`, `password`, `password_validation`, `fullname`, `email`, `phone`, `nik`, `address`, `image_url`, `user_status_id`, `role_id`, `is_deleted`, `created_time`, `updated_time`) VALUES
(6, 'adminbaru', 'R?)?????a? <z??\\+??/?T', '', 'admin', 'admin@gmail.com', '89765412312', NULL, 'medan', '', 1, 1, 0, '2020-04-24 03:40:11', '2020-04-24 03:40:11'),
(12, 'admin', '21232f297a57a5a743894a0e4a801fc3', '', 'hanif', 'hanifsalafi456@gmail.com', '082328323', NULL, 'Binjai', '', 3, 2, 0, '2020-04-24 03:52:25', '2020-07-23 15:46:39'),
(13, 'salafihanif5ea5ffef', '2cd756c61b7344d639f7082a24885d5b', 'kjsahgadua', 'salafi hanif', 'hanifsalafi456@gmail.com', '08976521412412', NULL, 'medan', 'https://google.com', 1, 2, 0, '2020-04-26 09:41:03', '2020-04-26 09:41:03'),
(33, 'hanifsalafi5ea61783', '6a2b39792cd945c04307d5e53aa9e989', '03e9227895bc', 'hanif salafi', 'hanifsalafi456@gmail.com', '08976521412412', NULL, 'medan', 'https://google.com', 1, 2, 0, '2020-04-26 11:21:39', '2020-04-26 11:21:39'),
(34, 'hanifsalafiiiii5ea617cf', '86b1f44d142637da6b254b91d23030b1', '459e0c28b98c', 'hanif salafiiiii', 'hanifsalafi456@gmail.com', '08976521412412', NULL, 'medan', NULL, 1, 2, 0, '2020-04-26 11:22:55', '2020-04-26 11:22:55'),
(35, '5ea61ed0', '3fd1acec6867cc2e95bcb16a6d9a2e72', '56e72cfeae11', ' ', NULL, NULL, NULL, NULL, NULL, 1, 2, 0, '2020-04-26 11:52:48', '2020-04-26 11:52:48'),
(36, 'hanifsalafi5ea6227e', '010284868b1d91e18268f88c560a9e9c', 'b72350b86aee', 'hanif salafi', 'hanfias@gmail.com', '98075654867', NULL, 'medanASD', NULL, 1, 2, 0, '2020-04-26 12:08:30', '2020-04-26 12:08:30'),
(37, 'hanifsalafi5ea62301', 'd1aacb0a7531284d99e9447744db330f', 'c3bde13d2170', 'hanif salafi', 'hanfi@gmail.com', '23123123', NULL, 'medan', NULL, 1, 2, 0, '2020-04-26 12:10:41', '2020-04-26 12:10:41'),
(38, 'hanifsalafi5ea623a9', 'fe5694a6cf3bdf47270e6d03145b2082', '7c4691f1eabe', 'hanif salafi', 'hanifsalafi@gmail.com', '97958676', NULL, 'medan', NULL, 1, 2, 0, '2020-04-26 12:13:29', '2020-04-26 12:13:29'),
(39, 'admin_web', '21232f297a57a5a743894a0e4a801fc3', '', 'admin web', 'adminweb@gmail.com', '082369433456', NULL, 'medan', '', 1, 1, 0, '2020-04-27 17:40:29', '2020-04-27 17:40:29'),
(41, '_5eaa3a82', 'b6d192301bf17ad9d4eef06514bab123', 'cea3c48c432f', ' ', '', '', NULL, '', NULL, 1, 2, 0, '2020-04-29 14:40:02', '2020-04-29 14:40:02'),
(42, 'hanifsalafi_5eaa3ab5', '925d74964b40c4840f1e8b07c0ee4a7b', 'a2ed957013bf', 'hanif salafi', 'hanifsalafi456@gmail.com', '0823693433456', NULL, 'Medan Binjai', NULL, 1, 2, 0, '2020-04-29 14:40:53', '2020-04-29 14:40:53'),
(43, 'almiraichasalafi_5eab4e52', '991bcc29c05f7d7a1e418be6deac70b6', '15f4c0dcef22', 'almira icha salafi', 'hanifsalafi@gmail.com', '08236943', NULL, 'Johorrrrrr', NULL, 1, 2, 0, '2020-04-30 10:16:50', '2020-04-30 10:16:50'),
(44, 'almiraichasalafi_5eab4ecc', '1e18357dec37572bcc950bc03e5e2d58', 'ffbf82982b23', 'almira icha salafi', 'hanifsalafi456@gmail.com', '082369433456', NULL, 'Johorrrrrrrrr', NULL, 0, 2, 0, '2020-04-30 10:18:52', '2020-04-30 10:18:52'),
(45, 'almirasalafi_5eab4f83', '6bb79db1991fd7e17fec4b4674c982eb', 'a2ce44f2417a', 'almira salafi', 'hanifsalafi456@gmail.com', '08976521412412', NULL, 'medan', NULL, 0, 2, 0, '2020-04-30 10:21:55', '2020-04-30 10:21:55'),
(46, 'almiraicha_5eab4f9e', '609f5298eab4e38e30ab751a16d9b446', '3d2038b4cf5d', 'almira icha', 'hanifsalafi456@gmail.com', '08976521412412', NULL, 'medan', NULL, 0, 2, 0, '2020-04-30 10:22:22', '2020-04-30 10:22:22'),
(47, 'almiraicha_5eab4ff5', 'a2469738605b408c0411a2cc70225842', '79d39638296f', 'almira icha', 'hanifsalafi@gmail.com', '082323232', NULL, 'medan johorrrr', NULL, 0, 2, 0, '2020-04-30 10:23:49', '2020-04-30 10:23:49'),
(48, 'hanifsalafi', '827ccb0eea8a706c4c34a16891f84e7b', '', 'hanif salafi', 'hanifsalafi@gmail.com', '213213123', NULL, 'Bandung', NULL, 0, 2, 0, '2020-05-02 16:52:17', '2020-05-03 07:14:01'),
(49, 'testtea', '21232f297a57a5a743894a0e4a801fc3', '', 'testeee', 'andisa@gmail.com', NULL, NULL, NULL, NULL, 0, 2, 0, '2020-05-02 16:54:08', '2020-05-02 16:54:08'),
(61, 'hanifsalafissss', 'd41d8cd98f00b204e9800998ecf8427e', '', 'hanifs', 'hanf2@gmail.com', NULL, NULL, NULL, NULL, 0, 2, 0, '2020-05-03 05:10:10', '2020-05-03 05:10:10'),
(62, 'almirahanif', '21232f297a57a5a743894a0e4a801fc3', '', 'hanifsalafi', 'hanif@gmail.com', NULL, NULL, NULL, NULL, 0, 1, 0, '2020-05-03 05:15:24', '2020-05-03 05:15:24'),
(63, 'hanifs', '21232f297a57a5a743894a0e4a801fc3', '', 'hanifsalafi', 'hanif@gmail.com', NULL, NULL, NULL, NULL, 0, 2, 0, '2020-05-03 05:23:54', '2020-05-03 05:23:54'),
(64, 'salafi', 'ff986c0cc3267624cbe3bf97aa5dc2e3', '', 'salafi', 'salafi@gmail.com', '082369434343', NULL, 'EMdan Johor', NULL, 0, 2, 0, '2020-05-03 08:34:35', '2020-05-03 08:35:00'),
(65, 'almiraichaa', '21232f297a57a5a743894a0e4a801fc3', '', 'almira ichaa', 'almiraichaa@gmail.com', '0823972453', NULL, 'Medan Johor', NULL, 0, 2, 0, '2020-05-03 09:01:11', '2020-05-03 09:01:45'),
(66, 'almiraicha', '480a515799f78099f1bf6835b5c2c3ac', '', 'almira icha salafi', 'almiraicha@gmail.com', '082181715136', NULL, 'Jakarta Barat', NULL, 0, 2, 0, '2020-05-03 09:15:57', '2020-05-03 09:16:32'),
(67, 'hanifsalafianindy_5ebce10e', '9eacf960c991910aa855ee3f3760132e', '6e8774287868', 'hanif salafi anindy', 'hanifsalafi456@gmail.com', '0982093768123', NULL, 'Bandungg gan', NULL, 0, 2, 0, '2020-05-14 06:11:26', '2020-05-14 06:11:26'),
(68, 'hanifsalafiiiiianindy_5ebce1de', 'd1b9fee2b4a5a770c3188c541a6c916b', 'c4528be6bdcd', 'hanif salafiiiii anindy', 'hanifsalafi@gmail.com', '987687621312', NULL, 'bandung', NULL, 0, 2, 0, '2020-05-14 06:14:54', '2020-05-14 06:14:54'),
(69, 'user1', '24c9e15e52afc47c225b757e7bee1f9d', '', 'user mania', 'user@gmail.com', '089768655578', NULL, 'bandung', NULL, 0, 2, 0, '2020-05-14 08:20:33', '2020-05-14 10:27:12'),
(70, 'salafihanif', '27cb3ed05ef8687d3cb8af8564f35ae1', '', 'salafihanif', 'hanifsalafi456@gmail.com', '082369433456', NULL, 'Medan Johor Eka Surya', NULL, 0, 2, 0, '2020-05-14 10:33:49', '2020-05-14 10:34:52'),
(71, 'Iburita_5ebf5426', '4c6838b5a8f1fda5efa52780209228b0', 'd6d1250f694e', 'Ibu rita', 'ritalalalal@gmail.com', '082369433456', NULL, 'Rumah aku', NULL, 0, 2, 0, '2020-05-16 02:47:02', '2020-05-16 02:47:02'),
(72, 'Sayurnesia_5ec35763', '493f671bc893260f7812d4981ae32477', '9eca86277119', 'Sayurnesia', 'sayurnesia.id@gmail.com', '085261914563', NULL, 'Jln. Sidodadi Perum. Taman Johor Mas C15, Medan Johor', NULL, 0, 2, 0, '2020-05-19 03:49:55', '2020-05-19 03:49:55'),
(73, 'sayurnesia_5ec35a07', '91b2ac226caab408f5b4cd818c901d97', '6880b4a9a1e8', 'sayurnesia', 'sayurnesia.id@gmail.com', '082369433333', NULL, 'Jln. Sidodadi Perum. TJM C-15, Medan Johor', NULL, 0, 2, 0, '2020-05-19 04:01:11', '2020-05-19 04:01:11'),
(74, 'azzahraaulia_5eec4b0c', 'a4d4846d5f016dd8278c275d344f5557', 'c85c378db1b3', 'azzahra aulia', 'adindarmdhii23@gmail.com', '081326955121', NULL, 'jalan binjai gg mesjid', NULL, 0, 2, 0, '2020-06-19 05:20:12', '2020-06-19 05:24:15'),
(75, 'AdindaRamadhani_5eec59fa', '6bae8f5c4b1ffd186f22bc09a68bd5e9', '11152ac72a5a', 'Adinda Ramadhani', 'adindarmdhii23@gmail.com', '081326955121', NULL, 'jl binjai km 10,5', NULL, 0, 2, 0, '2020-06-19 06:23:54', '2020-06-19 06:50:55'),
(76, 'HanifSalafi_5eec5c4f', '330e38a6753aadacaaf860663fe1eafa', 'fa5fe7b8cd8d', 'Hanif Salafi', 'hanifsalafi456@gmail.com', '082369433456', NULL, 'Medan', NULL, 0, 2, 0, '2020-06-19 06:33:51', '2020-06-19 06:33:51'),
(77, 'hansal', '827ccb0eea8a706c4c34a16891f84e7b', '', 'Hansal', 'hanifsalafi456@gmail.com', NULL, NULL, NULL, NULL, 0, 2, 0, '2020-07-23 16:21:59', '2020-07-23 16:21:59'),
(78, 'giojustisia', '26c834d3f4fea0cf6483ddba7dcc56f2', '', 'Gio Jutsisia Batubara', 'giojustisia@gmail.com', NULL, NULL, NULL, NULL, 0, 2, 0, '2020-07-26 17:04:44', '2020-07-26 17:04:44');

-- --------------------------------------------------------

--
-- Struktur dari tabel `user_status`
--

CREATE TABLE `user_status` (
  `id` int(11) NOT NULL,
  `status` varchar(255) DEFAULT NULL
) ENGINE=InnoDB DEFAULT CHARSET=latin1;

--
-- Dumping data untuk tabel `user_status`
--

INSERT INTO `user_status` (`id`, `status`) VALUES
(1, 'Belum mengajukan verifikasi'),
(2, 'Sudah pengajuan verifikasi'),
(3, 'Sudah diapprove');

--
-- Indexes for dumped tables
--

--
-- Indeks untuk tabel `account_bank`
--
ALTER TABLE `account_bank`
  ADD PRIMARY KEY (`id`);

--
-- Indeks untuk tabel `address`
--
ALTER TABLE `address`
  ADD PRIMARY KEY (`id`) USING BTREE;

--
-- Indeks untuk tabel `catering_buyer`
--
ALTER TABLE `catering_buyer`
  ADD PRIMARY KEY (`id`);

--
-- Indeks untuk tabel `catering_order_batch`
--
ALTER TABLE `catering_order_batch`
  ADD PRIMARY KEY (`id`);

--
-- Indeks untuk tabel `catering_order_detail`
--
ALTER TABLE `catering_order_detail`
  ADD PRIMARY KEY (`id`);

--
-- Indeks untuk tabel `catering_order_item`
--
ALTER TABLE `catering_order_item`
  ADD PRIMARY KEY (`id`);

--
-- Indeks untuk tabel `catering_package`
--
ALTER TABLE `catering_package`
  ADD PRIMARY KEY (`id`);

--
-- Indeks untuk tabel `day`
--
ALTER TABLE `day`
  ADD PRIMARY KEY (`id`);

--
-- Indeks untuk tabel `delivery_data`
--
ALTER TABLE `delivery_data`
  ADD PRIMARY KEY (`id`);

--
-- Indeks untuk tabel `delivery_point`
--
ALTER TABLE `delivery_point`
  ADD PRIMARY KEY (`id`);

--
-- Indeks untuk tabel `driver_record`
--
ALTER TABLE `driver_record`
  ADD PRIMARY KEY (`id`);

--
-- Indeks untuk tabel `ingredients_category`
--
ALTER TABLE `ingredients_category`
  ADD PRIMARY KEY (`id`);

--
-- Indeks untuk tabel `ingredients_data`
--
ALTER TABLE `ingredients_data`
  ADD PRIMARY KEY (`id`),
  ADD UNIQUE KEY `code` (`code`);

--
-- Indeks untuk tabel `ingredients_unit`
--
ALTER TABLE `ingredients_unit`
  ADD PRIMARY KEY (`id`);

--
-- Indeks untuk tabel `in_stock`
--
ALTER TABLE `in_stock`
  ADD PRIMARY KEY (`id`);

--
-- Indeks untuk tabel `menu`
--
ALTER TABLE `menu`
  ADD PRIMARY KEY (`id`);

--
-- Indeks untuk tabel `menu_category`
--
ALTER TABLE `menu_category`
  ADD PRIMARY KEY (`id`);

--
-- Indeks untuk tabel `out_stock`
--
ALTER TABLE `out_stock`
  ADD PRIMARY KEY (`id`);

--
-- Indeks untuk tabel `payment_type`
--
ALTER TABLE `payment_type`
  ADD PRIMARY KEY (`id`);

--
-- Indeks untuk tabel `reason_out_stock`
--
ALTER TABLE `reason_out_stock`
  ADD PRIMARY KEY (`id`);

--
-- Indeks untuk tabel `role`
--
ALTER TABLE `role`
  ADD PRIMARY KEY (`id`);

--
-- Indeks untuk tabel `shopping_list`
--
ALTER TABLE `shopping_list`
  ADD PRIMARY KEY (`id`),
  ADD UNIQUE KEY `number_reference` (`number_reference`);

--
-- Indeks untuk tabel `shopping_list_item`
--
ALTER TABLE `shopping_list_item`
  ADD PRIMARY KEY (`id`);

--
-- Indeks untuk tabel `shopping_plan`
--
ALTER TABLE `shopping_plan`
  ADD PRIMARY KEY (`id`);

--
-- Indeks untuk tabel `shopping_plan_list`
--
ALTER TABLE `shopping_plan_list`
  ADD PRIMARY KEY (`id`);

--
-- Indeks untuk tabel `user`
--
ALTER TABLE `user`
  ADD PRIMARY KEY (`id`),
  ADD UNIQUE KEY `username` (`username`),
  ADD KEY `fkey_user_role_id` (`role_id`);

--
-- Indeks untuk tabel `user_status`
--
ALTER TABLE `user_status`
  ADD PRIMARY KEY (`id`);

--
-- AUTO_INCREMENT untuk tabel yang dibuang
--

--
-- AUTO_INCREMENT untuk tabel `account_bank`
--
ALTER TABLE `account_bank`
  MODIFY `id` int(11) NOT NULL AUTO_INCREMENT, AUTO_INCREMENT=4;

--
-- AUTO_INCREMENT untuk tabel `address`
--
ALTER TABLE `address`
  MODIFY `id` int(11) NOT NULL AUTO_INCREMENT;

--
-- AUTO_INCREMENT untuk tabel `catering_buyer`
--
ALTER TABLE `catering_buyer`
  MODIFY `id` int(11) NOT NULL AUTO_INCREMENT, AUTO_INCREMENT=383;

--
-- AUTO_INCREMENT untuk tabel `catering_order_batch`
--
ALTER TABLE `catering_order_batch`
  MODIFY `id` int(11) NOT NULL AUTO_INCREMENT, AUTO_INCREMENT=17;

--
-- AUTO_INCREMENT untuk tabel `catering_order_detail`
--
ALTER TABLE `catering_order_detail`
  MODIFY `id` int(11) NOT NULL AUTO_INCREMENT, AUTO_INCREMENT=1532;

--
-- AUTO_INCREMENT untuk tabel `catering_order_item`
--
ALTER TABLE `catering_order_item`
  MODIFY `id` int(11) NOT NULL AUTO_INCREMENT, AUTO_INCREMENT=1526;

--
-- AUTO_INCREMENT untuk tabel `catering_package`
--
ALTER TABLE `catering_package`
  MODIFY `id` int(11) NOT NULL AUTO_INCREMENT, AUTO_INCREMENT=7;

--
-- AUTO_INCREMENT untuk tabel `day`
--
ALTER TABLE `day`
  MODIFY `id` int(11) NOT NULL AUTO_INCREMENT, AUTO_INCREMENT=6;

--
-- AUTO_INCREMENT untuk tabel `delivery_data`
--
ALTER TABLE `delivery_data`
  MODIFY `id` int(11) NOT NULL AUTO_INCREMENT, AUTO_INCREMENT=253;

--
-- AUTO_INCREMENT untuk tabel `delivery_point`
--
ALTER TABLE `delivery_point`
  MODIFY `id` int(11) NOT NULL AUTO_INCREMENT, AUTO_INCREMENT=1145;

--
-- AUTO_INCREMENT untuk tabel `driver_record`
--
ALTER TABLE `driver_record`
  MODIFY `id` int(11) NOT NULL AUTO_INCREMENT, AUTO_INCREMENT=62;

--
-- AUTO_INCREMENT untuk tabel `ingredients_category`
--
ALTER TABLE `ingredients_category`
  MODIFY `id` int(11) NOT NULL AUTO_INCREMENT, AUTO_INCREMENT=6;

--
-- AUTO_INCREMENT untuk tabel `ingredients_data`
--
ALTER TABLE `ingredients_data`
  MODIFY `id` int(11) NOT NULL AUTO_INCREMENT, AUTO_INCREMENT=125;

--
-- AUTO_INCREMENT untuk tabel `ingredients_unit`
--
ALTER TABLE `ingredients_unit`
  MODIFY `id` int(11) NOT NULL AUTO_INCREMENT, AUTO_INCREMENT=14;

--
-- AUTO_INCREMENT untuk tabel `in_stock`
--
ALTER TABLE `in_stock`
  MODIFY `id` int(11) NOT NULL AUTO_INCREMENT, AUTO_INCREMENT=226;

--
-- AUTO_INCREMENT untuk tabel `menu`
--
ALTER TABLE `menu`
  MODIFY `id` int(11) NOT NULL AUTO_INCREMENT, AUTO_INCREMENT=164;

--
-- AUTO_INCREMENT untuk tabel `menu_category`
--
ALTER TABLE `menu_category`
  MODIFY `id` int(11) NOT NULL AUTO_INCREMENT, AUTO_INCREMENT=3;

--
-- AUTO_INCREMENT untuk tabel `out_stock`
--
ALTER TABLE `out_stock`
  MODIFY `id` int(11) NOT NULL AUTO_INCREMENT, AUTO_INCREMENT=261;

--
-- AUTO_INCREMENT untuk tabel `payment_type`
--
ALTER TABLE `payment_type`
  MODIFY `id` int(11) NOT NULL AUTO_INCREMENT, AUTO_INCREMENT=3;

--
-- AUTO_INCREMENT untuk tabel `reason_out_stock`
--
ALTER TABLE `reason_out_stock`
  MODIFY `id` int(11) NOT NULL AUTO_INCREMENT, AUTO_INCREMENT=5;

--
-- AUTO_INCREMENT untuk tabel `role`
--
ALTER TABLE `role`
  MODIFY `id` int(11) NOT NULL AUTO_INCREMENT, AUTO_INCREMENT=4;

--
-- AUTO_INCREMENT untuk tabel `shopping_list`
--
ALTER TABLE `shopping_list`
  MODIFY `id` int(11) NOT NULL AUTO_INCREMENT, AUTO_INCREMENT=27;

--
-- AUTO_INCREMENT untuk tabel `shopping_list_item`
--
ALTER TABLE `shopping_list_item`
  MODIFY `id` int(11) NOT NULL AUTO_INCREMENT, AUTO_INCREMENT=488;

--
-- AUTO_INCREMENT untuk tabel `shopping_plan`
--
ALTER TABLE `shopping_plan`
  MODIFY `id` int(11) NOT NULL AUTO_INCREMENT, AUTO_INCREMENT=28;

--
-- AUTO_INCREMENT untuk tabel `shopping_plan_list`
--
ALTER TABLE `shopping_plan_list`
  MODIFY `id` int(11) NOT NULL AUTO_INCREMENT, AUTO_INCREMENT=368;

--
-- AUTO_INCREMENT untuk tabel `user`
--
ALTER TABLE `user`
  MODIFY `id` int(11) NOT NULL AUTO_INCREMENT, AUTO_INCREMENT=79;

--
-- Ketidakleluasaan untuk tabel pelimpahan (Dumped Tables)
--

--
-- Ketidakleluasaan untuk tabel `user`
--
ALTER TABLE `user`
  ADD CONSTRAINT `fkey_user_role_id` FOREIGN KEY (`role_id`) REFERENCES `role` (`id`);
COMMIT;

/*!40101 SET CHARACTER_SET_CLIENT=@OLD_CHARACTER_SET_CLIENT */;
/*!40101 SET CHARACTER_SET_RESULTS=@OLD_CHARACTER_SET_RESULTS */;
/*!40101 SET COLLATION_CONNECTION=@OLD_COLLATION_CONNECTION */;
